-- Adminer 4.7.8 MySQL dump

SET NAMES utf8;
SET time_zone = '+00:00';
SET foreign_key_checks = 0;
SET sql_mode = 'NO_AUTO_VALUE_ON_ZERO';

SET NAMES utf8mb4;

DROP TABLE IF EXISTS `age_ranges`;
CREATE TABLE `age_ranges` (
  `id` bigint(20) unsigned NOT NULL AUTO_INCREMENT,
  `min_age_range` varchar(200) DEFAULT NULL,
  `max_age_range` varchar(200) DEFAULT NULL,
  `age_range` varchar(255) DEFAULT NULL,
  `status` enum('active','inactive','deleted') NOT NULL DEFAULT 'active',
  `created_by` bigint(20) unsigned NOT NULL,
  `updated_by` bigint(20) unsigned NOT NULL,
  `created_at` datetime NOT NULL,
  `updated_at` datetime NOT NULL,
  PRIMARY KEY (`id`)
) ENGINE=InnoDB AUTO_INCREMENT=5 DEFAULT CHARSET=utf8mb4 COLLATE=utf8mb4_general_ci;

INSERT INTO `age_ranges` (`id`, `min_age_range`, `max_age_range`, `age_range`, `status`, `created_by`, `updated_by`, `created_at`, `updated_at`) VALUES
(1,	'18',	'50',	NULL,	'active',	69,	69,	'2024-05-27 05:13:01',	'2024-05-27 05:13:01'),
(2,	'2',	'10',	NULL,	'inactive',	71,	71,	'2024-05-28 04:59:49',	'2024-07-02 11:23:21'),
(3,	'1',	'7',	NULL,	'active',	71,	71,	'2024-05-28 09:51:36',	'2024-05-28 09:51:36'),
(4,	'14',	'15',	NULL,	'active',	71,	71,	'2024-07-01 07:06:23',	'2024-07-01 07:06:23');

DROP TABLE IF EXISTS `athletes`;
CREATE TABLE `athletes` (
  `id` bigint(20) unsigned NOT NULL AUTO_INCREMENT,
  `name` varchar(255) DEFAULT NULL,
  `status` enum('active','inactive','deleted') NOT NULL DEFAULT 'active',
  `created_by` bigint(20) unsigned DEFAULT NULL,
  `updated_by` bigint(20) unsigned DEFAULT NULL,
  `created_at` datetime DEFAULT NULL,
  `updated_at` datetime DEFAULT NULL,
  PRIMARY KEY (`id`)
) ENGINE=InnoDB AUTO_INCREMENT=5 DEFAULT CHARSET=utf8mb4 COLLATE=utf8mb4_general_ci;

INSERT INTO `athletes` (`id`, `name`, `status`, `created_by`, `updated_by`, `created_at`, `updated_at`) VALUES
(1,	'test',	'active',	69,	69,	'2024-05-27 05:15:06',	'2024-05-27 05:15:06'),
(2,	'Mitchel',	'active',	2,	2,	'2024-05-27 09:49:53',	'2024-05-27 09:49:53'),
(3,	'testt',	'active',	71,	71,	'2024-05-30 07:05:47',	'2024-05-30 07:05:47'),
(4,	'Robert',	'active',	100,	100,	'2024-07-04 06:36:11',	'2024-07-04 06:36:11');

DROP TABLE IF EXISTS `baseball_games`;
CREATE TABLE `baseball_games` (
  `id` bigint(20) unsigned NOT NULL AUTO_INCREMENT,
  `date` date DEFAULT NULL,
  `game_name` varchar(255) DEFAULT NULL,
  `p_pitches` int(11) NOT NULL DEFAULT 0,
  `p_strikes` int(11) NOT NULL DEFAULT 0,
  `p_balls` int(11) NOT NULL DEFAULT 0,
  `p_innings` int(11) NOT NULL DEFAULT 0,
  `p_hits` int(11) NOT NULL DEFAULT 0,
  `p_runs` int(11) NOT NULL DEFAULT 0,
  `p_walks` int(11) NOT NULL DEFAULT 0,
  `p_hbp` int(11) NOT NULL DEFAULT 0,
  `h_plate_attempts` int(11) NOT NULL DEFAULT 0,
  `h_hits` int(11) DEFAULT 0,
  `h_walks` int(11) NOT NULL DEFAULT 0,
  `h_rbi` int(11) NOT NULL DEFAULT 0,
  `f_number_of_attempts` int(11) NOT NULL DEFAULT 0,
  `f_errors` int(11) NOT NULL DEFAULT 0,
  `f_outs_made` int(11) NOT NULL DEFAULT 0,
  `status` enum('active','inactive','deleted') NOT NULL DEFAULT 'active',
  `created_by` bigint(20) unsigned NOT NULL,
  `updated_by` bigint(20) unsigned NOT NULL,
  `created_at` datetime NOT NULL,
  `updated_at` datetime NOT NULL,
  PRIMARY KEY (`id`)
) ENGINE=InnoDB AUTO_INCREMENT=3 DEFAULT CHARSET=utf8mb4 COLLATE=utf8mb4_general_ci;

INSERT INTO `baseball_games` (`id`, `date`, `game_name`, `p_pitches`, `p_strikes`, `p_balls`, `p_innings`, `p_hits`, `p_runs`, `p_walks`, `p_hbp`, `h_plate_attempts`, `h_hits`, `h_walks`, `h_rbi`, `f_number_of_attempts`, `f_errors`, `f_outs_made`, `status`, `created_by`, `updated_by`, `created_at`, `updated_at`) VALUES
(1,	'2024-06-28',	NULL,	54,	45,	3,	23,	32,	32,	32,	23,	32,	32,	4,	5,	54,	6,	4,	'active',	1,	1,	'2024-06-28 11:42:35',	'2024-06-28 11:42:35'),
(2,	'2024-06-28',	NULL,	3,	3,	3,	3,	3,	3,	3,	3,	3,	3,	3,	3,	3,	33,	3,	'active',	1,	1,	'2024-06-28 12:14:23',	'2024-06-28 12:14:23');

DROP TABLE IF EXISTS `baseball_practices`;
CREATE TABLE `baseball_practices` (
  `id` bigint(20) unsigned NOT NULL AUTO_INCREMENT,
  `date` date DEFAULT NULL,
  `game_name` varchar(255) DEFAULT NULL,
  `p_pitches` int(11) NOT NULL DEFAULT 0,
  `p_strikes` int(11) NOT NULL DEFAULT 0,
  `p_balls` int(11) NOT NULL DEFAULT 0,
  `p_pitching_session` enum('live-pitching','bullpen') DEFAULT NULL,
  `p_fastball_speed` int(11) NOT NULL DEFAULT 0,
  `p_changeup_speed` int(11) NOT NULL DEFAULT 0,
  `p_curveball_speed` int(11) NOT NULL DEFAULT 0,
  `p_pt_curveball` varchar(255) DEFAULT NULL,
  `p_pt_fastball` varchar(255) DEFAULT NULL,
  `p_pt_changeup` varchar(255) DEFAULT NULL,
  `p_pt_other_pitch` varchar(255) DEFAULT NULL,
  `h_number_of_swings` int(11) NOT NULL DEFAULT 0,
  `h_hitting_type` enum('dry-swings','tee-work','soft-toss','live-pitching','pitching-machine') DEFAULT NULL,
  `h_bat_speed` int(11) NOT NULL DEFAULT 0,
  `f_number_of_ground_balls` int(11) NOT NULL DEFAULT 0,
  `f_number_of_fly_balls` int(11) NOT NULL DEFAULT 0,
  `status` enum('active','inactive','deleted') NOT NULL DEFAULT 'active',
  `created_by` bigint(20) unsigned NOT NULL,
  `updated_by` bigint(20) unsigned NOT NULL,
  `created_at` datetime NOT NULL,
  `updated_at` datetime NOT NULL,
  PRIMARY KEY (`id`)
) ENGINE=InnoDB AUTO_INCREMENT=3 DEFAULT CHARSET=utf8mb4 COLLATE=utf8mb4_general_ci;

INSERT INTO `baseball_practices` (`id`, `date`, `game_name`, `p_pitches`, `p_strikes`, `p_balls`, `p_pitching_session`, `p_fastball_speed`, `p_changeup_speed`, `p_curveball_speed`, `p_pt_curveball`, `p_pt_fastball`, `p_pt_changeup`, `p_pt_other_pitch`, `h_number_of_swings`, `h_hitting_type`, `h_bat_speed`, `f_number_of_ground_balls`, `f_number_of_fly_balls`, `status`, `created_by`, `updated_by`, `created_at`, `updated_at`) VALUES
(1,	'2024-06-26',	'Baseball updated',	24,	23,	20,	'live-pitching',	23,	23,	21,	'23',	'22',	'20',	NULL,	23,	'tee-work',	23,	23,	23,	'active',	1,	1,	'2024-06-26 08:26:21',	'2024-06-26 08:26:41'),
(2,	'2024-06-28',	'1',	2,	2,	2,	'bullpen',	2,	2,	2,	'2',	'2',	'2',	'1',	2,	'live-pitching',	2,	2,	2,	'inactive',	1,	1,	'2024-06-28 11:32:13',	'2024-06-28 11:32:25');

DROP TABLE IF EXISTS `broadcasts`;
CREATE TABLE `broadcasts` (
  `id` bigint(20) unsigned NOT NULL AUTO_INCREMENT,
  `title` varchar(255) DEFAULT NULL,
  `message` text DEFAULT NULL,
  `type` enum('now','scheduled') DEFAULT NULL,
  `scheduled_date` date DEFAULT NULL,
  `scheduled_time` time DEFAULT NULL,
  `send_type` varchar(255) DEFAULT NULL,
  `users_status` varchar(255) DEFAULT NULL,
  `user_types` varchar(255) DEFAULT NULL,
  `signed_up_last_thirty_days` tinyint(4) NOT NULL DEFAULT 0,
  `last_login_between` tinyint(4) DEFAULT 0,
  `last_login_from_date` date DEFAULT NULL,
  `last_login_to_date` date DEFAULT NULL,
  `is_notification_sent` tinyint(4) NOT NULL DEFAULT 0,
  `timezone` varchar(255) DEFAULT NULL,
  `status` enum('active','inactive','deleted') NOT NULL DEFAULT 'active',
  `created_by` bigint(20) unsigned DEFAULT NULL,
  `updated_by` bigint(20) unsigned DEFAULT NULL,
  `created_at` datetime DEFAULT NULL,
  `updated_at` datetime DEFAULT NULL,
  PRIMARY KEY (`id`)
) ENGINE=InnoDB AUTO_INCREMENT=8 DEFAULT CHARSET=utf8mb4 COLLATE=utf8mb4_general_ci;

INSERT INTO `broadcasts` (`id`, `title`, `message`, `type`, `scheduled_date`, `scheduled_time`, `send_type`, `users_status`, `user_types`, `signed_up_last_thirty_days`, `last_login_between`, `last_login_from_date`, `last_login_to_date`, `is_notification_sent`, `timezone`, `status`, `created_by`, `updated_by`, `created_at`, `updated_at`) VALUES
(1,	'Test',	'<p>Test</p>',	'scheduled',	'2024-06-04',	'12:00:00',	'alert',	'inactive',	'coach',	0,	0,	NULL,	NULL,	0,	'Central Time (US, Canada)',	'active',	76,	76,	'2024-06-04 13:33:40',	'2024-06-04 13:33:40'),
(2,	'test',	'<p>test</p>',	'scheduled',	'2024-06-05',	'12:00:00',	'alert',	'active',	'parent',	0,	0,	NULL,	NULL,	0,	'Central Time (US, Canada)',	'active',	71,	71,	'2024-06-05 09:27:45',	'2024-06-05 09:27:45'),
(3,	'test',	'<p>test</p>',	'scheduled',	'2024-06-05',	'12:00:00',	'email',	'inactive',	'admin',	0,	0,	NULL,	NULL,	0,	'Central Time (US, Canada)',	'active',	71,	71,	'2024-06-05 13:03:53',	'2024-06-07 09:54:33'),
(4,	'test',	'<p>test</p>',	'scheduled',	'2024-06-06',	'12:00:00',	'alert',	'active',	'admin',	0,	0,	NULL,	NULL,	0,	'Central Time (US, Canada)',	'deleted',	71,	71,	'2024-06-05 13:04:30',	'2024-06-05 13:09:30'),
(5,	'test',	'<p>test</p>',	'scheduled',	'2024-06-07',	'12:00:00',	'alert, email',	'inactive',	'admin',	1,	0,	NULL,	NULL,	0,	'Central Time (US, Canada)',	'deleted',	71,	71,	'2024-06-05 13:09:16',	'2024-06-05 13:09:25'),
(6,	'sdfgh',	'<p>dfghnj</p>',	'now',	NULL,	NULL,	'alert, email',	'active',	'admin',	0,	0,	NULL,	NULL,	1,	NULL,	'active',	1,	1,	'2024-06-13 08:27:42',	'2024-06-13 08:27:42'),
(7,	'dcfvgh',	'<p>dfgbhngf</p>',	'now',	NULL,	NULL,	'alert, email',	'active',	'admin',	0,	0,	NULL,	NULL,	1,	NULL,	'active',	1,	1,	'2024-06-13 08:28:14',	'2024-06-13 08:28:14');

DROP TABLE IF EXISTS `categories`;
CREATE TABLE `categories` (
  `id` bigint(20) unsigned NOT NULL AUTO_INCREMENT,
  `name` varchar(255) NOT NULL,
  `type` enum('recipe','message','getting-started') DEFAULT NULL,
  `status` enum('active','inactive','deleted') NOT NULL DEFAULT 'active',
  `created_by` bigint(20) unsigned DEFAULT NULL,
  `updated_by` bigint(20) unsigned DEFAULT NULL,
  `created_at` timestamp NULL DEFAULT NULL,
  `updated_at` timestamp NULL DEFAULT NULL,
  PRIMARY KEY (`id`)
) ENGINE=InnoDB AUTO_INCREMENT=9 DEFAULT CHARSET=utf8mb4 COLLATE=utf8mb4_unicode_ci;

INSERT INTO `categories` (`id`, `name`, `type`, `status`, `created_by`, `updated_by`, `created_at`, `updated_at`) VALUES
(1,	'Test',	'message',	'active',	1,	1,	'2024-05-27 05:59:53',	'2024-05-27 05:59:53'),
(2,	'Testing 2',	'message',	'active',	1,	1,	'2024-05-29 07:19:00',	'2024-05-29 07:19:00'),
(3,	'test',	'recipe',	'active',	76,	76,	'2024-06-04 13:37:00',	'2024-06-04 13:37:14'),
(4,	'https://staging.turbochargedathletics.com/athlete/category/addhttps://staging.turbochargedathletics.com/athlete/category/add',	'recipe',	'deleted',	76,	76,	'2024-06-04 13:37:33',	'2024-06-04 13:37:42'),
(5,	'TESTING-USES',	'recipe',	'active',	71,	71,	'2024-06-05 06:14:52',	'2024-06-05 06:15:22'),
(6,	'Pooko',	'getting-started',	'deleted',	1,	1,	'2024-06-20 14:08:36',	'2024-06-20 14:08:47'),
(7,	'Pooko',	'getting-started',	'active',	1,	1,	'2024-06-20 14:10:15',	'2024-06-20 14:10:15'),
(8,	'dee 1',	'getting-started',	'active',	1,	1,	'2024-06-20 14:12:16',	'2024-06-20 14:12:45');

DROP TABLE IF EXISTS `default_profile_pictures`;
CREATE TABLE `default_profile_pictures` (
  `id` bigint(20) unsigned NOT NULL AUTO_INCREMENT,
  `media_id` bigint(20) unsigned DEFAULT NULL,
  `status` enum('active','inactive','deleted') NOT NULL DEFAULT 'active',
  `created_by` bigint(20) unsigned DEFAULT NULL,
  `updated_by` bigint(20) unsigned DEFAULT NULL,
  `created_at` datetime DEFAULT NULL,
  `updated_at` datetime DEFAULT NULL,
  PRIMARY KEY (`id`)
) ENGINE=InnoDB AUTO_INCREMENT=5 DEFAULT CHARSET=utf8mb4 COLLATE=utf8mb4_general_ci;

INSERT INTO `default_profile_pictures` (`id`, `media_id`, `status`, `created_by`, `updated_by`, `created_at`, `updated_at`) VALUES
(1,	9,	'active',	1,	1,	'2024-05-28 12:56:26',	'2024-05-28 12:56:26'),
(2,	19,	'active',	71,	71,	'2024-06-05 11:36:26',	'2024-06-05 11:36:26'),
(3,	44,	'active',	1,	1,	'2024-06-17 06:26:34',	'2024-06-17 06:26:34'),
(4,	45,	'active',	1,	1,	'2024-06-17 06:27:25',	'2024-06-17 06:27:25');

DROP TABLE IF EXISTS `difficulties`;
CREATE TABLE `difficulties` (
  `id` bigint(20) unsigned NOT NULL AUTO_INCREMENT,
  `name` varchar(255) NOT NULL,
  `status` enum('active','inactive','deleted','') NOT NULL DEFAULT 'active',
  `created_by` int(12) unsigned NOT NULL,
  `updated_by` int(12) unsigned NOT NULL,
  `created_at` timestamp NOT NULL DEFAULT current_timestamp(),
  `updated_at` timestamp NOT NULL DEFAULT current_timestamp(),
  PRIMARY KEY (`id`)
) ENGINE=InnoDB AUTO_INCREMENT=19 DEFAULT CHARSET=utf8mb4 COLLATE=utf8mb4_general_ci;

INSERT INTO `difficulties` (`id`, `name`, `status`, `created_by`, `updated_by`, `created_at`, `updated_at`) VALUES
(6,	'Advance',	'active',	1,	1,	'2024-06-11 22:58:06',	'2024-06-11 22:58:06'),
(7,	'Intermediate',	'deleted',	1,	1,	'2024-06-11 23:43:03',	'2024-06-12 09:25:39'),
(8,	'Beginner',	'deleted',	1,	1,	'2024-06-11 23:43:09',	'2024-06-19 01:54:54'),
(9,	'Advance',	'active',	1,	1,	'2024-06-11 23:43:16',	'2024-06-11 23:43:16'),
(10,	'Beginner',	'active',	1,	1,	'2024-06-11 23:43:23',	'2024-06-11 23:43:23'),
(11,	'Beginner',	'active',	1,	1,	'2024-06-11 23:43:29',	'2024-06-11 23:43:29'),
(12,	'Advance',	'active',	1,	1,	'2024-06-11 23:43:35',	'2024-06-11 23:43:35'),
(13,	'Advance1',	'inactive',	1,	1,	'2024-06-11 23:43:43',	'2024-06-13 23:39:17'),
(14,	'Beginner',	'deleted',	1,	1,	'2024-06-11 23:43:50',	'2024-06-12 09:24:36'),
(15,	'Advance',	'deleted',	1,	1,	'2024-06-12 09:16:46',	'2024-06-12 09:25:28'),
(16,	'Advance',	'active',	1,	1,	'2024-06-13 00:26:32',	'2024-06-13 00:26:32'),
(17,	'Ashna Khan',	'deleted',	1,	1,	'2024-06-13 00:45:18',	'2024-06-13 01:06:02'),
(18,	'D 1',	'inactive',	1,	1,	'2024-07-01 07:16:13',	'2024-07-01 07:16:42');

DROP TABLE IF EXISTS `equipments`;
CREATE TABLE `equipments` (
  `id` bigint(20) unsigned NOT NULL AUTO_INCREMENT,
  `name` varchar(255) DEFAULT NULL,
  `status` enum('active','inactive','deleted') NOT NULL DEFAULT 'active',
  `created_by` bigint(20) unsigned NOT NULL,
  `updated_by` bigint(20) unsigned NOT NULL,
  `created_at` datetime NOT NULL DEFAULT current_timestamp(),
  `updated_at` datetime NOT NULL DEFAULT current_timestamp(),
  PRIMARY KEY (`id`)
) ENGINE=InnoDB AUTO_INCREMENT=4 DEFAULT CHARSET=utf8mb4 COLLATE=utf8mb4_general_ci;

INSERT INTO `equipments` (`id`, `name`, `status`, `created_by`, `updated_by`, `created_at`, `updated_at`) VALUES
(1,	'Equipment *1',	'active',	100,	100,	'2024-06-19 13:57:14',	'2024-06-19 13:57:14'),
(2,	'Equipment *2 Update',	'deleted',	100,	100,	'2024-06-19 13:57:30',	'2024-06-19 13:58:08'),
(3,	'Test',	'active',	104,	104,	'2024-06-21 07:17:21',	'2024-06-21 07:17:21');

DROP TABLE IF EXISTS `exercises`;
CREATE TABLE `exercises` (
  `id` bigint(20) unsigned NOT NULL AUTO_INCREMENT,
  `name` varchar(255) NOT NULL,
  `media_id` bigint(20) unsigned DEFAULT NULL,
  `category_id` bigint(20) unsigned NOT NULL,
  `video_url` varchar(255) DEFAULT NULL,
  `age_range_id` bigint(20) unsigned NOT NULL,
  `sport_id` bigint(20) unsigned DEFAULT NULL,
  `difficulty_id` bigint(20) unsigned DEFAULT NULL,
  `no_of_reps` bigint(20) unsigned DEFAULT NULL,
  `description` varchar(255) DEFAULT NULL,
  `equipment_id` bigint(20) unsigned DEFAULT NULL,
  `status` enum('active','inactive','deleted','') NOT NULL DEFAULT 'active',
  `created_by` bigint(20) unsigned DEFAULT NULL,
  `updated_by` bigint(20) unsigned DEFAULT NULL,
  `created_at` timestamp NOT NULL DEFAULT current_timestamp(),
  `updated_at` timestamp NOT NULL DEFAULT current_timestamp(),
  PRIMARY KEY (`id`),
  KEY `age_range_id` (`age_range_id`),
  KEY `category_id` (`category_id`),
  KEY `sport_id` (`sport_id`),
  KEY `media_id` (`media_id`),
  KEY `difficulty_id` (`difficulty_id`),
  KEY `equipment_id` (`equipment_id`)
) ENGINE=InnoDB AUTO_INCREMENT=32 DEFAULT CHARSET=utf8mb4 COLLATE=utf8mb4_general_ci;

INSERT INTO `exercises` (`id`, `name`, `media_id`, `category_id`, `video_url`, `age_range_id`, `sport_id`, `difficulty_id`, `no_of_reps`, `description`, `equipment_id`, `status`, `created_by`, `updated_by`, `created_at`, `updated_at`) VALUES
(7,	'Ashna Khan',	24,	2,	'https://www.youtube.com/watch?v=nqO6cEbXyKM',	2,	15,	8,	3,	'sdfghjk',	8,	'deleted',	1,	1,	'2024-06-13 10:51:33',	'2024-06-14 01:17:55'),
(8,	'Ashna',	25,	2,	'https://www.youtube.com/watch?v=0iMaLWtw4-c',	1,	15,	8,	3,	'dfgjk',	11,	'deleted',	1,	1,	'2024-06-13 11:00:59',	'2024-06-13 11:16:55'),
(9,	'Pooko',	0,	1,	'https://www.youtube.com/watch?v=nqO6cEbXyKM',	2,	15,	8,	6,	'dfvgbhnjksdv',	8,	'deleted',	1,	1,	'2024-06-13 21:51:59',	'2024-06-20 04:52:43'),
(10,	'dfg',	0,	2,	'https://www.youtube.com/watch?v=0iMaLWtw4-c',	2,	18,	8,	2,	'fghnjmkl',	11,	'deleted',	1,	1,	'2024-06-13 21:52:14',	'2024-06-20 04:53:02'),
(11,	'Ashna Khan',	0,	1,	'https://www.youtube.com/watch?v=0iMaLWtw4-c',	2,	17,	9,	4,	'fvgbhnjki',	9,	'active',	1,	1,	'2024-06-13 21:52:31',	'2024-06-13 21:52:31'),
(12,	'fdfgthyj',	0,	1,	'https://www.youtube.com/watch?v=nqO6cEbXyKM',	1,	15,	8,	3,	'dcfgthyjukil',	9,	'active',	1,	1,	'2024-06-13 21:52:49',	'2024-06-13 21:52:49'),
(13,	'69u905ih0ky50k',	0,	2,	'https://www.youtube.com/watch?v=0iMaLWtw4-c',	1,	17,	9,	1,	'fghj',	12,	'active',	1,	1,	'2024-06-13 21:53:04',	'2024-06-13 21:53:04'),
(14,	'69u905ih0ky50k',	0,	1,	'https://www.youtube.com/watch?v=0iMaLWtw4-c',	2,	15,	9,	2,	'null',	10,	'deleted',	1,	1,	'2024-06-13 21:53:22',	'2024-06-14 01:18:00'),
(15,	'Ashna Khan',	0,	1,	'https://www.youtube.com/watch?v=nqO6cEbXyKM',	2,	20,	8,	5,	'dfvgbhnjm',	11,	'deleted',	1,	1,	'2024-06-13 21:53:39',	'2024-06-20 04:53:04'),
(16,	'Pooku',	0,	2,	'https://www.youtube.com/watch?v=0iMaLWtw4-c',	2,	16,	8,	1,	'vfvcdfvgbn',	10,	'deleted',	1,	1,	'2024-06-13 21:53:57',	'2024-06-13 23:40:22'),
(17,	'69u905ih0ky50k',	0,	1,	'https://www.youtube.com/watch?v=0iMaLWtw4-c',	1,	18,	8,	2,	'asdrgthyu',	9,	'deleted',	1,	1,	'2024-06-13 21:54:13',	'2024-06-13 23:38:18'),
(18,	'qq\\ueen',	0,	2,	'https://www.youtube.com/watch?v=0iMaLWtw4',	1,	17,	8,	2,	'wdefrgthyju',	11,	'inactive',	1,	1,	'2024-06-13 21:54:30',	'2024-06-14 01:22:01'),
(19,	'Gen z',	0,	1,	'https://www.youtube.com/watch?v=0iMaLWtw4-c',	1,	19,	6,	3,	'sdfghju',	8,	'inactive',	1,	1,	'2024-06-13 23:56:10',	'2024-06-14 01:27:13'),
(20,	'dee',	0,	1,	'https://www.youtube.com/watch?v=0iMaLWtw4-c',	1,	15,	11,	3,	'null',	8,	'inactive',	73,	73,	'2024-06-14 00:31:36',	'2024-06-14 01:32:23'),
(21,	'Ashna Khan',	0,	2,	'https://www.youtube.com/watch?v=0iMaLWtw4-c',	2,	18,	9,	3,	'null',	10,	'active',	73,	73,	'2024-06-14 00:38:57',	'2024-06-14 00:38:57'),
(22,	'Pooko',	0,	2,	'https://www.youtube.com/watch?v=0iMaLWtw4-c',	2,	2,	8,	0,	'c v',	9,	'deleted',	73,	73,	'2024-06-14 00:42:06',	'2024-06-14 01:41:17'),
(23,	'Ashna Khan',	0,	1,	'https://www.youtube.com/watch?v=0iMaLWtw4-c',	2,	18,	6,	1,	'sdfg',	11,	'active',	73,	73,	'2024-06-14 01:01:54',	'2024-06-14 01:01:54'),
(24,	'Checking',	0,	2,	'https://www.youtube.com/watch?v=0iMaLWtw4-c',	1,	16,	6,	3,	'dfgthyj',	12,	'inactive',	73,	73,	'2024-06-14 01:02:10',	'2024-06-14 01:27:19'),
(25,	'Checking Image',	28,	2,	'https://www.youtube.com/watch?v=nqO6cEbXyKM',	2,	3,	9,	2,	'sxdfrgt',	6,	'active',	1,	1,	'2024-06-14 02:43:09',	'2024-06-14 02:43:09'),
(26,	'Demo image',	29,	1,	'https://www.youtube.com/watch?v=0iMaLWtw4-c',	3,	17,	6,	2,	'null',	6,	'active',	1,	1,	'2024-06-14 02:52:06',	'2024-06-14 02:52:06'),
(27,	'image checking',	30,	1,	'https://www.youtube.com/watch?v=0iMaLWtw4-c',	2,	17,	10,	1,	'defrgh',	6,	'inactive',	1,	1,	'2024-06-14 02:55:44',	'2024-06-19 02:10:27'),
(28,	'Pooko',	0,	1,	'https://www.youtube.com/watch?v=nqO6cEbXyKM',	2,	17,	6,	2,	'gefg',	9,	'active',	1,	1,	'2024-06-19 08:31:47',	'2024-06-19 08:31:47'),
(29,	'dfvgbm,kjhg',	36,	1,	'https://www.youtube.com/watch?v=0iMaLWtw4-c',	2,	17,	9,	2,	'cv bvdcv',	9,	'active',	1,	1,	'2024-06-19 08:33:29',	'2024-06-19 08:33:29'),
(30,	'Pooko',	55,	2,	'https://www.youtube.com/watch?v=nqO6cEbXyKM',	1,	15,	9,	3,	'wertyk',	0,	'deleted',	1,	1,	'2024-06-19 14:19:10',	'2024-06-19 14:19:47'),
(31,	'Testing',	56,	1,	'https://www.youtube.com/watch?v=9VsEAEX6C9Q',	1,	2,	9,	9,	'Testing',	0,	'active',	100,	100,	'2024-06-19 14:19:51',	'2024-06-21 10:38:12');

DROP TABLE IF EXISTS `failed_jobs`;
CREATE TABLE `failed_jobs` (
  `id` bigint(20) unsigned NOT NULL AUTO_INCREMENT,
  `uuid` varchar(255) NOT NULL,
  `connection` text NOT NULL,
  `queue` text NOT NULL,
  `payload` longtext NOT NULL,
  `exception` longtext NOT NULL,
  `failed_at` timestamp NOT NULL DEFAULT current_timestamp(),
  PRIMARY KEY (`id`),
  UNIQUE KEY `failed_jobs_uuid_unique` (`uuid`)
) ENGINE=InnoDB DEFAULT CHARSET=utf8mb4 COLLATE=utf8mb4_unicode_ci;


DROP TABLE IF EXISTS `fitness_profiles`;
CREATE TABLE `fitness_profiles` (
  `id` bigint(20) unsigned NOT NULL AUTO_INCREMENT,
  `day` varchar(100) DEFAULT NULL,
  `date` date DEFAULT NULL,
  `from_time` time DEFAULT NULL,
  `to_time` time DEFAULT NULL,
  `exercise` varchar(255) DEFAULT NULL,
  `duration` varchar(100) NOT NULL DEFAULT '0',
  `note` text DEFAULT NULL,
  `completed_time` varchar(255) NOT NULL DEFAULT '00:00',
  `is_completed` tinyint(4) NOT NULL DEFAULT 0,
  `user_id` bigint(20) unsigned DEFAULT NULL,
  `status` enum('active','inactive','deleted') NOT NULL DEFAULT 'active',
  `created_by` bigint(20) unsigned DEFAULT NULL,
  `updated_by` bigint(20) unsigned NOT NULL,
  `created_at` datetime DEFAULT NULL,
  `updated_at` datetime DEFAULT NULL,
  PRIMARY KEY (`id`)
) ENGINE=InnoDB AUTO_INCREMENT=277 DEFAULT CHARSET=utf8mb4 COLLATE=utf8mb4_general_ci;

INSERT INTO `fitness_profiles` (`id`, `day`, `date`, `from_time`, `to_time`, `exercise`, `duration`, `note`, `completed_time`, `is_completed`, `user_id`, `status`, `created_by`, `updated_by`, `created_at`, `updated_at`) VALUES
(1,	'MONDAY',	'2024-05-27',	'12:25:10',	'12:25:10',	'STRETCHING',	'1',	'Testing',	'00:00',	1,	2,	'active',	2,	2,	'2024-05-27 06:54:19',	'2024-05-27 06:55:20'),
(7,	'MONDAY',	'2024-05-27',	NULL,	NULL,	'DAY_OFF',	'0',	NULL,	'00:00',	0,	2,	'active',	2,	2,	'2024-05-27 11:21:47',	'2024-05-27 11:21:47'),
(8,	'TUESDAY',	'2024-05-28',	NULL,	NULL,	'DAY_OFF',	'0',	NULL,	'00:00',	0,	2,	'active',	2,	2,	'2024-05-28 00:00:07',	'2024-05-28 00:00:07'),
(9,	'TUESDAY',	'2024-05-28',	'15:57:48',	'15:57:53',	'STRENGTH',	'0',	NULL,	'00:05',	1,	71,	'active',	71,	71,	'2024-05-28 06:50:14',	'2024-05-28 10:27:53'),
(18,	'THURSDAY',	'2024-05-30',	'21:05:00',	'21:06:22',	'STRENGTH',	'5',	'Today\'s Tests',	'01:22',	1,	2,	'active',	2,	2,	'2024-05-30 15:15:02',	'2024-05-30 15:35:22'),
(19,	'THURSDAY',	'2024-05-30',	'21:05:55',	'21:05:59',	'WEIGHT_LIFTING',	'0',	'Testing ⭐',	'00:04',	1,	2,	'active',	2,	2,	'2024-05-30 15:15:02',	'2024-05-30 15:36:13'),
(21,	'THURSDAY',	'2024-05-30',	NULL,	NULL,	'SPORT_PRACTICE',	'20',	NULL,	'00:00',	0,	2,	'active',	2,	2,	'2024-05-30 15:40:16',	'2024-05-30 15:40:16'),
(22,	'FRIDAY',	'2024-05-31',	NULL,	NULL,	'AEROBIC_EXERCISES',	'0',	NULL,	'00:00',	0,	2,	'active',	2,	2,	'2024-05-31 00:00:03',	'2024-05-31 00:00:03'),
(23,	'FRIDAY',	'2024-05-31',	NULL,	NULL,	'DAY_OFF',	'0',	NULL,	'00:00',	0,	2,	'active',	2,	2,	'2024-05-31 00:00:03',	'2024-05-31 00:00:03'),
(24,	'FRIDAY',	'2024-05-31',	NULL,	NULL,	'STRETCHING',	'5',	NULL,	'00:00',	0,	2,	'active',	2,	2,	'2024-05-31 00:00:03',	'2024-05-31 00:00:03'),
(25,	'TUESDAY',	'2024-06-04',	'10:37:22',	'10:37:22',	'STRENGTH',	'0',	NULL,	'00:00',	1,	71,	'active',	71,	71,	'2024-06-04 05:05:39',	'2024-06-04 05:07:23'),
(26,	'TUESDAY',	'2024-06-04',	NULL,	NULL,	'WEIGHT_LIFTING',	'0',	NULL,	'00:00',	0,	71,	'active',	71,	71,	'2024-06-04 05:05:39',	'2024-06-04 05:05:39'),
(27,	'TUESDAY',	'2024-06-04',	NULL,	NULL,	'AEROBIC_EXERCISES',	'15',	NULL,	'00:00',	0,	71,	'active',	71,	71,	'2024-06-04 05:05:39',	'2024-06-04 05:05:39'),
(28,	'TUESDAY',	'2024-06-04',	'18:36:46',	'18:36:48',	'SPORT_PRACTICE',	'90',	'test',	'00:02',	1,	76,	'active',	76,	76,	'2024-06-04 13:05:00',	'2024-06-04 13:07:02'),
(30,	'TUESDAY',	'2024-06-04',	NULL,	NULL,	'STRENGTH',	'25',	NULL,	'00:00',	0,	76,	'active',	76,	76,	'2024-06-04 13:08:49',	'2024-06-04 13:08:49'),
(31,	'WEDNESDAY',	'2024-06-05',	'17:40:20',	'17:40:24',	'STRENGTH',	'15',	'testt',	'00:03',	1,	71,	'active',	71,	71,	'2024-06-05 05:25:03',	'2024-06-05 12:10:34'),
(36,	'THURSDAY',	'2024-06-06',	'18:52:26',	'18:52:30',	'STRENGTH',	'25',	'Test',	'00:04',	1,	71,	'active',	71,	71,	'2024-06-06 13:21:02',	'2024-06-06 13:22:43'),
(38,	'THURSDAY',	'2024-06-06',	'19:07:18',	'19:07:18',	'STRETCHING',	'25',	NULL,	'00:00',	1,	71,	'active',	71,	71,	'2024-06-06 13:35:40',	'2024-06-06 13:37:18'),
(39,	'THURSDAY',	'2024-06-06',	NULL,	NULL,	'WEIGHT_LIFTING',	'20',	NULL,	'00:00',	0,	71,	'active',	71,	71,	'2024-06-06 13:35:40',	'2024-06-06 13:35:40'),
(40,	'MONDAY',	'2024-06-10',	'11:35:26',	'11:35:26',	'STRETCHING',	'15',	NULL,	'00:00',	1,	71,	'active',	71,	71,	'2024-06-10 05:29:46',	'2024-06-10 06:05:37'),
(41,	'MONDAY',	'2024-06-10',	'12:52:28',	'12:53:41',	'AEROBIC_EXERCISES',	'75',	NULL,	'01:13',	1,	71,	'active',	71,	71,	'2024-06-10 05:29:46',	'2024-06-10 07:22:35'),
(44,	'MONDAY',	'2024-06-10',	'12:56:07',	'15:32:20',	'STRETCHING',	'120',	'testing - time',	'100:04',	1,	89,	'active',	89,	89,	'2024-06-10 07:25:56',	'2024-06-10 10:02:36'),
(45,	'MONDAY',	'2024-06-10',	NULL,	NULL,	'WEIGHT_LIFTING',	'1',	NULL,	'00:00',	0,	89,	'active',	89,	89,	'2024-06-10 07:25:56',	'2024-06-10 07:25:56'),
(46,	'FRIDAY',	'2024-06-14',	'10:45:48',	'10:45:50',	'STRETCHING',	'20',	NULL,	'00:01',	1,	100,	'active',	100,	100,	'2024-06-14 05:15:38',	'2024-06-14 05:15:52'),
(47,	'FRIDAY',	'2024-06-14',	'15:13:57',	'15:14:00',	'SPORT_PRACTICE',	'20',	NULL,	'00:03',	1,	71,	'active',	71,	71,	'2024-06-14 09:43:51',	'2024-06-14 09:44:02'),
(48,	'FRIDAY',	'2024-06-14',	'16:16:24',	'16:16:28',	'STRENGTH',	'0',	'great workout',	'00:03',	1,	100,	'active',	100,	100,	'2024-06-14 23:16:16',	'2024-06-14 23:16:37'),
(49,	'FRIDAY',	'2024-06-14',	'16:16:54',	'16:17:04',	'WEIGHT_LIFTING',	'0',	'great',	'00:10',	1,	100,	'active',	100,	100,	'2024-06-14 23:16:16',	'2024-06-14 23:17:10'),
(50,	'FRIDAY',	'2024-06-14',	NULL,	NULL,	'AEROBIC_EXERCISES',	'0',	NULL,	'00:00',	0,	100,	'active',	100,	100,	'2024-06-14 23:16:16',	'2024-06-14 23:16:16'),
(51,	'FRIDAY',	'2024-06-14',	NULL,	NULL,	'SPORT_PRACTICE',	'0',	NULL,	'00:00',	0,	100,	'active',	100,	100,	'2024-06-14 23:16:16',	'2024-06-14 23:16:16'),
(52,	'MONDAY',	'2024-06-17',	'10:14:51',	'10:15:02',	'STRETCHING',	'15',	NULL,	'00:10',	1,	71,	'active',	71,	71,	'2024-06-17 04:44:43',	'2024-06-17 04:45:04'),
(53,	'MONDAY',	'2024-06-17',	'10:15:45',	'10:16:51',	'STRENGTH',	'120',	NULL,	'01:02',	1,	71,	'active',	71,	71,	'2024-06-17 04:44:43',	'2024-06-17 04:46:54'),
(54,	'MONDAY',	'2024-06-17',	'10:26:55',	'10:27:46',	'WEIGHT_LIFTING',	'1',	NULL,	'00:51',	1,	71,	'active',	71,	71,	'2024-06-17 04:44:43',	'2024-06-17 04:57:50'),
(55,	'MONDAY',	'2024-06-17',	'10:28:09',	'10:29:10',	'AEROBIC_EXERCISES',	'75',	NULL,	'01:01',	1,	71,	'active',	71,	71,	'2024-06-17 04:44:43',	'2024-06-17 04:59:14'),
(56,	'MONDAY',	'2024-06-17',	'10:55:32',	'11:05:58',	'STRETCHING',	'120',	'Testing',	'10:25',	1,	72,	'active',	72,	72,	'2024-06-17 05:25:25',	'2024-06-17 05:36:08'),
(57,	'MONDAY',	'2024-06-17',	'11:07:15',	'11:12:09',	'STRENGTH',	'15',	'Testing',	'04:54',	1,	100,	'active',	100,	100,	'2024-06-17 05:37:08',	'2024-06-17 05:42:22'),
(60,	'WEDNESDAY',	'2024-06-19',	'18:19:56',	'18:19:59',	'STRETCHING',	'25',	NULL,	'00:03',	1,	71,	'active',	71,	71,	'2024-06-19 12:49:41',	'2024-06-19 12:50:02'),
(61,	'WEDNESDAY',	'2024-06-19',	'18:20:13',	'18:20:13',	'STRENGTH',	'15',	NULL,	'00:00',	1,	71,	'active',	71,	71,	'2024-06-19 12:49:41',	'2024-06-19 12:50:14'),
(62,	'WEDNESDAY',	'2024-06-19',	'18:21:35',	'18:21:35',	'WEIGHT_LIFTING',	'20',	NULL,	'00:00',	1,	71,	'active',	71,	71,	'2024-06-19 12:51:17',	'2024-06-19 12:51:35'),
(65,	'WEDNESDAY',	'2024-06-19',	'18:50:50',	'18:50:50',	'AEROBIC_EXERCISES',	'20',	NULL,	'00:00',	1,	71,	'active',	71,	71,	'2024-06-19 13:20:28',	'2024-06-19 13:20:50'),
(67,	'WEDNESDAY',	'2024-06-19',	'18:51:15',	'18:51:15',	'STRETCHING',	'0',	NULL,	'00:00',	1,	2,	'active',	2,	2,	'2024-06-19 13:21:06',	'2024-06-19 13:21:16'),
(73,	'THURSDAY',	'2024-06-20',	'11:02:22',	'11:02:22',	'STRENGTH',	'90',	NULL,	'00:00',	1,	104,	'active',	104,	104,	'2024-06-20 05:32:00',	'2024-06-20 05:32:22'),
(75,	'THURSDAY',	'2024-06-20',	NULL,	NULL,	'STRETCHING',	'120',	NULL,	'00:00',	0,	104,	'active',	104,	104,	'2024-06-20 14:11:11',	'2024-06-20 14:11:11'),
(76,	'THURSDAY',	'2024-06-20',	NULL,	NULL,	'WEIGHT_LIFTING',	'90',	NULL,	'00:00',	0,	104,	'active',	104,	104,	'2024-06-20 14:11:11',	'2024-06-20 14:11:11'),
(77,	'FRIDAY',	'2024-06-21',	NULL,	NULL,	'AEROBIC_EXERCISES',	'0',	NULL,	'00:00',	0,	2,	'active',	2,	2,	'2024-06-21 05:40:15',	'2024-06-21 05:40:15'),
(78,	'FRIDAY',	'2024-06-21',	NULL,	NULL,	'DAY_OFF',	'0',	NULL,	'00:00',	0,	2,	'active',	2,	2,	'2024-06-21 05:40:15',	'2024-06-21 05:40:15'),
(79,	'FRIDAY',	'2024-06-21',	NULL,	NULL,	'STRETCHING',	'5',	NULL,	'00:00',	0,	2,	'active',	2,	2,	'2024-06-21 05:40:15',	'2024-06-21 05:40:15'),
(81,	'FRIDAY',	'2024-06-21',	NULL,	NULL,	'AEROBIC_EXERCISES',	'0',	NULL,	'00:00',	0,	100,	'active',	100,	100,	'2024-06-21 05:40:15',	'2024-06-21 05:40:15'),
(82,	'FRIDAY',	'2024-06-21',	NULL,	NULL,	'SPORT_PRACTICE',	'0',	NULL,	'00:00',	0,	100,	'active',	100,	100,	'2024-06-21 05:40:15',	'2024-06-21 05:40:15'),
(83,	'FRIDAY',	'2024-06-21',	NULL,	NULL,	'STRENGTH',	'0',	NULL,	'00:00',	0,	100,	'active',	100,	100,	'2024-06-21 05:40:15',	'2024-06-21 05:40:15'),
(84,	'FRIDAY',	'2024-06-21',	NULL,	NULL,	'STRETCHING',	'20',	NULL,	'00:00',	0,	100,	'active',	100,	100,	'2024-06-21 05:40:15',	'2024-06-21 05:40:15'),
(85,	'FRIDAY',	'2024-06-21',	NULL,	NULL,	'WEIGHT_LIFTING',	'0',	NULL,	'00:00',	0,	100,	'active',	100,	100,	'2024-06-21 05:40:15',	'2024-06-21 05:40:15'),
(88,	'FRIDAY',	'2024-06-21',	'17:52:20',	'17:52:20',	'STRENGTH',	'5',	NULL,	'00:00',	1,	71,	'active',	71,	71,	'2024-06-21 12:22:14',	'2024-06-21 12:22:21'),
(90,	'FRIDAY',	'2024-06-21',	'19:19:06',	'19:19:06',	'STRETCHING',	'75',	NULL,	'00:00',	1,	104,	'active',	104,	104,	'2024-06-21 12:52:01',	'2024-06-21 13:49:07'),
(91,	'FRIDAY',	'2024-06-21',	NULL,	NULL,	'WEIGHT_LIFTING',	'90',	NULL,	'00:00',	0,	104,	'active',	104,	104,	'2024-06-21 12:52:01',	'2024-06-21 12:52:01'),
(92,	'SATURDAY',	'2024-06-22',	NULL,	NULL,	'AEROBIC_EXERCISES',	'0',	NULL,	'00:00',	0,	2,	'active',	2,	2,	'2024-06-22 08:05:02',	'2024-06-22 08:05:02'),
(93,	'SATURDAY',	'2024-06-22',	NULL,	NULL,	'STRETCHING',	'5',	NULL,	'00:00',	0,	104,	'active',	104,	104,	'2024-06-22 08:05:02',	'2024-06-22 08:05:02'),
(94,	'SUNDAY',	'2024-06-23',	NULL,	NULL,	'DAY_OFF',	'0',	NULL,	'00:00',	0,	2,	'active',	2,	2,	'2024-06-23 08:05:03',	'2024-06-23 08:05:03'),
(96,	'SUNDAY',	'2024-06-23',	'22:50:39',	'22:50:39',	'WEIGHT_LIFTING',	'20',	NULL,	'00:00',	1,	104,	'active',	104,	104,	'2024-06-24 05:28:37',	'2024-06-24 05:50:41'),
(97,	'MONDAY',	'2024-06-24',	NULL,	NULL,	'DAY_OFF',	'0',	NULL,	'00:00',	0,	2,	'active',	2,	2,	'2024-06-24 08:05:03',	'2024-06-24 08:05:03'),
(98,	'MONDAY',	'2024-06-24',	NULL,	NULL,	'AEROBIC_EXERCISES',	'75',	NULL,	'00:00',	0,	71,	'active',	71,	71,	'2024-06-24 08:05:03',	'2024-06-24 08:05:03'),
(99,	'MONDAY',	'2024-06-24',	NULL,	NULL,	'STRENGTH',	'120',	NULL,	'00:00',	0,	71,	'active',	71,	71,	'2024-06-24 08:05:03',	'2024-06-24 08:05:03'),
(100,	'MONDAY',	'2024-06-24',	NULL,	NULL,	'STRETCHING',	'15',	NULL,	'00:00',	0,	71,	'active',	71,	71,	'2024-06-24 08:05:03',	'2024-06-24 08:05:03'),
(101,	'MONDAY',	'2024-06-24',	NULL,	NULL,	'WEIGHT_LIFTING',	'1',	NULL,	'00:00',	0,	71,	'active',	71,	71,	'2024-06-24 08:05:03',	'2024-06-24 08:05:03'),
(102,	'MONDAY',	'2024-06-24',	NULL,	NULL,	'STRETCHING',	'120',	NULL,	'00:00',	0,	89,	'active',	89,	89,	'2024-06-24 08:05:03',	'2024-06-24 08:05:03'),
(103,	'MONDAY',	'2024-06-24',	NULL,	NULL,	'WEIGHT_LIFTING',	'1',	NULL,	'00:00',	0,	89,	'active',	89,	89,	'2024-06-24 08:05:03',	'2024-06-24 08:05:03'),
(104,	'MONDAY',	'2024-06-24',	NULL,	NULL,	'STRENGTH',	'15',	NULL,	'00:00',	0,	100,	'active',	100,	100,	'2024-06-24 08:05:03',	'2024-06-24 08:05:03'),
(111,	'MONDAY',	'2024-06-24',	'23:33:01',	'23:33:01',	'STRETCHING',	'25',	NULL,	'00:00',	1,	104,	'active',	104,	104,	'2024-06-25 05:47:47',	'2024-06-25 06:33:02'),
(113,	'MONDAY',	'2024-06-24',	NULL,	NULL,	'STRENGTH',	'60',	NULL,	'00:00',	0,	104,	'active',	104,	104,	'2024-06-25 06:33:14',	'2024-06-25 06:33:14'),
(114,	'TUESDAY',	'2024-06-25',	NULL,	NULL,	'DAY_OFF',	'0',	NULL,	'00:00',	0,	2,	'active',	2,	2,	'2024-06-25 08:05:02',	'2024-06-25 08:05:02'),
(115,	'TUESDAY',	'2024-06-25',	NULL,	NULL,	'AEROBIC_EXERCISES',	'15',	NULL,	'00:00',	0,	71,	'active',	71,	71,	'2024-06-25 08:05:02',	'2024-06-25 08:05:02'),
(116,	'TUESDAY',	'2024-06-25',	NULL,	NULL,	'STRENGTH',	'0',	NULL,	'00:00',	0,	71,	'active',	71,	71,	'2024-06-25 08:05:02',	'2024-06-25 08:05:02'),
(117,	'TUESDAY',	'2024-06-25',	NULL,	NULL,	'STRETCHING',	'15',	NULL,	'00:00',	0,	71,	'active',	71,	71,	'2024-06-25 08:05:02',	'2024-06-25 08:05:02'),
(118,	'TUESDAY',	'2024-06-25',	NULL,	NULL,	'WEIGHT_LIFTING',	'0',	NULL,	'00:00',	0,	71,	'active',	71,	71,	'2024-06-25 08:05:02',	'2024-06-25 08:05:02'),
(119,	'TUESDAY',	'2024-06-25',	'01:17:57',	'01:17:57',	'AEROBIC_EXERCISES',	'75',	NULL,	'00:00',	1,	104,	'active',	104,	104,	'2024-06-25 08:05:02',	'2024-06-25 08:17:58'),
(120,	'TUESDAY',	'2024-06-25',	'01:18:02',	'01:18:08',	'STRENGTH',	'75',	NULL,	'00:05',	1,	104,	'active',	104,	104,	'2024-06-25 08:05:02',	'2024-06-25 08:18:13'),
(121,	'TUESDAY',	'2024-06-25',	'01:19:59',	'01:20:10',	'STRETCHING',	'20',	NULL,	'00:11',	1,	104,	'active',	104,	104,	'2024-06-25 08:05:02',	'2024-06-25 08:20:15'),
(122,	'TUESDAY',	'2024-06-25',	'01:21:50',	'01:23:07',	'WEIGHT_LIFTING',	'15',	NULL,	'01:16',	1,	104,	'active',	104,	104,	'2024-06-25 08:05:02',	'2024-06-25 08:23:11'),
(123,	'TUESDAY',	'2024-06-25',	'01:24:39',	'01:25:25',	'SPORT_PRACTICE',	'75',	NULL,	'00:46',	1,	104,	'active',	104,	104,	'2024-06-25 08:24:35',	'2024-06-25 08:25:29'),
(124,	'WEDNESDAY',	'2024-06-26',	NULL,	NULL,	'STRETCHING',	'0',	NULL,	'00:00',	0,	2,	'active',	2,	2,	'2024-06-26 08:05:02',	'2024-06-26 08:05:02'),
(125,	'WEDNESDAY',	'2024-06-26',	'13:58:06',	'15:14:10',	'AEROBIC_EXERCISES',	'20',	NULL,	'76:03',	1,	71,	'active',	71,	71,	'2024-06-26 08:05:02',	'2024-06-26 09:44:14'),
(126,	'WEDNESDAY',	'2024-06-26',	'15:14:36',	'15:40:11',	'STRENGTH',	'15',	NULL,	'25:34',	1,	71,	'active',	71,	71,	'2024-06-26 08:05:02',	'2024-06-26 10:10:14'),
(129,	'WEDNESDAY',	'2024-06-26',	'13:43:29',	'13:43:32',	'STRENGTH',	'0',	NULL,	'00:02',	1,	104,	'active',	104,	104,	'2024-06-26 08:05:02',	'2024-06-26 08:13:55'),
(131,	'WEDNESDAY',	'2024-06-26',	'13:44:43',	'13:44:43',	'STRETCHING',	'45',	NULL,	'00:00',	1,	104,	'active',	104,	104,	'2024-06-26 08:14:20',	'2024-06-26 08:14:43'),
(134,	'WEDNESDAY',	'2024-06-26',	'13:52:56',	'13:53:50',	'WEIGHT_LIFTING',	'15',	NULL,	'00:47',	1,	104,	'active',	104,	104,	'2024-06-26 08:22:43',	'2024-06-26 08:23:53'),
(135,	'WEDNESDAY',	'2024-06-26',	'13:53:58',	'13:54:22',	'AEROBIC_EXERCISES',	'90',	NULL,	'00:24',	1,	104,	'active',	104,	104,	'2024-06-26 08:22:43',	'2024-06-26 08:24:25'),
(136,	'WEDNESDAY',	'2024-06-26',	NULL,	NULL,	'SPORT_PRACTICE',	'20',	NULL,	'00:00',	0,	104,	'active',	104,	104,	'2024-06-26 08:22:43',	'2024-06-26 08:22:43'),
(137,	'WEDNESDAY',	'2024-06-26',	'18:22:56',	'18:22:56',	'STRETCHING',	'20',	NULL,	'00:00',	1,	105,	'active',	105,	105,	'2024-06-26 12:51:38',	'2024-06-26 12:52:56'),
(138,	'WEDNESDAY',	'2024-06-26',	'18:23:17',	'18:23:21',	'STRENGTH',	'25',	NULL,	'00:04',	1,	105,	'active',	105,	105,	'2024-06-26 12:53:10',	'2024-06-26 12:53:24'),
(139,	'WEDNESDAY',	'2024-06-26',	NULL,	NULL,	'STRETCHING',	'15',	NULL,	'00:00',	0,	100,	'active',	100,	100,	'2024-06-26 13:48:07',	'2024-06-26 13:48:07'),
(140,	'WEDNESDAY',	'2024-06-26',	NULL,	NULL,	'SPORT_PRACTICE',	'15',	NULL,	'00:00',	0,	100,	'active',	100,	100,	'2024-06-26 13:48:07',	'2024-06-26 13:48:07'),
(141,	'THURSDAY',	'2024-06-27',	NULL,	NULL,	'SPORT_PRACTICE',	'20',	NULL,	'00:00',	0,	2,	'active',	2,	2,	'2024-06-27 08:05:03',	'2024-06-27 08:05:03'),
(142,	'THURSDAY',	'2024-06-27',	NULL,	NULL,	'STRENGTH',	'5',	NULL,	'00:00',	0,	2,	'active',	2,	2,	'2024-06-27 08:05:03',	'2024-06-27 08:05:03'),
(143,	'THURSDAY',	'2024-06-27',	NULL,	NULL,	'WEIGHT_LIFTING',	'0',	NULL,	'00:00',	0,	2,	'active',	2,	2,	'2024-06-27 08:05:03',	'2024-06-27 08:05:03'),
(144,	'THURSDAY',	'2024-06-27',	NULL,	NULL,	'STRETCHING',	'25',	NULL,	'00:00',	0,	71,	'active',	71,	71,	'2024-06-27 08:05:03',	'2024-06-27 08:05:03'),
(145,	'THURSDAY',	'2024-06-27',	NULL,	NULL,	'WEIGHT_LIFTING',	'20',	NULL,	'00:00',	0,	71,	'active',	71,	71,	'2024-06-27 08:05:03',	'2024-06-27 08:05:03'),
(146,	'THURSDAY',	'2024-06-27',	NULL,	NULL,	'STRENGTH',	'90',	NULL,	'00:00',	0,	104,	'active',	104,	104,	'2024-06-27 08:05:03',	'2024-06-27 08:05:03'),
(147,	'THURSDAY',	'2024-06-27',	NULL,	NULL,	'STRETCHING',	'120',	NULL,	'00:00',	0,	104,	'active',	104,	104,	'2024-06-27 08:05:03',	'2024-06-27 08:05:03'),
(148,	'THURSDAY',	'2024-06-27',	NULL,	NULL,	'WEIGHT_LIFTING',	'90',	NULL,	'00:00',	0,	104,	'active',	104,	104,	'2024-06-27 08:05:03',	'2024-06-27 08:05:03'),
(149,	'FRIDAY',	'2024-06-28',	NULL,	NULL,	'AEROBIC_EXERCISES',	'0',	NULL,	'00:00',	0,	2,	'active',	2,	2,	'2024-06-28 08:05:02',	'2024-06-28 08:05:02'),
(150,	'FRIDAY',	'2024-06-28',	NULL,	NULL,	'DAY_OFF',	'0',	NULL,	'00:00',	0,	2,	'active',	2,	2,	'2024-06-28 08:05:02',	'2024-06-28 08:05:02'),
(151,	'FRIDAY',	'2024-06-28',	NULL,	NULL,	'STRETCHING',	'5',	NULL,	'00:00',	0,	2,	'active',	2,	2,	'2024-06-28 08:05:02',	'2024-06-28 08:05:02'),
(154,	'FRIDAY',	'2024-06-28',	NULL,	NULL,	'AEROBIC_EXERCISES',	'0',	NULL,	'00:00',	0,	100,	'active',	100,	100,	'2024-06-28 08:05:02',	'2024-06-28 08:05:02'),
(155,	'FRIDAY',	'2024-06-28',	NULL,	NULL,	'SPORT_PRACTICE',	'0',	NULL,	'00:00',	0,	100,	'active',	100,	100,	'2024-06-28 08:05:02',	'2024-06-28 08:05:02'),
(156,	'FRIDAY',	'2024-06-28',	NULL,	NULL,	'STRENGTH',	'0',	NULL,	'00:00',	0,	100,	'active',	100,	100,	'2024-06-28 08:05:02',	'2024-06-28 08:05:02'),
(157,	'FRIDAY',	'2024-06-28',	NULL,	NULL,	'STRETCHING',	'20',	NULL,	'00:00',	0,	100,	'active',	100,	100,	'2024-06-28 08:05:02',	'2024-06-28 08:05:02'),
(158,	'FRIDAY',	'2024-06-28',	NULL,	NULL,	'WEIGHT_LIFTING',	'0',	NULL,	'00:00',	0,	100,	'active',	100,	100,	'2024-06-28 08:05:02',	'2024-06-28 08:05:02'),
(159,	'FRIDAY',	'2024-06-28',	NULL,	NULL,	'STRETCHING',	'75',	NULL,	'00:00',	0,	104,	'active',	104,	104,	'2024-06-28 08:05:02',	'2024-06-28 08:05:02'),
(160,	'FRIDAY',	'2024-06-28',	NULL,	NULL,	'WEIGHT_LIFTING',	'90',	NULL,	'00:00',	0,	104,	'active',	104,	104,	'2024-06-28 08:05:02',	'2024-06-28 08:05:02'),
(161,	'SATURDAY',	'2024-06-29',	NULL,	NULL,	'AEROBIC_EXERCISES',	'0',	NULL,	'00:00',	0,	2,	'active',	2,	2,	'2024-06-29 08:05:02',	'2024-06-29 08:05:02'),
(162,	'SATURDAY',	'2024-06-29',	NULL,	NULL,	'STRETCHING',	'5',	NULL,	'00:00',	0,	104,	'active',	104,	104,	'2024-06-29 08:05:02',	'2024-06-29 08:05:02'),
(163,	'SUNDAY',	'2024-06-30',	NULL,	NULL,	'DAY_OFF',	'0',	NULL,	'00:00',	0,	2,	'active',	2,	2,	'2024-06-30 08:05:02',	'2024-06-30 08:05:02'),
(164,	'SUNDAY',	'2024-06-30',	NULL,	NULL,	'WEIGHT_LIFTING',	'20',	NULL,	'00:00',	0,	104,	'active',	104,	104,	'2024-06-30 08:05:02',	'2024-06-30 08:05:02'),
(165,	'MONDAY',	'2024-07-01',	NULL,	NULL,	'DAY_OFF',	'0',	NULL,	'00:00',	0,	2,	'active',	2,	2,	'2024-07-01 08:05:02',	'2024-07-01 08:05:02'),
(166,	'MONDAY',	'2024-07-01',	NULL,	NULL,	'AEROBIC_EXERCISES',	'75',	NULL,	'00:00',	0,	71,	'active',	71,	71,	'2024-07-01 08:05:02',	'2024-07-01 08:05:02'),
(167,	'MONDAY',	'2024-07-01',	NULL,	NULL,	'STRENGTH',	'120',	NULL,	'00:00',	0,	71,	'active',	71,	71,	'2024-07-01 08:05:02',	'2024-07-01 08:05:02'),
(168,	'MONDAY',	'2024-07-01',	NULL,	NULL,	'STRETCHING',	'15',	NULL,	'00:00',	0,	71,	'active',	71,	71,	'2024-07-01 08:05:02',	'2024-07-01 08:05:02'),
(169,	'MONDAY',	'2024-07-01',	'18:40:57',	'18:42:01',	'WEIGHT_LIFTING',	'1',	NULL,	'01:04',	1,	71,	'active',	71,	71,	'2024-07-01 08:05:02',	'2024-07-01 13:11:16'),
(170,	'MONDAY',	'2024-07-01',	NULL,	NULL,	'STRETCHING',	'120',	NULL,	'00:00',	0,	89,	'active',	89,	89,	'2024-07-01 08:05:02',	'2024-07-01 08:05:02'),
(171,	'MONDAY',	'2024-07-01',	NULL,	NULL,	'WEIGHT_LIFTING',	'1',	NULL,	'00:00',	0,	89,	'active',	89,	89,	'2024-07-01 08:05:02',	'2024-07-01 08:05:02'),
(172,	'MONDAY',	'2024-07-01',	NULL,	NULL,	'STRENGTH',	'15',	NULL,	'00:00',	0,	100,	'active',	100,	100,	'2024-07-01 08:05:02',	'2024-07-01 08:05:02'),
(173,	'MONDAY',	'2024-07-01',	NULL,	NULL,	'STRENGTH',	'60',	NULL,	'00:00',	0,	104,	'active',	104,	104,	'2024-07-01 08:05:02',	'2024-07-01 08:05:02'),
(174,	'MONDAY',	'2024-07-01',	NULL,	NULL,	'STRETCHING',	'20',	NULL,	'00:00',	0,	105,	'active',	105,	105,	'2024-07-01 08:05:02',	'2024-07-01 08:05:02'),
(175,	'TUESDAY',	'2024-07-02',	NULL,	NULL,	'DAY_OFF',	'0',	NULL,	'00:00',	0,	2,	'active',	2,	2,	'2024-07-02 08:05:03',	'2024-07-02 08:05:03'),
(176,	'TUESDAY',	'2024-07-02',	'18:48:39',	'18:48:47',	'AEROBIC_EXERCISES',	'15',	NULL,	'00:08',	1,	71,	'active',	71,	71,	'2024-07-02 08:05:03',	'2024-07-02 13:18:48'),
(177,	'TUESDAY',	'2024-07-02',	NULL,	NULL,	'STRENGTH',	'0',	NULL,	'00:00',	0,	71,	'active',	71,	71,	'2024-07-02 08:05:03',	'2024-07-02 08:05:03'),
(178,	'TUESDAY',	'2024-07-02',	NULL,	NULL,	'STRETCHING',	'15',	NULL,	'00:00',	0,	71,	'active',	71,	71,	'2024-07-02 08:05:03',	'2024-07-02 08:05:03'),
(179,	'TUESDAY',	'2024-07-02',	NULL,	NULL,	'WEIGHT_LIFTING',	'0',	NULL,	'00:00',	0,	71,	'active',	71,	71,	'2024-07-02 08:05:03',	'2024-07-02 08:05:03'),
(180,	'TUESDAY',	'2024-07-02',	NULL,	NULL,	'AEROBIC_EXERCISES',	'75',	NULL,	'00:00',	0,	104,	'active',	104,	104,	'2024-07-02 08:05:03',	'2024-07-02 08:05:03'),
(181,	'TUESDAY',	'2024-07-02',	NULL,	NULL,	'SPORT_PRACTICE',	'75',	NULL,	'00:00',	0,	104,	'active',	104,	104,	'2024-07-02 08:05:03',	'2024-07-02 08:05:03'),
(182,	'TUESDAY',	'2024-07-02',	NULL,	NULL,	'STRENGTH',	'75',	NULL,	'00:00',	0,	104,	'active',	104,	104,	'2024-07-02 08:05:03',	'2024-07-02 08:05:03'),
(183,	'TUESDAY',	'2024-07-02',	NULL,	NULL,	'STRETCHING',	'20',	NULL,	'00:00',	0,	104,	'active',	104,	104,	'2024-07-02 08:05:03',	'2024-07-02 08:05:03'),
(184,	'TUESDAY',	'2024-07-02',	NULL,	NULL,	'WEIGHT_LIFTING',	'15',	NULL,	'00:00',	0,	104,	'active',	104,	104,	'2024-07-02 08:05:03',	'2024-07-02 08:05:03'),
(185,	'TUESDAY',	'2024-07-02',	'19:30:16',	'19:30:16',	'STRETCHING',	'5',	'Testing',	'00:00',	1,	100,	'active',	100,	100,	'2024-07-02 13:55:08',	'2024-07-02 14:00:50'),
(186,	'WEDNESDAY',	'2024-07-03',	NULL,	NULL,	'STRETCHING',	'0',	NULL,	'00:00',	0,	2,	'active',	2,	2,	'2024-07-03 08:05:02',	'2024-07-03 08:05:02'),
(191,	'WEDNESDAY',	'2024-07-03',	NULL,	NULL,	'SPORT_PRACTICE',	'15',	NULL,	'00:00',	0,	100,	'active',	100,	100,	'2024-07-03 08:05:02',	'2024-07-03 08:05:02'),
(192,	'WEDNESDAY',	'2024-07-03',	NULL,	NULL,	'STRETCHING',	'15',	NULL,	'00:00',	0,	100,	'active',	100,	100,	'2024-07-03 08:05:02',	'2024-07-03 08:05:02'),
(193,	'WEDNESDAY',	'2024-07-03',	NULL,	NULL,	'AEROBIC_EXERCISES',	'90',	NULL,	'00:00',	0,	104,	'active',	104,	104,	'2024-07-03 08:05:02',	'2024-07-03 08:05:02'),
(194,	'WEDNESDAY',	'2024-07-03',	NULL,	NULL,	'SPORT_PRACTICE',	'20',	NULL,	'00:00',	0,	104,	'active',	104,	104,	'2024-07-03 08:05:02',	'2024-07-03 08:05:02'),
(195,	'WEDNESDAY',	'2024-07-03',	NULL,	NULL,	'STRENGTH',	'0',	NULL,	'00:00',	0,	104,	'active',	104,	104,	'2024-07-03 08:05:02',	'2024-07-03 08:05:02'),
(196,	'WEDNESDAY',	'2024-07-03',	NULL,	NULL,	'WEIGHT_LIFTING',	'15',	NULL,	'00:00',	0,	104,	'active',	104,	104,	'2024-07-03 08:05:02',	'2024-07-03 08:05:02'),
(199,	'THURSDAY',	'2024-07-04',	NULL,	NULL,	'SPORT_PRACTICE',	'20',	NULL,	'00:00',	0,	2,	'active',	2,	2,	'2024-07-04 08:05:02',	'2024-07-04 08:05:02'),
(200,	'THURSDAY',	'2024-07-04',	NULL,	NULL,	'STRENGTH',	'5',	NULL,	'00:00',	0,	2,	'active',	2,	2,	'2024-07-04 08:05:02',	'2024-07-04 08:05:02'),
(201,	'THURSDAY',	'2024-07-04',	NULL,	NULL,	'WEIGHT_LIFTING',	'0',	NULL,	'00:00',	0,	2,	'active',	2,	2,	'2024-07-04 08:05:02',	'2024-07-04 08:05:02'),
(202,	'THURSDAY',	'2024-07-04',	NULL,	NULL,	'STRETCHING',	'25',	NULL,	'00:00',	0,	71,	'active',	71,	71,	'2024-07-04 08:05:02',	'2024-07-04 08:05:02'),
(203,	'THURSDAY',	'2024-07-04',	NULL,	NULL,	'WEIGHT_LIFTING',	'20',	NULL,	'00:00',	0,	71,	'active',	71,	71,	'2024-07-04 08:05:02',	'2024-07-04 08:05:02'),
(204,	'THURSDAY',	'2024-07-04',	NULL,	NULL,	'STRENGTH',	'90',	NULL,	'00:00',	0,	104,	'active',	104,	104,	'2024-07-04 08:05:02',	'2024-07-04 08:05:02'),
(205,	'THURSDAY',	'2024-07-04',	NULL,	NULL,	'STRETCHING',	'120',	NULL,	'00:00',	0,	104,	'active',	104,	104,	'2024-07-04 08:05:02',	'2024-07-04 08:05:02'),
(206,	'THURSDAY',	'2024-07-04',	NULL,	NULL,	'WEIGHT_LIFTING',	'90',	NULL,	'00:00',	0,	104,	'active',	104,	104,	'2024-07-04 08:05:02',	'2024-07-04 08:05:02'),
(207,	'FRIDAY',	'2024-07-05',	NULL,	NULL,	'STRENGTH',	'5',	NULL,	'00:00',	0,	71,	'active',	71,	71,	'2024-07-05 05:08:31',	'2024-07-05 05:08:31'),
(208,	'FRIDAY',	'2024-07-05',	NULL,	NULL,	'SPORT_PRACTICE',	'20',	NULL,	'00:00',	0,	71,	'active',	71,	71,	'2024-07-05 05:08:31',	'2024-07-05 05:08:31'),
(209,	'FRIDAY',	'2024-07-05',	NULL,	NULL,	'AEROBIC_EXERCISES',	'0',	NULL,	'00:00',	0,	2,	'active',	2,	2,	'2024-07-05 08:05:02',	'2024-07-05 08:05:02'),
(210,	'FRIDAY',	'2024-07-05',	NULL,	NULL,	'DAY_OFF',	'0',	NULL,	'00:00',	0,	2,	'active',	2,	2,	'2024-07-05 08:05:02',	'2024-07-05 08:05:02'),
(211,	'FRIDAY',	'2024-07-05',	NULL,	NULL,	'STRETCHING',	'5',	NULL,	'00:00',	0,	2,	'active',	2,	2,	'2024-07-05 08:05:02',	'2024-07-05 08:05:02'),
(212,	'FRIDAY',	'2024-07-05',	NULL,	NULL,	'AEROBIC_EXERCISES',	'0',	NULL,	'00:00',	0,	100,	'active',	100,	100,	'2024-07-05 08:05:02',	'2024-07-05 08:05:02'),
(213,	'FRIDAY',	'2024-07-05',	NULL,	NULL,	'SPORT_PRACTICE',	'0',	NULL,	'00:00',	0,	100,	'active',	100,	100,	'2024-07-05 08:05:02',	'2024-07-05 08:05:02'),
(214,	'FRIDAY',	'2024-07-05',	NULL,	NULL,	'STRENGTH',	'0',	NULL,	'00:00',	0,	100,	'active',	100,	100,	'2024-07-05 08:05:02',	'2024-07-05 08:05:02'),
(215,	'FRIDAY',	'2024-07-05',	NULL,	NULL,	'STRETCHING',	'20',	NULL,	'00:00',	0,	100,	'active',	100,	100,	'2024-07-05 08:05:02',	'2024-07-05 08:05:02'),
(216,	'FRIDAY',	'2024-07-05',	NULL,	NULL,	'WEIGHT_LIFTING',	'0',	NULL,	'00:00',	0,	100,	'active',	100,	100,	'2024-07-05 08:05:02',	'2024-07-05 08:05:02'),
(217,	'FRIDAY',	'2024-07-05',	NULL,	NULL,	'STRETCHING',	'75',	NULL,	'00:00',	0,	104,	'active',	104,	104,	'2024-07-05 08:05:02',	'2024-07-05 08:05:02'),
(218,	'FRIDAY',	'2024-07-05',	NULL,	NULL,	'WEIGHT_LIFTING',	'90',	NULL,	'00:00',	0,	104,	'active',	104,	104,	'2024-07-05 08:05:02',	'2024-07-05 08:05:02'),
(219,	'SATURDAY',	'2024-07-06',	NULL,	NULL,	'AEROBIC_EXERCISES',	'0',	NULL,	'00:00',	0,	2,	'active',	2,	2,	'2024-07-06 08:05:02',	'2024-07-06 08:05:02'),
(220,	'SATURDAY',	'2024-07-06',	NULL,	NULL,	'STRETCHING',	'5',	NULL,	'00:00',	0,	104,	'active',	104,	104,	'2024-07-06 08:05:02',	'2024-07-06 08:05:02'),
(221,	'SUNDAY',	'2024-07-07',	NULL,	NULL,	'DAY_OFF',	'0',	NULL,	'00:00',	0,	2,	'active',	2,	2,	'2024-07-07 08:05:02',	'2024-07-07 08:05:02'),
(222,	'SUNDAY',	'2024-07-07',	NULL,	NULL,	'WEIGHT_LIFTING',	'20',	NULL,	'00:00',	0,	104,	'active',	104,	104,	'2024-07-07 08:05:02',	'2024-07-07 08:05:02'),
(223,	'MONDAY',	'2024-07-08',	NULL,	NULL,	'DAY_OFF',	'0',	NULL,	'00:00',	0,	2,	'active',	2,	2,	'2024-07-08 08:05:02',	'2024-07-08 08:05:02'),
(224,	'MONDAY',	'2024-07-08',	NULL,	NULL,	'AEROBIC_EXERCISES',	'75',	NULL,	'00:00',	0,	71,	'active',	71,	71,	'2024-07-08 08:05:02',	'2024-07-08 08:05:02'),
(225,	'MONDAY',	'2024-07-08',	NULL,	NULL,	'STRENGTH',	'120',	NULL,	'00:00',	0,	71,	'active',	71,	71,	'2024-07-08 08:05:02',	'2024-07-08 08:05:02'),
(226,	'MONDAY',	'2024-07-08',	NULL,	NULL,	'STRETCHING',	'15',	NULL,	'00:00',	0,	71,	'active',	71,	71,	'2024-07-08 08:05:02',	'2024-07-08 08:05:02'),
(227,	'MONDAY',	'2024-07-08',	NULL,	NULL,	'WEIGHT_LIFTING',	'1',	NULL,	'00:00',	0,	71,	'active',	71,	71,	'2024-07-08 08:05:02',	'2024-07-08 08:05:02'),
(228,	'MONDAY',	'2024-07-08',	NULL,	NULL,	'STRETCHING',	'120',	NULL,	'00:00',	0,	89,	'active',	89,	89,	'2024-07-08 08:05:02',	'2024-07-08 08:05:02'),
(229,	'MONDAY',	'2024-07-08',	NULL,	NULL,	'WEIGHT_LIFTING',	'1',	NULL,	'00:00',	0,	89,	'active',	89,	89,	'2024-07-08 08:05:02',	'2024-07-08 08:05:02'),
(230,	'MONDAY',	'2024-07-08',	NULL,	NULL,	'STRENGTH',	'15',	NULL,	'00:00',	0,	100,	'active',	100,	100,	'2024-07-08 08:05:02',	'2024-07-08 08:05:02'),
(231,	'MONDAY',	'2024-07-08',	NULL,	NULL,	'STRENGTH',	'60',	NULL,	'00:00',	0,	104,	'active',	104,	104,	'2024-07-08 08:05:02',	'2024-07-08 08:05:02'),
(232,	'MONDAY',	'2024-07-08',	NULL,	NULL,	'STRETCHING',	'20',	NULL,	'00:00',	0,	105,	'active',	105,	105,	'2024-07-08 08:05:02',	'2024-07-08 08:05:02'),
(233,	'TUESDAY',	'2024-07-09',	NULL,	NULL,	'DAY_OFF',	'0',	NULL,	'00:00',	0,	2,	'active',	2,	2,	'2024-07-09 08:05:02',	'2024-07-09 08:05:02'),
(234,	'TUESDAY',	'2024-07-09',	NULL,	NULL,	'AEROBIC_EXERCISES',	'15',	NULL,	'00:00',	0,	71,	'active',	71,	71,	'2024-07-09 08:05:02',	'2024-07-09 08:05:02'),
(235,	'TUESDAY',	'2024-07-09',	NULL,	NULL,	'STRENGTH',	'0',	NULL,	'00:00',	0,	71,	'active',	71,	71,	'2024-07-09 08:05:02',	'2024-07-09 08:05:02'),
(236,	'TUESDAY',	'2024-07-09',	NULL,	NULL,	'STRETCHING',	'15',	NULL,	'00:00',	0,	71,	'active',	71,	71,	'2024-07-09 08:05:02',	'2024-07-09 08:05:02'),
(237,	'TUESDAY',	'2024-07-09',	NULL,	NULL,	'WEIGHT_LIFTING',	'0',	NULL,	'00:00',	0,	71,	'active',	71,	71,	'2024-07-09 08:05:02',	'2024-07-09 08:05:02'),
(238,	'TUESDAY',	'2024-07-09',	NULL,	NULL,	'STRETCHING',	'5',	NULL,	'00:00',	0,	100,	'active',	100,	100,	'2024-07-09 08:05:02',	'2024-07-09 08:05:02'),
(239,	'TUESDAY',	'2024-07-09',	NULL,	NULL,	'AEROBIC_EXERCISES',	'75',	NULL,	'00:00',	0,	104,	'active',	104,	104,	'2024-07-09 08:05:02',	'2024-07-09 08:05:02'),
(240,	'TUESDAY',	'2024-07-09',	NULL,	NULL,	'SPORT_PRACTICE',	'75',	NULL,	'00:00',	0,	104,	'active',	104,	104,	'2024-07-09 08:05:02',	'2024-07-09 08:05:02'),
(241,	'TUESDAY',	'2024-07-09',	NULL,	NULL,	'STRENGTH',	'75',	NULL,	'00:00',	0,	104,	'active',	104,	104,	'2024-07-09 08:05:02',	'2024-07-09 08:05:02'),
(242,	'TUESDAY',	'2024-07-09',	NULL,	NULL,	'STRETCHING',	'20',	NULL,	'00:00',	0,	104,	'active',	104,	104,	'2024-07-09 08:05:02',	'2024-07-09 08:05:02'),
(243,	'TUESDAY',	'2024-07-09',	NULL,	NULL,	'WEIGHT_LIFTING',	'15',	NULL,	'00:00',	0,	104,	'active',	104,	104,	'2024-07-09 08:05:02',	'2024-07-09 08:05:02'),
(260,	'WEDNESDAY',	'2024-07-10',	NULL,	NULL,	'STRETCHING',	'25',	NULL,	'00:00',	0,	71,	'active',	71,	71,	'2024-07-10 05:50:12',	'2024-07-10 05:50:12'),
(261,	'WEDNESDAY',	'2024-07-10',	NULL,	NULL,	'STRENGTH',	'15',	NULL,	'00:00',	0,	71,	'active',	71,	71,	'2024-07-10 05:50:12',	'2024-07-10 05:50:12'),
(262,	'WEDNESDAY',	'2024-07-10',	NULL,	NULL,	'WEIGHT_LIFTING',	'20',	NULL,	'00:00',	0,	71,	'active',	71,	71,	'2024-07-10 05:50:12',	'2024-07-10 05:50:12'),
(263,	'WEDNESDAY',	'2024-07-10',	NULL,	NULL,	'AEROBIC_EXERCISES',	'20',	NULL,	'00:00',	0,	71,	'active',	71,	71,	'2024-07-10 05:50:12',	'2024-07-10 05:50:12'),
(264,	'WEDNESDAY',	'2024-07-10',	NULL,	NULL,	'STRETCHING',	'0',	NULL,	'00:00',	0,	2,	'active',	2,	2,	'2024-07-10 08:05:02',	'2024-07-10 08:05:02'),
(265,	'WEDNESDAY',	'2024-07-10',	NULL,	NULL,	'SPORT_PRACTICE',	'15',	NULL,	'00:00',	0,	100,	'active',	100,	100,	'2024-07-10 08:05:02',	'2024-07-10 08:05:02'),
(266,	'WEDNESDAY',	'2024-07-10',	NULL,	NULL,	'STRETCHING',	'15',	NULL,	'00:00',	0,	100,	'active',	100,	100,	'2024-07-10 08:05:02',	'2024-07-10 08:05:02'),
(267,	'WEDNESDAY',	'2024-07-10',	NULL,	NULL,	'AEROBIC_EXERCISES',	'90',	NULL,	'00:00',	0,	104,	'active',	104,	104,	'2024-07-10 08:05:02',	'2024-07-10 08:05:02'),
(268,	'WEDNESDAY',	'2024-07-10',	NULL,	NULL,	'SPORT_PRACTICE',	'20',	NULL,	'00:00',	0,	104,	'active',	104,	104,	'2024-07-10 08:05:02',	'2024-07-10 08:05:02'),
(269,	'WEDNESDAY',	'2024-07-10',	NULL,	NULL,	'STRENGTH',	'0',	NULL,	'00:00',	0,	104,	'active',	104,	104,	'2024-07-10 08:05:02',	'2024-07-10 08:05:02'),
(270,	'WEDNESDAY',	'2024-07-10',	NULL,	NULL,	'WEIGHT_LIFTING',	'15',	NULL,	'00:00',	0,	104,	'active',	104,	104,	'2024-07-10 08:05:02',	'2024-07-10 08:05:02'),
(275,	'WEDNESDAY',	'2024-07-10',	NULL,	NULL,	'STRETCHING',	'20',	NULL,	'00:00',	0,	105,	'active',	105,	105,	'2024-07-10 14:29:59',	'2024-07-10 14:29:59'),
(276,	'WEDNESDAY',	'2024-07-10',	NULL,	NULL,	'STRENGTH',	'25',	NULL,	'00:00',	0,	105,	'active',	105,	105,	'2024-07-10 14:29:59',	'2024-07-10 14:29:59');

DROP TABLE IF EXISTS `fitness_settings`;
CREATE TABLE `fitness_settings` (
  `id` bigint(20) unsigned NOT NULL AUTO_INCREMENT,
  `day` varchar(100) DEFAULT NULL,
  `value` varchar(255) DEFAULT NULL,
  `duration` varchar(100) NOT NULL DEFAULT '0',
  `repeat_date` date DEFAULT NULL,
  `icon` varchar(255) DEFAULT NULL,
  `user_id` bigint(20) unsigned DEFAULT NULL,
  `status` enum('active','inactive','deleted') NOT NULL DEFAULT 'active',
  `created_by` bigint(20) unsigned DEFAULT NULL,
  `updated_by` bigint(20) unsigned DEFAULT NULL,
  `created_at` datetime DEFAULT NULL,
  `updated_at` datetime DEFAULT NULL,
  PRIMARY KEY (`id`)
) ENGINE=InnoDB AUTO_INCREMENT=625 DEFAULT CHARSET=utf8mb4 COLLATE=utf8mb4_general_ci;

INSERT INTO `fitness_settings` (`id`, `day`, `value`, `duration`, `repeat_date`, `icon`, `user_id`, `status`, `created_by`, `updated_by`, `created_at`, `updated_at`) VALUES
(65,	'TUESDAY',	'STRENGTH',	'25',	NULL,	NULL,	76,	'active',	76,	76,	'2024-06-04 13:08:49',	'2024-06-04 13:08:49'),
(136,	'MONDAY',	'STRETCHING',	'120',	NULL,	NULL,	89,	'active',	89,	89,	'2024-06-10 07:25:56',	'2024-06-10 07:25:56'),
(137,	'MONDAY',	'WEIGHT_LIFTING',	'1',	NULL,	NULL,	89,	'active',	89,	89,	'2024-06-10 07:25:56',	'2024-06-10 07:25:56'),
(170,	'MONDAY',	'STRETCHING',	'120',	NULL,	NULL,	72,	'active',	72,	72,	'2024-06-17 05:25:25',	'2024-06-17 05:25:25'),
(240,	'MONDAY',	'DAY_OFF',	'0',	NULL,	NULL,	2,	'active',	2,	2,	'2024-06-19 13:21:06',	'2024-06-19 13:21:06'),
(241,	'TUESDAY',	'DAY_OFF',	'0',	NULL,	NULL,	2,	'active',	2,	2,	'2024-06-19 13:21:06',	'2024-06-19 13:21:06'),
(242,	'WEDNESDAY',	'STRETCHING',	'0',	NULL,	NULL,	2,	'active',	2,	2,	'2024-06-19 13:21:06',	'2024-06-19 13:21:06'),
(243,	'THURSDAY',	'STRENGTH',	'5',	NULL,	NULL,	2,	'active',	2,	2,	'2024-06-19 13:21:06',	'2024-06-19 13:21:06'),
(244,	'THURSDAY',	'WEIGHT_LIFTING',	'0',	NULL,	NULL,	2,	'active',	2,	2,	'2024-06-19 13:21:06',	'2024-06-19 13:21:06'),
(245,	'THURSDAY',	'SPORT_PRACTICE',	'20',	NULL,	NULL,	2,	'active',	2,	2,	'2024-06-19 13:21:06',	'2024-06-19 13:21:06'),
(246,	'FRIDAY',	'STRETCHING',	'5',	NULL,	NULL,	2,	'active',	2,	2,	'2024-06-19 13:21:06',	'2024-06-19 13:21:06'),
(247,	'FRIDAY',	'AEROBIC_EXERCISES',	'0',	NULL,	NULL,	2,	'active',	2,	2,	'2024-06-19 13:21:06',	'2024-06-19 13:21:06'),
(248,	'FRIDAY',	'DAY_OFF',	'0',	NULL,	NULL,	2,	'active',	2,	2,	'2024-06-19 13:21:06',	'2024-06-19 13:21:06'),
(249,	'SATURDAY',	'AEROBIC_EXERCISES',	'0',	NULL,	NULL,	2,	'active',	2,	2,	'2024-06-19 13:21:06',	'2024-06-19 13:21:06'),
(250,	'SUNDAY',	'DAY_OFF',	'0',	NULL,	NULL,	2,	'active',	2,	2,	'2024-06-19 13:21:06',	'2024-06-19 13:21:06'),
(251,	'REPEAT',	'ONE_MONTH',	'0',	NULL,	NULL,	2,	'active',	2,	2,	'2024-06-19 13:21:06',	'2024-06-19 13:21:06'),
(464,	'MONDAY',	'STRENGTH',	'60',	NULL,	NULL,	104,	'active',	104,	104,	'2024-06-26 08:22:43',	'2024-06-26 08:22:43'),
(465,	'TUESDAY',	'STRETCHING',	'20',	NULL,	NULL,	104,	'active',	104,	104,	'2024-06-26 08:22:43',	'2024-06-26 08:22:43'),
(466,	'TUESDAY',	'STRENGTH',	'75',	NULL,	NULL,	104,	'active',	104,	104,	'2024-06-26 08:22:43',	'2024-06-26 08:22:43'),
(467,	'TUESDAY',	'WEIGHT_LIFTING',	'15',	NULL,	NULL,	104,	'active',	104,	104,	'2024-06-26 08:22:43',	'2024-06-26 08:22:43'),
(468,	'TUESDAY',	'AEROBIC_EXERCISES',	'75',	NULL,	NULL,	104,	'active',	104,	104,	'2024-06-26 08:22:43',	'2024-06-26 08:22:43'),
(469,	'TUESDAY',	'SPORT_PRACTICE',	'75',	NULL,	NULL,	104,	'active',	104,	104,	'2024-06-26 08:22:43',	'2024-06-26 08:22:43'),
(470,	'WEDNESDAY',	'STRENGTH',	'0',	NULL,	NULL,	104,	'active',	104,	104,	'2024-06-26 08:22:43',	'2024-06-26 08:22:43'),
(471,	'WEDNESDAY',	'WEIGHT_LIFTING',	'15',	NULL,	NULL,	104,	'active',	104,	104,	'2024-06-26 08:22:43',	'2024-06-26 08:22:43'),
(472,	'WEDNESDAY',	'AEROBIC_EXERCISES',	'90',	NULL,	NULL,	104,	'active',	104,	104,	'2024-06-26 08:22:43',	'2024-06-26 08:22:43'),
(473,	'WEDNESDAY',	'SPORT_PRACTICE',	'20',	NULL,	NULL,	104,	'active',	104,	104,	'2024-06-26 08:22:43',	'2024-06-26 08:22:43'),
(474,	'THURSDAY',	'STRETCHING',	'120',	NULL,	NULL,	104,	'active',	104,	104,	'2024-06-26 08:22:43',	'2024-06-26 08:22:43'),
(475,	'THURSDAY',	'STRENGTH',	'90',	NULL,	NULL,	104,	'active',	104,	104,	'2024-06-26 08:22:43',	'2024-06-26 08:22:43'),
(476,	'THURSDAY',	'WEIGHT_LIFTING',	'90',	NULL,	NULL,	104,	'active',	104,	104,	'2024-06-26 08:22:43',	'2024-06-26 08:22:43'),
(477,	'FRIDAY',	'STRETCHING',	'75',	NULL,	NULL,	104,	'active',	104,	104,	'2024-06-26 08:22:43',	'2024-06-26 08:22:43'),
(478,	'FRIDAY',	'WEIGHT_LIFTING',	'90',	NULL,	NULL,	104,	'active',	104,	104,	'2024-06-26 08:22:43',	'2024-06-26 08:22:43'),
(479,	'SATURDAY',	'STRETCHING',	'5',	NULL,	NULL,	104,	'active',	104,	104,	'2024-06-26 08:22:43',	'2024-06-26 08:22:43'),
(480,	'SUNDAY',	'WEIGHT_LIFTING',	'20',	NULL,	NULL,	104,	'active',	104,	104,	'2024-06-26 08:22:43',	'2024-06-26 08:22:43'),
(481,	'REPEAT',	'TWO_WEEKS',	'0',	NULL,	NULL,	104,	'active',	104,	104,	'2024-06-26 08:22:43',	'2024-06-26 08:22:43'),
(497,	'MONDAY',	'STRENGTH',	'15',	NULL,	NULL,	100,	'active',	100,	100,	'2024-07-02 13:55:08',	'2024-07-02 13:55:08'),
(498,	'WEDNESDAY',	'STRETCHING',	'15',	NULL,	NULL,	100,	'active',	100,	100,	'2024-07-02 13:55:08',	'2024-07-02 13:55:08'),
(499,	'WEDNESDAY',	'SPORT_PRACTICE',	'15',	NULL,	NULL,	100,	'active',	100,	100,	'2024-07-02 13:55:08',	'2024-07-02 13:55:08'),
(500,	'FRIDAY',	'STRETCHING',	'20',	NULL,	NULL,	100,	'active',	100,	100,	'2024-07-02 13:55:08',	'2024-07-02 13:55:08'),
(501,	'FRIDAY',	'STRENGTH',	'0',	NULL,	NULL,	100,	'active',	100,	100,	'2024-07-02 13:55:08',	'2024-07-02 13:55:08'),
(502,	'FRIDAY',	'WEIGHT_LIFTING',	'0',	NULL,	NULL,	100,	'active',	100,	100,	'2024-07-02 13:55:08',	'2024-07-02 13:55:08'),
(503,	'FRIDAY',	'AEROBIC_EXERCISES',	'0',	NULL,	NULL,	100,	'active',	100,	100,	'2024-07-02 13:55:08',	'2024-07-02 13:55:08'),
(504,	'FRIDAY',	'SPORT_PRACTICE',	'0',	NULL,	NULL,	100,	'active',	100,	100,	'2024-07-02 13:55:08',	'2024-07-02 13:55:08'),
(505,	'REPEAT',	'TWO_WEEKS',	'0',	NULL,	NULL,	100,	'active',	100,	100,	'2024-07-02 13:55:08',	'2024-07-02 13:55:08'),
(506,	'TUESDAY',	'STRETCHING',	'5',	NULL,	NULL,	100,	'active',	100,	100,	'2024-07-02 13:55:08',	'2024-07-02 13:55:08'),
(590,	'MONDAY',	'STRETCHING',	'15',	NULL,	NULL,	71,	'active',	71,	71,	'2024-07-10 05:50:12',	'2024-07-10 05:50:12'),
(591,	'MONDAY',	'STRENGTH',	'120',	NULL,	NULL,	71,	'active',	71,	71,	'2024-07-10 05:50:12',	'2024-07-10 05:50:12'),
(592,	'MONDAY',	'WEIGHT_LIFTING',	'1',	NULL,	NULL,	71,	'active',	71,	71,	'2024-07-10 05:50:12',	'2024-07-10 05:50:12'),
(593,	'MONDAY',	'AEROBIC_EXERCISES',	'75',	NULL,	NULL,	71,	'active',	71,	71,	'2024-07-10 05:50:12',	'2024-07-10 05:50:12'),
(594,	'TUESDAY',	'STRETCHING',	'15',	NULL,	NULL,	71,	'active',	71,	71,	'2024-07-10 05:50:12',	'2024-07-10 05:50:12'),
(595,	'TUESDAY',	'STRENGTH',	'0',	NULL,	NULL,	71,	'active',	71,	71,	'2024-07-10 05:50:12',	'2024-07-10 05:50:12'),
(596,	'TUESDAY',	'WEIGHT_LIFTING',	'0',	NULL,	NULL,	71,	'active',	71,	71,	'2024-07-10 05:50:12',	'2024-07-10 05:50:12'),
(597,	'TUESDAY',	'AEROBIC_EXERCISES',	'15',	NULL,	NULL,	71,	'active',	71,	71,	'2024-07-10 05:50:12',	'2024-07-10 05:50:12'),
(598,	'WEDNESDAY',	'STRETCHING',	'25',	NULL,	NULL,	71,	'active',	71,	71,	'2024-07-10 05:50:12',	'2024-07-10 05:50:12'),
(599,	'WEDNESDAY',	'STRENGTH',	'15',	NULL,	NULL,	71,	'active',	71,	71,	'2024-07-10 05:50:12',	'2024-07-10 05:50:12'),
(600,	'WEDNESDAY',	'WEIGHT_LIFTING',	'20',	NULL,	NULL,	71,	'active',	71,	71,	'2024-07-10 05:50:12',	'2024-07-10 05:50:12'),
(601,	'WEDNESDAY',	'AEROBIC_EXERCISES',	'20',	NULL,	NULL,	71,	'active',	71,	71,	'2024-07-10 05:50:12',	'2024-07-10 05:50:12'),
(602,	'THURSDAY',	'STRETCHING',	'25',	NULL,	NULL,	71,	'active',	71,	71,	'2024-07-10 05:50:12',	'2024-07-10 05:50:12'),
(603,	'THURSDAY',	'WEIGHT_LIFTING',	'20',	NULL,	NULL,	71,	'active',	71,	71,	'2024-07-10 05:50:12',	'2024-07-10 05:50:12'),
(604,	'FRIDAY',	'STRENGTH',	'5',	NULL,	NULL,	71,	'active',	71,	71,	'2024-07-10 05:50:12',	'2024-07-10 05:50:12'),
(605,	'FRIDAY',	'SPORT_PRACTICE',	'20',	NULL,	NULL,	71,	'active',	71,	71,	'2024-07-10 05:50:12',	'2024-07-10 05:50:12'),
(612,	'MONDAY',	'STRETCHING',	'25',	NULL,	NULL,	106,	'active',	106,	106,	'2024-07-10 10:12:45',	'2024-07-10 10:12:45'),
(613,	'MONDAY',	'WEIGHT_LIFTING',	'45',	NULL,	NULL,	106,	'active',	106,	106,	'2024-07-10 10:12:45',	'2024-07-10 10:12:45'),
(614,	'SUNDAY',	'STRENGTH',	'90',	NULL,	NULL,	106,	'active',	106,	106,	'2024-07-10 10:12:45',	'2024-07-10 10:12:45'),
(615,	'SUNDAY',	'SPORT_PRACTICE',	'75',	NULL,	NULL,	106,	'active',	106,	106,	'2024-07-10 10:12:45',	'2024-07-10 10:12:45'),
(616,	'WEEK_FIRST_DAY',	'SUNDAY',	'0',	NULL,	NULL,	106,	'active',	106,	106,	'2024-07-10 10:12:45',	'2024-07-10 10:12:45'),
(621,	'MONDAY',	'STRETCHING',	'20',	NULL,	NULL,	105,	'active',	105,	105,	'2024-07-10 14:29:59',	'2024-07-10 14:29:59'),
(622,	'WEDNESDAY',	'STRETCHING',	'20',	NULL,	NULL,	105,	'active',	105,	105,	'2024-07-10 14:29:59',	'2024-07-10 14:29:59'),
(623,	'WEDNESDAY',	'STRENGTH',	'25',	NULL,	NULL,	105,	'active',	105,	105,	'2024-07-10 14:29:59',	'2024-07-10 14:29:59'),
(624,	'WEEK_FIRST_DAY',	'SUNDAY',	'0',	NULL,	NULL,	105,	'active',	105,	105,	'2024-07-10 14:29:59',	'2024-07-10 14:29:59');

DROP TABLE IF EXISTS `getting_started`;
CREATE TABLE `getting_started` (
  `id` bigint(20) unsigned NOT NULL AUTO_INCREMENT,
  `title` varchar(255) DEFAULT NULL,
  `video_url` text DEFAULT NULL,
  `provider_type` enum('youtube','vimeo') DEFAULT NULL,
  `description` text DEFAULT NULL,
  `media_id` bigint(20) unsigned DEFAULT NULL,
  `category_id` bigint(20) unsigned DEFAULT NULL,
  `status` enum('active','inactive','deleted') NOT NULL DEFAULT 'active',
  `created_by` bigint(20) unsigned DEFAULT NULL,
  `updated_by` bigint(20) unsigned DEFAULT NULL,
  `created_at` datetime DEFAULT NULL,
  `updated_at` datetime DEFAULT NULL,
  PRIMARY KEY (`id`)
) ENGINE=InnoDB AUTO_INCREMENT=5 DEFAULT CHARSET=utf8mb4 COLLATE=utf8mb4_general_ci;

INSERT INTO `getting_started` (`id`, `title`, `video_url`, `provider_type`, `description`, `media_id`, `category_id`, `status`, `created_by`, `updated_by`, `created_at`, `updated_at`) VALUES
(1,	'checking 1',	'https://www.youtube.com/watch?v=nqO6cEbXyKM',	'youtube',	'checking',	57,	7,	'deleted',	1,	1,	'2024-06-20 14:10:57',	'2024-06-20 14:11:30'),
(2,	'checking',	'https://www.youtube.com/watch?v=nqO6cEbXyKM',	'youtube',	'checking',	0,	7,	'active',	1,	1,	'2024-06-20 14:12:03',	'2024-06-20 14:12:03'),
(3,	'Testing 1',	'https://www.youtube.com/watch?v=9VsEAEX6C9Q',	'youtube',	'Testing',	58,	7,	'active',	100,	100,	'2024-06-21 05:27:20',	'2024-06-21 05:27:20'),
(4,	'test t',	NULL,	'youtube',	'test',	143,	7,	'active',	1,	1,	'2024-06-24 13:08:14',	'2024-06-26 16:02:03');

DROP TABLE IF EXISTS `health_markers`;
CREATE TABLE `health_markers` (
  `id` bigint(20) unsigned NOT NULL AUTO_INCREMENT,
  `type` enum('health-markers','health-measurements') DEFAULT NULL,
  `date` date DEFAULT NULL,
  `weight` varchar(255) DEFAULT NULL,
  `weight_lbl` varchar(255) DEFAULT NULL,
  `body_fat` varchar(255) DEFAULT NULL,
  `bmi` varchar(255) DEFAULT NULL,
  `body_water` varchar(255) DEFAULT NULL,
  `skeletal_muscle` varchar(255) DEFAULT NULL,
  `user_id` bigint(20) unsigned DEFAULT NULL,
  `status` enum('active','inactive','deleted') DEFAULT 'active',
  `created_by` bigint(20) unsigned NOT NULL,
  `updated_by` bigint(20) unsigned NOT NULL,
  `created_at` datetime NOT NULL,
  `updated_at` datetime NOT NULL,
  PRIMARY KEY (`id`)
) ENGINE=InnoDB AUTO_INCREMENT=35 DEFAULT CHARSET=utf8mb4 COLLATE=utf8mb4_general_ci;

INSERT INTO `health_markers` (`id`, `type`, `date`, `weight`, `weight_lbl`, `body_fat`, `bmi`, `body_water`, `skeletal_muscle`, `user_id`, `status`, `created_by`, `updated_by`, `created_at`, `updated_at`) VALUES
(1,	'health-markers',	'2024-05-27',	NULL,	'POUNDS_LBS',	NULL,	NULL,	NULL,	NULL,	2,	'active',	2,	2,	'2024-05-27 11:19:39',	'2024-05-27 11:19:39'),
(2,	'health-markers',	'2024-05-28',	'89',	'POUNDS_LBS',	'45',	'5',	'4',	'5',	71,	'active',	71,	71,	'2024-06-06 07:51:49',	'2024-06-06 07:51:49'),
(3,	'health-markers',	'2024-05-30',	'6',	'KILOGRAM/KG',	'32',	'34',	'65',	'55',	71,	'active',	71,	71,	'2024-05-30 13:46:08',	'2024-05-30 13:46:08'),
(4,	'health-markers',	'2024-06-04',	'89',	'KILOGRAM/KG',	NULL,	NULL,	NULL,	NULL,	71,	'active',	71,	71,	'2024-06-04 06:17:45',	'2024-06-04 06:17:45'),
(5,	'health-markers',	'2024-06-04',	NULL,	'',	NULL,	NULL,	NULL,	NULL,	75,	'active',	75,	75,	'2024-06-04 12:04:21',	'2024-06-04 12:04:21'),
(6,	'health-markers',	'2024-06-04',	'89',	'',	NULL,	NULL,	'4',	NULL,	76,	'active',	76,	76,	'2024-06-04 12:42:25',	'2024-06-04 12:42:25'),
(7,	'health-markers',	'2024-06-06',	'25',	'KILOGRAM/KG',	'5',	'8',	'7',	'9',	71,	'active',	71,	71,	'2024-06-06 12:46:59',	'2024-06-06 12:46:59'),
(8,	'health-markers',	'2024-06-07',	'35',	'POUNDS_LBS',	'65',	'65',	'99',	'44',	71,	'active',	71,	71,	'2024-06-07 13:55:48',	'2024-06-07 13:55:48'),
(9,	'health-markers',	'2024-06-10',	'35',	'KILOGRAM/KG',	'65',	'65',	'99',	'44',	71,	'active',	71,	71,	'2024-06-10 11:16:45',	'2024-06-10 11:16:45'),
(10,	'health-markers',	'2024-06-10',	'35',	'',	'65',	'65',	'99',	'44',	89,	'active',	89,	89,	'2024-06-10 10:36:32',	'2024-06-10 10:36:32'),
(11,	'health-markers',	'2024-06-11',	'3',	'KILOGRAM/KG',	'3',	'4',	'3',	'4',	71,	'active',	71,	71,	'2024-06-11 11:40:09',	'2024-06-11 11:40:09'),
(12,	'health-markers',	'2024-06-13',	'56',	'POUNDS_LBS',	'34',	'45',	'3',	'4',	71,	'active',	71,	71,	'2024-06-13 13:40:05',	'2024-06-13 13:40:05'),
(13,	'health-markers',	'2024-06-17',	NULL,	'KILOGRAM/KG',	NULL,	NULL,	NULL,	NULL,	100,	'active',	100,	100,	'2024-06-17 13:40:47',	'2024-06-17 13:40:47'),
(14,	'health-markers',	'2024-06-18',	NULL,	'KILOGRAM/KG',	NULL,	NULL,	NULL,	NULL,	100,	'active',	100,	100,	'2024-06-18 09:48:15',	'2024-06-18 09:48:15'),
(15,	'health-markers',	'2024-06-19',	'2',	'KILOGRAM/KG',	'4',	'3',	'3',	'6',	2,	'active',	2,	2,	'2024-06-19 12:39:08',	'2024-06-19 12:39:08'),
(16,	'health-markers',	'2024-06-21',	'89',	'POUNDS_LBS',	'45',	'5',	'4',	'5',	71,	'active',	71,	71,	'2024-06-21 11:22:38',	'2024-06-21 11:22:38'),
(17,	'health-markers',	'2024-06-21',	NULL,	'POUNDS_LBS',	NULL,	NULL,	NULL,	NULL,	104,	'active',	104,	104,	'2024-06-21 11:11:48',	'2024-06-21 11:11:48'),
(20,	'health-markers',	'2024-06-24',	'89',	'POUNDS_LBS',	'45',	'5',	'4',	'5',	71,	'active',	71,	71,	'2024-06-24 14:09:22',	'2024-06-24 14:09:22'),
(21,	'health-markers',	'2024-06-25',	'80',	'POUNDS_LBS',	'45',	'5',	'4',	'5',	71,	'active',	71,	71,	'2024-06-25 14:20:42',	'2024-06-25 14:20:42'),
(22,	'health-markers',	'2024-06-26',	'80',	'POUNDS_LBS',	'45',	'5',	'4',	'5',	71,	'active',	71,	71,	'2024-06-26 12:41:37',	'2024-06-26 12:41:37'),
(23,	'health-markers',	'2024-06-26',	NULL,	'KILOGRAM/KG',	NULL,	NULL,	NULL,	NULL,	100,	'active',	100,	100,	'2024-06-26 05:33:02',	'2024-06-26 05:33:02'),
(24,	'health-markers',	'2024-06-27',	'80',	'POUNDS_LBS',	'45',	'5',	'4',	'5',	71,	'active',	71,	71,	'2024-06-27 10:08:04',	'2024-06-27 10:08:04'),
(25,	'health-markers',	'2024-06-27',	NULL,	'KILOGRAM/KG',	NULL,	NULL,	NULL,	NULL,	100,	'active',	100,	100,	'2024-06-27 13:37:22',	'2024-06-27 13:37:22'),
(26,	'health-markers',	'2024-06-28',	'7',	'POUNDS_LBS',	'7',	'7',	'7',	'7',	71,	'active',	71,	71,	'2024-06-28 12:03:25',	'2024-06-28 12:03:25'),
(27,	'health-markers',	'2024-06-28',	NULL,	'KILOGRAM/KG',	NULL,	NULL,	NULL,	NULL,	100,	'active',	100,	100,	'2024-06-28 13:05:52',	'2024-06-28 13:05:52'),
(28,	'health-markers',	'2024-07-01',	'7',	'KILOGRAM/KG',	'7',	'7',	'7',	'7',	71,	'active',	71,	71,	'2024-07-01 13:42:00',	'2024-07-01 13:42:00'),
(29,	'health-markers',	'2024-07-02',	'7',	'KILOGRAM/KG',	NULL,	NULL,	'7',	'7',	71,	'active',	71,	71,	'2024-07-02 11:49:17',	'2024-07-02 11:49:17'),
(30,	'health-markers',	'2024-07-02',	NULL,	'KILOGRAM/KG',	NULL,	NULL,	NULL,	NULL,	100,	'active',	100,	100,	'2024-07-02 07:05:36',	'2024-07-02 07:05:36'),
(31,	'health-markers',	'2024-07-03',	NULL,	'POUNDS_LBS',	NULL,	NULL,	NULL,	NULL,	71,	'active',	71,	71,	'2024-07-03 10:26:56',	'2024-07-03 10:26:56'),
(32,	'health-markers',	'2024-07-05',	NULL,	'POUNDS_LBS',	NULL,	NULL,	NULL,	NULL,	71,	'active',	71,	71,	'2024-07-05 04:56:14',	'2024-07-05 04:56:14'),
(33,	'health-markers',	'2024-07-10',	NULL,	'POUNDS_LBS',	NULL,	NULL,	NULL,	NULL,	71,	'active',	71,	71,	'2024-07-10 05:38:02',	'2024-07-10 05:38:02'),
(34,	'health-markers',	'2024-07-10',	NULL,	'KILOGRAM/KG',	NULL,	NULL,	NULL,	NULL,	106,	'active',	106,	106,	'2024-07-10 12:37:54',	'2024-07-10 12:37:54');

DROP TABLE IF EXISTS `health_marker_images`;
CREATE TABLE `health_marker_images` (
  `id` bigint(20) unsigned NOT NULL AUTO_INCREMENT,
  `media_id` bigint(20) unsigned DEFAULT NULL,
  `health_marker_id` bigint(20) unsigned DEFAULT NULL,
  `created_by` bigint(20) unsigned DEFAULT NULL,
  `updated_by` bigint(20) unsigned DEFAULT NULL,
  `created_at` datetime DEFAULT NULL,
  `updated_at` datetime DEFAULT NULL,
  PRIMARY KEY (`id`)
) ENGINE=InnoDB AUTO_INCREMENT=205 DEFAULT CHARSET=utf8mb4 COLLATE=utf8mb4_general_ci;

INSERT INTO `health_marker_images` (`id`, `media_id`, `health_marker_id`, `created_by`, `updated_by`, `created_at`, `updated_at`) VALUES
(1,	50,	15,	2,	2,	'2024-06-19 12:39:08',	'2024-06-19 12:39:08'),
(15,	67,	17,	104,	104,	'2024-06-21 11:11:48',	'2024-06-21 11:11:48'),
(16,	68,	17,	104,	104,	'2024-06-21 11:11:48',	'2024-06-21 11:11:48'),
(17,	69,	17,	104,	104,	'2024-06-21 11:11:48',	'2024-06-21 11:11:48'),
(18,	70,	17,	104,	104,	'2024-06-21 11:11:48',	'2024-06-21 11:11:48'),
(21,	65,	16,	71,	71,	'2024-06-21 11:22:38',	'2024-06-21 11:22:38'),
(22,	66,	16,	71,	71,	'2024-06-21 11:22:38',	'2024-06-21 11:22:38'),
(30,	74,	20,	71,	71,	'2024-06-24 14:09:22',	'2024-06-24 14:09:22'),
(58,	123,	21,	71,	71,	'2024-06-25 14:20:42',	'2024-06-25 14:20:42'),
(59,	130,	21,	71,	71,	'2024-06-25 14:20:42',	'2024-06-25 14:20:42'),
(66,	133,	23,	100,	100,	'2024-06-26 05:33:02',	'2024-06-26 05:33:02'),
(67,	134,	23,	100,	100,	'2024-06-26 05:33:02',	'2024-06-26 05:33:02'),
(76,	153,	25,	100,	100,	'2024-06-27 13:37:22',	'2024-06-27 13:37:22'),
(77,	154,	25,	100,	100,	'2024-06-27 13:37:22',	'2024-06-27 13:37:22'),
(112,	158,	26,	71,	71,	'2024-06-28 12:03:25',	'2024-06-28 12:03:25'),
(113,	159,	26,	71,	71,	'2024-06-28 12:03:25',	'2024-06-28 12:03:25'),
(114,	160,	26,	71,	71,	'2024-06-28 12:03:25',	'2024-06-28 12:03:25'),
(115,	161,	26,	71,	71,	'2024-06-28 12:03:25',	'2024-06-28 12:03:25'),
(116,	171,	26,	71,	71,	'2024-06-28 12:03:25',	'2024-06-28 12:03:25'),
(117,	172,	26,	71,	71,	'2024-06-28 12:03:25',	'2024-06-28 12:03:25'),
(118,	173,	26,	71,	71,	'2024-06-28 12:03:25',	'2024-06-28 12:03:25'),
(119,	174,	26,	71,	71,	'2024-06-28 12:03:25',	'2024-06-28 12:03:25'),
(120,	175,	26,	71,	71,	'2024-06-28 12:03:25',	'2024-06-28 12:03:25'),
(121,	176,	26,	71,	71,	'2024-06-28 12:03:25',	'2024-06-28 12:03:25'),
(122,	177,	26,	71,	71,	'2024-06-28 12:03:25',	'2024-06-28 12:03:25'),
(128,	165,	27,	100,	100,	'2024-06-28 13:05:52',	'2024-06-28 13:05:52'),
(129,	166,	27,	100,	100,	'2024-06-28 13:05:52',	'2024-06-28 13:05:52'),
(130,	167,	27,	100,	100,	'2024-06-28 13:05:52',	'2024-06-28 13:05:52'),
(131,	168,	27,	100,	100,	'2024-06-28 13:05:52',	'2024-06-28 13:05:52'),
(132,	170,	27,	100,	100,	'2024-06-28 13:05:52',	'2024-06-28 13:05:52'),
(138,	158,	28,	71,	71,	'2024-07-01 13:42:00',	'2024-07-01 13:42:00'),
(139,	182,	28,	71,	71,	'2024-07-01 13:42:00',	'2024-07-01 13:42:00'),
(140,	184,	28,	71,	71,	'2024-07-01 13:42:00',	'2024-07-01 13:42:00'),
(147,	170,	30,	100,	100,	'2024-07-02 07:05:36',	'2024-07-02 07:05:36'),
(148,	168,	30,	100,	100,	'2024-07-02 07:05:36',	'2024-07-02 07:05:36'),
(149,	167,	30,	100,	100,	'2024-07-02 07:05:36',	'2024-07-02 07:05:36'),
(150,	166,	30,	100,	100,	'2024-07-02 07:05:36',	'2024-07-02 07:05:36'),
(151,	165,	30,	100,	100,	'2024-07-02 07:05:36',	'2024-07-02 07:05:36'),
(161,	187,	29,	71,	71,	'2024-07-02 11:49:17',	'2024-07-02 11:49:17'),
(162,	186,	29,	71,	71,	'2024-07-02 11:49:17',	'2024-07-02 11:49:17'),
(163,	185,	29,	71,	71,	'2024-07-02 11:49:17',	'2024-07-02 11:49:17'),
(164,	182,	29,	71,	71,	'2024-07-02 11:49:17',	'2024-07-02 11:49:17'),
(165,	158,	29,	71,	71,	'2024-07-02 11:49:17',	'2024-07-02 11:49:17'),
(166,	191,	31,	71,	71,	'2024-07-03 10:26:56',	'2024-07-03 10:26:56'),
(167,	191,	32,	71,	71,	'2024-07-05 04:56:14',	'2024-07-05 04:56:14'),
(168,	193,	32,	71,	71,	'2024-07-05 04:56:14',	'2024-07-05 04:56:14'),
(197,	211,	33,	71,	71,	'2024-07-10 05:38:02',	'2024-07-10 05:38:02'),
(198,	195,	33,	71,	71,	'2024-07-10 05:38:02',	'2024-07-10 05:38:02'),
(199,	213,	33,	71,	71,	'2024-07-10 05:38:02',	'2024-07-10 05:38:02'),
(200,	215,	34,	106,	106,	'2024-07-10 12:36:15',	'2024-07-10 12:36:15'),
(201,	216,	34,	106,	106,	'2024-07-10 12:36:15',	'2024-07-10 12:36:15'),
(202,	217,	34,	106,	106,	'2024-07-10 12:36:51',	'2024-07-10 12:36:51'),
(203,	218,	34,	106,	106,	'2024-07-10 12:37:27',	'2024-07-10 12:37:27'),
(204,	219,	34,	106,	106,	'2024-07-10 12:37:54',	'2024-07-10 12:37:54');

DROP TABLE IF EXISTS `health_measurements`;
CREATE TABLE `health_measurements` (
  `id` bigint(20) unsigned NOT NULL AUTO_INCREMENT,
  `date` date DEFAULT NULL,
  `height` varchar(255) DEFAULT NULL,
  `height_lbl` varchar(255) DEFAULT NULL,
  `neck` varchar(255) DEFAULT NULL,
  `shoulder` varchar(255) DEFAULT NULL,
  `chest` varchar(255) DEFAULT NULL,
  `waist` varchar(255) DEFAULT NULL,
  `abdomen` varchar(255) DEFAULT NULL,
  `hip` varchar(255) DEFAULT NULL,
  `bicep_left` varchar(255) DEFAULT NULL,
  `bicep_right` varchar(255) DEFAULT NULL,
  `thigh_left` varchar(255) DEFAULT NULL,
  `thigh_right` varchar(255) DEFAULT NULL,
  `calf_left` varchar(255) DEFAULT NULL,
  `calf_right` varchar(255) DEFAULT NULL,
  `user_id` bigint(20) unsigned DEFAULT NULL,
  `status` enum('active','inactive','deleted') DEFAULT 'active',
  `created_by` bigint(20) unsigned NOT NULL,
  `updated_by` bigint(20) unsigned NOT NULL,
  `created_at` datetime NOT NULL,
  `updated_at` datetime NOT NULL,
  PRIMARY KEY (`id`)
) ENGINE=InnoDB AUTO_INCREMENT=22 DEFAULT CHARSET=utf8mb4 COLLATE=utf8mb4_general_ci;

INSERT INTO `health_measurements` (`id`, `date`, `height`, `height_lbl`, `neck`, `shoulder`, `chest`, `waist`, `abdomen`, `hip`, `bicep_left`, `bicep_right`, `thigh_left`, `thigh_right`, `calf_left`, `calf_right`, `user_id`, `status`, `created_by`, `updated_by`, `created_at`, `updated_at`) VALUES
(1,	'2024-05-27',	'25',	'INCHES',	'6',	'45',	'34',	'04',	'24',	'35',	'55',	'20',	'23',	'22',	'10',	'23',	2,	'active',	2,	2,	'2024-05-27 09:55:20',	'2024-05-27 09:55:20'),
(2,	'2024-05-28',	'78',	'MILLIMETERS',	'8',	'8',	'7',	'8',	'88',	'56',	'4',	'88',	'5',	'55',	'86',	'56',	71,	'active',	71,	71,	'2024-05-28 11:31:36',	'2024-05-28 11:31:36'),
(3,	'2024-05-30',	'73',	'MILLIMETERS',	'7',	'33',	'78',	'88',	'555',	'65',	'66',	'334',	'46',	'88',	'433',	'6',	71,	'active',	71,	71,	'2024-05-30 11:06:49',	'2024-05-30 11:06:49'),
(4,	'2024-06-06',	'26',	'MILLIMETERS',	'29',	NULL,	NULL,	NULL,	NULL,	NULL,	NULL,	NULL,	NULL,	NULL,	NULL,	NULL,	71,	'active',	71,	71,	'2024-06-06 10:46:59',	'2024-06-06 10:46:59'),
(5,	'2024-06-07',	'64',	'MILLIMETERS',	'8',	'8',	'8',	'9',	'8',	'8',	'8',	'88',	'8',	'8',	'8',	'8',	71,	'active',	71,	71,	'2024-06-07 13:07:16',	'2024-06-07 13:07:16'),
(6,	'2024-06-10',	'64',	'MILLIMETERS',	'8',	'8',	'8',	'9',	'8',	'8',	'8',	'88',	'8',	'8',	'8',	'8',	71,	'active',	71,	71,	'2024-06-10 08:01:27',	'2024-06-10 08:01:27'),
(7,	'2024-06-10',	'35',	'',	NULL,	NULL,	NULL,	NULL,	NULL,	NULL,	NULL,	NULL,	NULL,	NULL,	NULL,	NULL,	89,	'active',	89,	89,	'2024-06-10 10:36:49',	'2024-06-10 10:36:49'),
(8,	'2024-06-11',	'39',	'MILLIMETERS',	'4',	'3',	'4',	'5',	'2',	'4',	'4',	'4',	'4',	'5',	'4',	'3',	71,	'active',	71,	71,	'2024-06-11 11:40:22',	'2024-06-11 11:40:22'),
(9,	'2024-06-13',	'45',	'MILLIMETERS',	'56',	'56',	'56',	'56',	'56',	'56',	'56',	'56',	'56',	'56',	'56',	'56',	71,	'active',	71,	71,	'2024-06-13 10:23:23',	'2024-06-13 10:23:23'),
(10,	'2024-06-17',	'48',	'MILLIMETERS',	NULL,	NULL,	'8',	NULL,	NULL,	NULL,	NULL,	NULL,	NULL,	NULL,	NULL,	NULL,	71,	'active',	71,	71,	'2024-06-17 06:54:59',	'2024-06-17 06:54:59'),
(11,	'2024-06-17',	'12',	'MILLIMETERS',	NULL,	NULL,	NULL,	NULL,	NULL,	NULL,	NULL,	NULL,	NULL,	NULL,	NULL,	NULL,	100,	'active',	100,	100,	'2024-06-17 13:46:50',	'2024-06-17 13:46:50'),
(12,	'2024-06-19',	'20',	'MILLIMETERS',	'1',	'2',	'3',	'4',	'5',	NULL,	NULL,	NULL,	NULL,	NULL,	NULL,	NULL,	2,	'active',	2,	2,	'2024-06-19 12:38:28',	'2024-06-19 12:38:28'),
(13,	'2024-06-21',	'12',	'MILLIMETERS',	NULL,	NULL,	NULL,	NULL,	NULL,	NULL,	NULL,	NULL,	NULL,	NULL,	NULL,	NULL,	71,	'active',	71,	71,	'2024-06-21 11:23:58',	'2024-06-21 11:23:58'),
(14,	'2024-06-26',	'12',	'MILLIMETERS',	NULL,	NULL,	NULL,	NULL,	NULL,	NULL,	NULL,	NULL,	NULL,	NULL,	NULL,	NULL,	71,	'active',	71,	71,	'2024-06-26 12:12:30',	'2024-06-26 12:12:30'),
(15,	'2024-06-28',	'39',	'MILLIMETERS',	NULL,	NULL,	NULL,	NULL,	NULL,	NULL,	NULL,	NULL,	NULL,	NULL,	NULL,	NULL,	71,	'active',	71,	71,	'2024-06-28 12:36:13',	'2024-06-28 12:36:13'),
(16,	'2024-06-28',	'24',	'MILLIMETERS',	NULL,	NULL,	NULL,	NULL,	NULL,	NULL,	NULL,	NULL,	NULL,	NULL,	NULL,	NULL,	100,	'active',	100,	100,	'2024-06-28 11:00:54',	'2024-06-28 11:00:54'),
(17,	'2024-07-02',	'24',	'MILLIMETERS',	NULL,	NULL,	NULL,	NULL,	NULL,	NULL,	NULL,	NULL,	NULL,	NULL,	NULL,	NULL,	71,	'active',	71,	71,	'2024-07-02 12:04:46',	'2024-07-02 12:04:46'),
(18,	'2024-07-02',	'24',	'MILLIMETERS',	NULL,	NULL,	NULL,	NULL,	NULL,	NULL,	NULL,	NULL,	NULL,	NULL,	NULL,	NULL,	100,	'active',	100,	100,	'2024-07-02 13:22:28',	'2024-07-02 13:22:28'),
(19,	'2024-07-03',	'12',	'MILLIMETERS',	NULL,	NULL,	NULL,	NULL,	NULL,	NULL,	NULL,	NULL,	NULL,	NULL,	NULL,	NULL,	71,	'active',	71,	71,	'2024-07-03 10:26:32',	'2024-07-03 10:26:32'),
(20,	'2024-07-03',	NULL,	'MILLIMETERS',	'5',	NULL,	NULL,	NULL,	NULL,	'5',	NULL,	NULL,	NULL,	NULL,	NULL,	NULL,	100,	'active',	100,	100,	'2024-07-03 21:39:00',	'2024-07-03 21:39:00'),
(21,	'2024-07-10',	'12',	'INCHES',	NULL,	NULL,	NULL,	NULL,	NULL,	NULL,	NULL,	NULL,	NULL,	NULL,	NULL,	NULL,	71,	'active',	71,	71,	'2024-07-10 05:25:48',	'2024-07-10 05:25:48');

DROP TABLE IF EXISTS `health_measurement_images`;
CREATE TABLE `health_measurement_images` (
  `id` bigint(20) unsigned NOT NULL AUTO_INCREMENT,
  `media_id` bigint(20) unsigned DEFAULT NULL,
  `health_measurement_id` bigint(20) unsigned DEFAULT NULL,
  `created_by` bigint(20) DEFAULT NULL,
  `updated_by` bigint(20) DEFAULT NULL,
  `created_at` datetime DEFAULT NULL,
  `updated_at` datetime DEFAULT NULL,
  PRIMARY KEY (`id`)
) ENGINE=InnoDB AUTO_INCREMENT=64 DEFAULT CHARSET=utf8mb4 COLLATE=utf8mb4_general_ci;

INSERT INTO `health_measurement_images` (`id`, `media_id`, `health_measurement_id`, `created_by`, `updated_by`, `created_at`, `updated_at`) VALUES
(2,	49,	12,	2,	2,	'2024-06-19 12:38:28',	'2024-06-19 12:38:28'),
(3,	71,	13,	71,	71,	'2024-06-21 11:23:58',	'2024-06-21 11:23:58'),
(8,	71,	14,	71,	71,	'2024-06-26 12:12:30',	'2024-06-26 12:12:30'),
(27,	162,	15,	71,	71,	'2024-06-28 12:36:13',	'2024-06-28 12:36:13'),
(28,	163,	15,	71,	71,	'2024-06-28 12:36:13',	'2024-06-28 12:36:13'),
(29,	164,	15,	71,	71,	'2024-06-28 12:36:13',	'2024-06-28 12:36:13'),
(30,	178,	15,	71,	71,	'2024-06-28 12:36:13',	'2024-06-28 12:36:13'),
(31,	179,	15,	71,	71,	'2024-06-28 12:36:13',	'2024-06-28 12:36:13'),
(32,	180,	15,	71,	71,	'2024-06-28 12:36:13',	'2024-06-28 12:36:13'),
(39,	162,	17,	71,	71,	'2024-07-02 12:04:46',	'2024-07-02 12:04:46'),
(40,	163,	17,	71,	71,	'2024-07-02 12:04:46',	'2024-07-02 12:04:46'),
(41,	164,	17,	71,	71,	'2024-07-02 12:04:46',	'2024-07-02 12:04:46'),
(42,	178,	17,	71,	71,	'2024-07-02 12:04:46',	'2024-07-02 12:04:46'),
(43,	179,	17,	71,	71,	'2024-07-02 12:04:46',	'2024-07-02 12:04:46'),
(44,	180,	17,	71,	71,	'2024-07-02 12:04:46',	'2024-07-02 12:04:46'),
(45,	192,	20,	100,	100,	'2024-07-03 21:39:00',	'2024-07-03 21:39:00'),
(60,	199,	21,	71,	71,	'2024-07-10 05:25:48',	'2024-07-10 05:25:48'),
(61,	196,	21,	71,	71,	'2024-07-10 05:25:48',	'2024-07-10 05:25:48'),
(62,	198,	21,	71,	71,	'2024-07-10 05:25:48',	'2024-07-10 05:25:48'),
(63,	200,	21,	71,	71,	'2024-07-10 05:25:48',	'2024-07-10 05:25:48');

DROP TABLE IF EXISTS `health_settings`;
CREATE TABLE `health_settings` (
  `id` bigint(20) unsigned NOT NULL AUTO_INCREMENT,
  `weight` varchar(255) DEFAULT NULL,
  `height` varchar(255) DEFAULT NULL,
  `log_marker` varchar(255) DEFAULT NULL,
  `log_measurement` varchar(255) DEFAULT NULL,
  `log_day` varchar(255) NOT NULL,
  `weight_status` enum('enabled','disabled') NOT NULL DEFAULT 'enabled',
  `body_fat_status` enum('enabled','disabled') NOT NULL DEFAULT 'enabled',
  `bmi_status` enum('enabled','disabled') NOT NULL DEFAULT 'enabled',
  `body_water_status` enum('enabled','disabled') NOT NULL DEFAULT 'enabled',
  `skeletal_muscle_status` enum('enabled','disabled') NOT NULL DEFAULT 'enabled',
  `health_marker_images_status` enum('enabled','disabled') NOT NULL DEFAULT 'enabled',
  `height_status` enum('enabled','disabled') NOT NULL DEFAULT 'enabled',
  `neck_status` enum('enabled','disabled') NOT NULL DEFAULT 'enabled',
  `shoulder_status` enum('enabled','disabled') NOT NULL DEFAULT 'enabled',
  `chest_status` enum('enabled','disabled') NOT NULL DEFAULT 'enabled',
  `waist_status` enum('enabled','disabled') NOT NULL DEFAULT 'enabled',
  `abdomen_status` enum('enabled','disabled') NOT NULL DEFAULT 'enabled',
  `hip_status` enum('enabled','disabled') NOT NULL DEFAULT 'enabled',
  `bicep_left_status` enum('enabled','disabled') NOT NULL DEFAULT 'enabled',
  `bicep_right_status` enum('enabled','disabled') NOT NULL DEFAULT 'enabled',
  `thigh_left_status` enum('enabled','disabled') NOT NULL DEFAULT 'enabled',
  `thigh_right_status` enum('enabled','disabled') NOT NULL DEFAULT 'enabled',
  `calf_left_status` enum('enabled','disabled') NOT NULL DEFAULT 'enabled',
  `calf_right_status` enum('enabled','disabled') NOT NULL DEFAULT 'enabled',
  `health_measurement_images_status` enum('enabled','disabled') NOT NULL DEFAULT 'enabled',
  `status` enum('active','inactive','deleted') NOT NULL DEFAULT 'active',
  `user_id` bigint(20) unsigned DEFAULT NULL,
  `created_by` bigint(20) NOT NULL,
  `updated_by` bigint(20) NOT NULL,
  `created_at` datetime DEFAULT NULL,
  `updated_at` datetime DEFAULT NULL,
  PRIMARY KEY (`id`)
) ENGINE=InnoDB AUTO_INCREMENT=7 DEFAULT CHARSET=utf8mb4 COLLATE=utf8mb4_general_ci;

INSERT INTO `health_settings` (`id`, `weight`, `height`, `log_marker`, `log_measurement`, `log_day`, `weight_status`, `body_fat_status`, `bmi_status`, `body_water_status`, `skeletal_muscle_status`, `health_marker_images_status`, `height_status`, `neck_status`, `shoulder_status`, `chest_status`, `waist_status`, `abdomen_status`, `hip_status`, `bicep_left_status`, `bicep_right_status`, `thigh_left_status`, `thigh_right_status`, `calf_left_status`, `calf_right_status`, `health_measurement_images_status`, `status`, `user_id`, `created_by`, `updated_by`, `created_at`, `updated_at`) VALUES
(1,	'POUNDS_LBS',	'INCHES',	'DAILY',	'DAILY',	'MONDAY',	'enabled',	'enabled',	'enabled',	'enabled',	'enabled',	'enabled',	'enabled',	'enabled',	'enabled',	'enabled',	'enabled',	'enabled',	'enabled',	'enabled',	'enabled',	'enabled',	'enabled',	'enabled',	'enabled',	'enabled',	'active',	71,	71,	71,	'2024-07-09 13:31:00',	'2024-07-09 13:31:00'),
(2,	'KILOGRAM/KG',	'MILLIMETERS',	'DAILY',	'DAILY',	'MONDAY',	'enabled',	'enabled',	'enabled',	'enabled',	'enabled',	'enabled',	'enabled',	'enabled',	'enabled',	'enabled',	'enabled',	'enabled',	'enabled',	'enabled',	'enabled',	'enabled',	'enabled',	'enabled',	'enabled',	'enabled',	'active',	2,	2,	2,	'2024-06-19 10:11:20',	'2024-06-19 10:11:20'),
(3,	'KILOGRAM/KG',	'MILLIMETERS',	'DAILY',	'DAILY',	'MONDAY',	'disabled',	'enabled',	'disabled',	'enabled',	'disabled',	'enabled',	'disabled',	'enabled',	'disabled',	'disabled',	'disabled',	'disabled',	'enabled',	'disabled',	'disabled',	'disabled',	'disabled',	'disabled',	'disabled',	'enabled',	'active',	100,	100,	100,	'2024-07-03 21:38:28',	'2024-07-03 21:38:28'),
(4,	'POUNDS_LBS',	'INCHES',	'WEEKLY',	'DAILY',	'MONDAY',	'enabled',	'disabled',	'enabled',	'enabled',	'enabled',	'enabled',	'disabled',	'disabled',	'disabled',	'disabled',	'disabled',	'disabled',	'disabled',	'disabled',	'disabled',	'disabled',	'disabled',	'disabled',	'disabled',	'enabled',	'active',	104,	104,	104,	'2024-06-21 12:50:19',	'2024-06-21 12:50:19'),
(5,	'POUNDS_LBS',	'INCHES',	'WEEKLY',	'DAILY',	'MONDAY',	'enabled',	'disabled',	'disabled',	'disabled',	'disabled',	'enabled',	'disabled',	'disabled',	'disabled',	'disabled',	'disabled',	'disabled',	'disabled',	'enabled',	'disabled',	'disabled',	'disabled',	'disabled',	'disabled',	'enabled',	'active',	105,	105,	105,	'2024-07-09 22:27:32',	'2024-07-09 22:27:32'),
(6,	'KILOGRAM/KG',	'MILLIMETERS',	'DAILY',	'EVERY_OTHER_WEEK',	'MONDAY',	'disabled',	'disabled',	'enabled',	'disabled',	'disabled',	'enabled',	'disabled',	'disabled',	'disabled',	'disabled',	'disabled',	'disabled',	'disabled',	'disabled',	'disabled',	'disabled',	'disabled',	'disabled',	'disabled',	'disabled',	'active',	106,	106,	106,	'2024-07-10 12:34:56',	'2024-07-10 12:34:56');

DROP TABLE IF EXISTS `jobs`;
CREATE TABLE `jobs` (
  `id` bigint(20) unsigned NOT NULL AUTO_INCREMENT,
  `queue` varchar(255) NOT NULL,
  `payload` longtext NOT NULL,
  `attempts` tinyint(3) unsigned NOT NULL,
  `reserved_at` int(10) unsigned DEFAULT NULL,
  `available_at` int(10) unsigned NOT NULL,
  `created_at` int(10) unsigned NOT NULL,
  PRIMARY KEY (`id`),
  KEY `jobs_queue_index` (`queue`)
) ENGINE=InnoDB AUTO_INCREMENT=24 DEFAULT CHARSET=utf8mb4 COLLATE=utf8mb4_unicode_ci;

INSERT INTO `jobs` (`id`, `queue`, `payload`, `attempts`, `reserved_at`, `available_at`, `created_at`) VALUES
(1,	'default',	'{\"uuid\":\"e448201c-519d-4537-8c93-aad97f7a66c3\",\"displayName\":\"App\\\\Jobs\\\\ForgotPasswordEmailJob\",\"job\":\"Illuminate\\\\Queue\\\\CallQueuedHandler@call\",\"maxTries\":null,\"maxExceptions\":null,\"failOnTimeout\":false,\"backoff\":null,\"timeout\":null,\"retryUntil\":null,\"data\":{\"commandName\":\"App\\\\Jobs\\\\ForgotPasswordEmailJob\",\"command\":\"O:31:\\\"App\\\\Jobs\\\\ForgotPasswordEmailJob\\\":1:{s:7:\\\"\\u0000*\\u0000data\\\";a:3:{s:5:\\\"email\\\";s:14:\\\"test@gmail.com\\\";s:4:\\\"name\\\";s:4:\\\"Test\\\";s:4:\\\"link\\\";s:83:\\\"https:\\/\\/phpstack-935457-4361224.cloudwaysapps.com\\/user\\/reset-password\\/66546227f348b\\\";}}\"}}',	0,	NULL,	1716806184,	1716806184),
(2,	'default',	'{\"uuid\":\"b62ef9b7-3c9e-4138-98b4-c8f45aaba3c2\",\"displayName\":\"App\\\\Jobs\\\\ForgotPasswordEmailJob\",\"job\":\"Illuminate\\\\Queue\\\\CallQueuedHandler@call\",\"maxTries\":null,\"maxExceptions\":null,\"failOnTimeout\":false,\"backoff\":null,\"timeout\":null,\"retryUntil\":null,\"data\":{\"commandName\":\"App\\\\Jobs\\\\ForgotPasswordEmailJob\",\"command\":\"O:31:\\\"App\\\\Jobs\\\\ForgotPasswordEmailJob\\\":1:{s:7:\\\"\\u0000*\\u0000data\\\";a:3:{s:5:\\\"email\\\";s:14:\\\"test@gmail.com\\\";s:4:\\\"name\\\";s:4:\\\"Test\\\";s:4:\\\"link\\\";s:83:\\\"https:\\/\\/phpstack-935457-4361224.cloudwaysapps.com\\/user\\/reset-password\\/66547e7434302\\\";}}\"}}',	0,	NULL,	1716813428,	1716813428),
(3,	'default',	'{\"uuid\":\"6e5c2de1-4a63-49bc-b71b-e6ecba5c94a3\",\"displayName\":\"App\\\\Jobs\\\\ForgotPasswordEmailJob\",\"job\":\"Illuminate\\\\Queue\\\\CallQueuedHandler@call\",\"maxTries\":null,\"maxExceptions\":null,\"failOnTimeout\":false,\"backoff\":null,\"timeout\":null,\"retryUntil\":null,\"data\":{\"commandName\":\"App\\\\Jobs\\\\ForgotPasswordEmailJob\",\"command\":\"O:31:\\\"App\\\\Jobs\\\\ForgotPasswordEmailJob\\\":1:{s:7:\\\"\\u0000*\\u0000data\\\";a:3:{s:5:\\\"email\\\";s:14:\\\"test@gmail.com\\\";s:4:\\\"name\\\";s:4:\\\"Test\\\";s:4:\\\"link\\\";s:83:\\\"https:\\/\\/phpstack-935457-4361224.cloudwaysapps.com\\/user\\/reset-password\\/66547f791a1a6\\\";}}\"}}',	0,	NULL,	1716813689,	1716813689),
(4,	'default',	'{\"uuid\":\"226325e5-f9cc-4a59-a2f9-41c7bc41a7d2\",\"displayName\":\"App\\\\Jobs\\\\ForgotPasswordEmailJob\",\"job\":\"Illuminate\\\\Queue\\\\CallQueuedHandler@call\",\"maxTries\":null,\"maxExceptions\":null,\"failOnTimeout\":false,\"backoff\":null,\"timeout\":null,\"retryUntil\":null,\"data\":{\"commandName\":\"App\\\\Jobs\\\\ForgotPasswordEmailJob\",\"command\":\"O:31:\\\"App\\\\Jobs\\\\ForgotPasswordEmailJob\\\":1:{s:7:\\\"\\u0000*\\u0000data\\\";a:3:{s:5:\\\"email\\\";s:14:\\\"test@gmail.com\\\";s:4:\\\"name\\\";s:4:\\\"Test\\\";s:4:\\\"link\\\";s:83:\\\"https:\\/\\/phpstack-935457-4361224.cloudwaysapps.com\\/user\\/reset-password\\/66547fb6e346c\\\";}}\"}}',	0,	NULL,	1716813750,	1716813750),
(5,	'default',	'{\"uuid\":\"f1541980-7c4a-4688-afb3-fa062b87e0a6\",\"displayName\":\"App\\\\Jobs\\\\ForgotPasswordEmailJob\",\"job\":\"Illuminate\\\\Queue\\\\CallQueuedHandler@call\",\"maxTries\":null,\"maxExceptions\":null,\"failOnTimeout\":false,\"backoff\":null,\"timeout\":null,\"retryUntil\":null,\"data\":{\"commandName\":\"App\\\\Jobs\\\\ForgotPasswordEmailJob\",\"command\":\"O:31:\\\"App\\\\Jobs\\\\ForgotPasswordEmailJob\\\":1:{s:7:\\\"\\u0000*\\u0000data\\\";a:3:{s:5:\\\"email\\\";s:14:\\\"test@gmail.com\\\";s:4:\\\"name\\\";s:4:\\\"Test\\\";s:4:\\\"link\\\";s:83:\\\"https:\\/\\/phpstack-935457-4361224.cloudwaysapps.com\\/user\\/reset-password\\/66547ff753d4f\\\";}}\"}}',	0,	NULL,	1716813815,	1716813815),
(6,	'default',	'{\"uuid\":\"6895fff9-8a0a-4c7c-aea3-ff2dd6577935\",\"displayName\":\"App\\\\Jobs\\\\ForgotPasswordEmailJob\",\"job\":\"Illuminate\\\\Queue\\\\CallQueuedHandler@call\",\"maxTries\":null,\"maxExceptions\":null,\"failOnTimeout\":false,\"backoff\":null,\"timeout\":null,\"retryUntil\":null,\"data\":{\"commandName\":\"App\\\\Jobs\\\\ForgotPasswordEmailJob\",\"command\":\"O:31:\\\"App\\\\Jobs\\\\ForgotPasswordEmailJob\\\":1:{s:7:\\\"\\u0000*\\u0000data\\\";a:3:{s:5:\\\"email\\\";s:14:\\\"test@gmail.com\\\";s:4:\\\"name\\\";s:4:\\\"Test\\\";s:4:\\\"link\\\";s:83:\\\"https:\\/\\/phpstack-935457-4361224.cloudwaysapps.com\\/user\\/reset-password\\/665806e950f17\\\";}}\"}}',	0,	NULL,	1717044969,	1717044969),
(7,	'default',	'{\"uuid\":\"03c02bc9-16ec-4da7-abff-6d3cc60aac36\",\"displayName\":\"App\\\\Jobs\\\\ForgotPasswordEmailJob\",\"job\":\"Illuminate\\\\Queue\\\\CallQueuedHandler@call\",\"maxTries\":null,\"maxExceptions\":null,\"failOnTimeout\":false,\"backoff\":null,\"timeout\":null,\"retryUntil\":null,\"data\":{\"commandName\":\"App\\\\Jobs\\\\ForgotPasswordEmailJob\",\"command\":\"O:31:\\\"App\\\\Jobs\\\\ForgotPasswordEmailJob\\\":1:{s:7:\\\"\\u0000*\\u0000data\\\";a:3:{s:5:\\\"email\\\";s:22:\\\"jhondoe@mailinator.com\\\";s:4:\\\"name\\\";s:7:\\\"Mitchel\\\";s:4:\\\"link\\\";s:75:\\\"https:\\/\\/staging.turbochargedathletics.com\\/user\\/reset-password\\/6659a58560502\\\";}}\"}}',	0,	NULL,	1717151109,	1717151109),
(8,	'default',	'{\"uuid\":\"64b545ac-1d64-4877-9eac-5b90cd0e34dd\",\"displayName\":\"App\\\\Jobs\\\\ForgotPasswordEmailJob\",\"job\":\"Illuminate\\\\Queue\\\\CallQueuedHandler@call\",\"maxTries\":null,\"maxExceptions\":null,\"failOnTimeout\":false,\"backoff\":null,\"timeout\":null,\"retryUntil\":null,\"data\":{\"commandName\":\"App\\\\Jobs\\\\ForgotPasswordEmailJob\",\"command\":\"O:31:\\\"App\\\\Jobs\\\\ForgotPasswordEmailJob\\\":1:{s:7:\\\"\\u0000*\\u0000data\\\";a:3:{s:5:\\\"email\\\";s:16:\\\"test+2@gmail.com\\\";s:4:\\\"name\\\";s:4:\\\"Test\\\";s:4:\\\"link\\\";s:75:\\\"https:\\/\\/staging.turbochargedathletics.com\\/user\\/reset-password\\/666037799abb9\\\";}}\"}}',	0,	NULL,	1717581689,	1717581689),
(9,	'default',	'{\"uuid\":\"6004b191-aa94-430d-a9f1-9054acef0d6a\",\"displayName\":\"App\\\\Jobs\\\\ForgotPasswordEmailJob\",\"job\":\"Illuminate\\\\Queue\\\\CallQueuedHandler@call\",\"maxTries\":null,\"maxExceptions\":null,\"failOnTimeout\":false,\"backoff\":null,\"timeout\":null,\"retryUntil\":null,\"data\":{\"commandName\":\"App\\\\Jobs\\\\ForgotPasswordEmailJob\",\"command\":\"O:31:\\\"App\\\\Jobs\\\\ForgotPasswordEmailJob\\\":1:{s:7:\\\"\\u0000*\\u0000data\\\";a:3:{s:5:\\\"email\\\";s:14:\\\"test@gmail.com\\\";s:4:\\\"name\\\";s:5:\\\"Testt\\\";s:4:\\\"link\\\";s:75:\\\"https:\\/\\/staging.turbochargedathletics.com\\/user\\/reset-password\\/666185c97dc09\\\";}}\"}}',	0,	NULL,	1717667273,	1717667273),
(10,	'default',	'{\"uuid\":\"3dcabaec-2b58-4004-a1a8-31d450e3d8fb\",\"displayName\":\"App\\\\Jobs\\\\BroadcastEmailJob\",\"job\":\"Illuminate\\\\Queue\\\\CallQueuedHandler@call\",\"maxTries\":null,\"maxExceptions\":null,\"failOnTimeout\":false,\"backoff\":null,\"timeout\":null,\"retryUntil\":null,\"data\":{\"commandName\":\"App\\\\Jobs\\\\BroadcastEmailJob\",\"command\":\"O:26:\\\"App\\\\Jobs\\\\BroadcastEmailJob\\\":1:{s:7:\\\"\\u0000*\\u0000data\\\";a:4:{s:5:\\\"email\\\";s:33:\\\"support@turbochargedathletics.com\\\";s:4:\\\"name\\\";s:5:\\\"Admin\\\";s:5:\\\"title\\\";s:5:\\\"sdfgh\\\";s:7:\\\"message\\\";s:13:\\\"<p>dfghnj<\\/p>\\\";}}\"}}',	0,	NULL,	1718267262,	1718267262),
(11,	'default',	'{\"uuid\":\"c056e852-b64a-43b2-b9d0-f2c5f10d38eb\",\"displayName\":\"App\\\\Jobs\\\\BroadcastEmailJob\",\"job\":\"Illuminate\\\\Queue\\\\CallQueuedHandler@call\",\"maxTries\":null,\"maxExceptions\":null,\"failOnTimeout\":false,\"backoff\":null,\"timeout\":null,\"retryUntil\":null,\"data\":{\"commandName\":\"App\\\\Jobs\\\\BroadcastEmailJob\",\"command\":\"O:26:\\\"App\\\\Jobs\\\\BroadcastEmailJob\\\":1:{s:7:\\\"\\u0000*\\u0000data\\\";a:4:{s:5:\\\"email\\\";s:33:\\\"support@turbochargedathletics.com\\\";s:4:\\\"name\\\";s:5:\\\"Admin\\\";s:5:\\\"title\\\";s:6:\\\"dcfvgh\\\";s:7:\\\"message\\\";s:15:\\\"<p>dfgbhngf<\\/p>\\\";}}\"}}',	0,	NULL,	1718267294,	1718267294),
(12,	'default',	'{\"uuid\":\"096b4472-df51-4453-9426-cdc0eb248a23\",\"displayName\":\"App\\\\Jobs\\\\ForgotPasswordEmailJob\",\"job\":\"Illuminate\\\\Queue\\\\CallQueuedHandler@call\",\"maxTries\":null,\"maxExceptions\":null,\"failOnTimeout\":false,\"backoff\":null,\"timeout\":null,\"retryUntil\":null,\"data\":{\"commandName\":\"App\\\\Jobs\\\\ForgotPasswordEmailJob\",\"command\":\"O:31:\\\"App\\\\Jobs\\\\ForgotPasswordEmailJob\\\":1:{s:7:\\\"\\u0000*\\u0000data\\\";a:3:{s:5:\\\"email\\\";s:21:\\\"robert@mailinator.com\\\";s:4:\\\"name\\\";s:6:\\\"Robert\\\";s:4:\\\"link\\\";s:75:\\\"https:\\/\\/staging.turbochargedathletics.com\\/user\\/reset-password\\/66728815d1815\\\";}}\"}}',	0,	NULL,	1718781973,	1718781973),
(13,	'default',	'{\"uuid\":\"857d9349-3a84-4de3-9bf6-7a998d73dbe8\",\"displayName\":\"App\\\\Jobs\\\\ForgotPasswordEmailJob\",\"job\":\"Illuminate\\\\Queue\\\\CallQueuedHandler@call\",\"maxTries\":null,\"maxExceptions\":null,\"failOnTimeout\":false,\"backoff\":null,\"timeout\":null,\"retryUntil\":null,\"data\":{\"commandName\":\"App\\\\Jobs\\\\ForgotPasswordEmailJob\",\"command\":\"O:31:\\\"App\\\\Jobs\\\\ForgotPasswordEmailJob\\\":1:{s:7:\\\"\\u0000*\\u0000data\\\";a:3:{s:5:\\\"email\\\";s:21:\\\"robert@mailinator.com\\\";s:4:\\\"name\\\";s:6:\\\"Robert\\\";s:4:\\\"link\\\";s:75:\\\"https:\\/\\/staging.turbochargedathletics.com\\/user\\/reset-password\\/667288ac75e20\\\";}}\"}}',	0,	NULL,	1718782124,	1718782124),
(14,	'default',	'{\"uuid\":\"69f293d6-c0a2-45c1-b512-a003fc45dffa\",\"displayName\":\"App\\\\Jobs\\\\ForgotPasswordEmailJob\",\"job\":\"Illuminate\\\\Queue\\\\CallQueuedHandler@call\",\"maxTries\":null,\"maxExceptions\":null,\"failOnTimeout\":false,\"backoff\":null,\"timeout\":null,\"retryUntil\":null,\"data\":{\"commandName\":\"App\\\\Jobs\\\\ForgotPasswordEmailJob\",\"command\":\"O:31:\\\"App\\\\Jobs\\\\ForgotPasswordEmailJob\\\":1:{s:7:\\\"\\u0000*\\u0000data\\\";a:3:{s:5:\\\"email\\\";s:14:\\\"test@gmail.com\\\";s:4:\\\"name\\\";s:4:\\\"Test\\\";s:4:\\\"link\\\";s:75:\\\"https:\\/\\/staging.turbochargedathletics.com\\/user\\/reset-password\\/6683dae2d7a78\\\";}}\"}}',	0,	NULL,	1719917282,	1719917282),
(15,	'default',	'{\"uuid\":\"a4aecda3-6340-43f0-877a-86e558b181be\",\"displayName\":\"App\\\\Jobs\\\\ForgotPasswordEmailJob\",\"job\":\"Illuminate\\\\Queue\\\\CallQueuedHandler@call\",\"maxTries\":null,\"maxExceptions\":null,\"failOnTimeout\":false,\"backoff\":null,\"timeout\":null,\"retryUntil\":null,\"data\":{\"commandName\":\"App\\\\Jobs\\\\ForgotPasswordEmailJob\",\"command\":\"O:31:\\\"App\\\\Jobs\\\\ForgotPasswordEmailJob\\\":1:{s:7:\\\"\\u0000*\\u0000data\\\";a:3:{s:5:\\\"email\\\";s:14:\\\"test@gmail.com\\\";s:4:\\\"name\\\";s:4:\\\"Test\\\";s:4:\\\"link\\\";s:75:\\\"https:\\/\\/staging.turbochargedathletics.com\\/user\\/reset-password\\/6683dafe242b3\\\";}}\"}}',	0,	NULL,	1719917310,	1719917310),
(16,	'default',	'{\"uuid\":\"46af5232-6dad-4b57-9258-2fe8d2884b0b\",\"displayName\":\"App\\\\Jobs\\\\ForgotPasswordEmailJob\",\"job\":\"Illuminate\\\\Queue\\\\CallQueuedHandler@call\",\"maxTries\":null,\"maxExceptions\":null,\"failOnTimeout\":false,\"backoff\":null,\"timeout\":null,\"retryUntil\":null,\"data\":{\"commandName\":\"App\\\\Jobs\\\\ForgotPasswordEmailJob\",\"command\":\"O:31:\\\"App\\\\Jobs\\\\ForgotPasswordEmailJob\\\":1:{s:7:\\\"\\u0000*\\u0000data\\\";a:3:{s:5:\\\"email\\\";s:14:\\\"test@gmail.com\\\";s:4:\\\"name\\\";s:4:\\\"Test\\\";s:4:\\\"link\\\";s:75:\\\"https:\\/\\/staging.turbochargedathletics.com\\/user\\/reset-password\\/6683e3dc79f34\\\";}}\"}}',	0,	NULL,	1719919580,	1719919580),
(17,	'default',	'{\"uuid\":\"295aa623-c1bf-4aa8-bfc6-c3799f8e57de\",\"displayName\":\"App\\\\Jobs\\\\ForgotPasswordEmailJob\",\"job\":\"Illuminate\\\\Queue\\\\CallQueuedHandler@call\",\"maxTries\":null,\"maxExceptions\":null,\"failOnTimeout\":false,\"backoff\":null,\"timeout\":null,\"retryUntil\":null,\"data\":{\"commandName\":\"App\\\\Jobs\\\\ForgotPasswordEmailJob\",\"command\":\"O:31:\\\"App\\\\Jobs\\\\ForgotPasswordEmailJob\\\":1:{s:7:\\\"\\u0000*\\u0000data\\\";a:3:{s:5:\\\"email\\\";s:14:\\\"test@gmail.com\\\";s:4:\\\"name\\\";s:4:\\\"Test\\\";s:4:\\\"link\\\";s:75:\\\"https:\\/\\/staging.turbochargedathletics.com\\/user\\/reset-password\\/6683ea376ee00\\\";}}\"}}',	0,	NULL,	1719921207,	1719921207),
(18,	'default',	'{\"uuid\":\"99cdc62d-9d15-4bd3-853e-8aaa65aa480c\",\"displayName\":\"App\\\\Jobs\\\\ForgotPasswordEmailJob\",\"job\":\"Illuminate\\\\Queue\\\\CallQueuedHandler@call\",\"maxTries\":null,\"maxExceptions\":null,\"failOnTimeout\":false,\"backoff\":null,\"timeout\":null,\"retryUntil\":null,\"data\":{\"commandName\":\"App\\\\Jobs\\\\ForgotPasswordEmailJob\",\"command\":\"O:31:\\\"App\\\\Jobs\\\\ForgotPasswordEmailJob\\\":1:{s:7:\\\"\\u0000*\\u0000data\\\";a:3:{s:5:\\\"email\\\";s:14:\\\"test@gmail.com\\\";s:4:\\\"name\\\";s:4:\\\"Test\\\";s:4:\\\"link\\\";s:75:\\\"https:\\/\\/staging.turbochargedathletics.com\\/user\\/reset-password\\/6683ea591a33a\\\";}}\"}}',	0,	NULL,	1719921241,	1719921241),
(19,	'default',	'{\"uuid\":\"81f761c2-2b77-4609-be09-e12049885c67\",\"displayName\":\"App\\\\Jobs\\\\ForgotPasswordEmailJob\",\"job\":\"Illuminate\\\\Queue\\\\CallQueuedHandler@call\",\"maxTries\":null,\"maxExceptions\":null,\"failOnTimeout\":false,\"backoff\":null,\"timeout\":null,\"retryUntil\":null,\"data\":{\"commandName\":\"App\\\\Jobs\\\\ForgotPasswordEmailJob\",\"command\":\"O:31:\\\"App\\\\Jobs\\\\ForgotPasswordEmailJob\\\":1:{s:7:\\\"\\u0000*\\u0000data\\\";a:3:{s:5:\\\"email\\\";s:21:\\\"robert@mailinator.com\\\";s:4:\\\"name\\\";s:6:\\\"Robert\\\";s:4:\\\"link\\\";s:75:\\\"https:\\/\\/staging.turbochargedathletics.com\\/user\\/reset-password\\/6683eb8564fd2\\\";}}\"}}',	0,	NULL,	1719921541,	1719921541),
(20,	'default',	'{\"uuid\":\"8c99ee84-bc40-4c74-a881-74946e7de939\",\"displayName\":\"App\\\\Jobs\\\\ForgotPasswordEmailJob\",\"job\":\"Illuminate\\\\Queue\\\\CallQueuedHandler@call\",\"maxTries\":null,\"maxExceptions\":null,\"failOnTimeout\":false,\"backoff\":null,\"timeout\":null,\"retryUntil\":null,\"data\":{\"commandName\":\"App\\\\Jobs\\\\ForgotPasswordEmailJob\",\"command\":\"O:31:\\\"App\\\\Jobs\\\\ForgotPasswordEmailJob\\\":1:{s:7:\\\"\\u0000*\\u0000data\\\";a:3:{s:5:\\\"email\\\";s:21:\\\"robert@mailinator.com\\\";s:4:\\\"name\\\";s:6:\\\"Robert\\\";s:4:\\\"link\\\";s:75:\\\"https:\\/\\/staging.turbochargedathletics.com\\/user\\/reset-password\\/6683ef016133e\\\";}}\"}}',	0,	NULL,	1719922433,	1719922433),
(21,	'default',	'{\"uuid\":\"b3420253-c71e-4c3f-8860-25b5b4b5db57\",\"displayName\":\"App\\\\Jobs\\\\ForgotPasswordEmailJob\",\"job\":\"Illuminate\\\\Queue\\\\CallQueuedHandler@call\",\"maxTries\":null,\"maxExceptions\":null,\"failOnTimeout\":false,\"backoff\":null,\"timeout\":null,\"retryUntil\":null,\"data\":{\"commandName\":\"App\\\\Jobs\\\\ForgotPasswordEmailJob\",\"command\":\"O:31:\\\"App\\\\Jobs\\\\ForgotPasswordEmailJob\\\":1:{s:7:\\\"\\u0000*\\u0000data\\\";a:3:{s:5:\\\"email\\\";s:21:\\\"robert@mailinator.com\\\";s:4:\\\"name\\\";s:6:\\\"Robert\\\";s:4:\\\"link\\\";s:75:\\\"https:\\/\\/staging.turbochargedathletics.com\\/user\\/reset-password\\/6683ef4d7db05\\\";}}\"}}',	0,	NULL,	1719922509,	1719922509),
(22,	'default',	'{\"uuid\":\"289faf27-3172-4974-8ab4-0e1c95f08802\",\"displayName\":\"App\\\\Jobs\\\\ForgotPasswordEmailJob\",\"job\":\"Illuminate\\\\Queue\\\\CallQueuedHandler@call\",\"maxTries\":null,\"maxExceptions\":null,\"failOnTimeout\":false,\"backoff\":null,\"timeout\":null,\"retryUntil\":null,\"data\":{\"commandName\":\"App\\\\Jobs\\\\ForgotPasswordEmailJob\",\"command\":\"O:31:\\\"App\\\\Jobs\\\\ForgotPasswordEmailJob\\\":1:{s:7:\\\"\\u0000*\\u0000data\\\";a:3:{s:5:\\\"email\\\";s:21:\\\"robert@mailinator.com\\\";s:4:\\\"name\\\";s:6:\\\"Robert\\\";s:4:\\\"link\\\";s:75:\\\"https:\\/\\/staging.turbochargedathletics.com\\/user\\/reset-password\\/6683ef636a48e\\\";}}\"}}',	0,	NULL,	1719922531,	1719922531),
(23,	'default',	'{\"uuid\":\"d0f9eb99-1de3-41ee-80ff-c721fe537585\",\"displayName\":\"App\\\\Jobs\\\\ForgotPasswordEmailJob\",\"job\":\"Illuminate\\\\Queue\\\\CallQueuedHandler@call\",\"maxTries\":null,\"maxExceptions\":null,\"failOnTimeout\":false,\"backoff\":null,\"timeout\":null,\"retryUntil\":null,\"data\":{\"commandName\":\"App\\\\Jobs\\\\ForgotPasswordEmailJob\",\"command\":\"O:31:\\\"App\\\\Jobs\\\\ForgotPasswordEmailJob\\\":1:{s:7:\\\"\\u0000*\\u0000data\\\";a:3:{s:5:\\\"email\\\";s:14:\\\"test@gmail.com\\\";s:4:\\\"name\\\";s:4:\\\"Test\\\";s:4:\\\"link\\\";s:75:\\\"https:\\/\\/staging.turbochargedathletics.com\\/user\\/reset-password\\/66877a375d7c4\\\";}}\"}}',	0,	NULL,	1720154679,	1720154679);

DROP TABLE IF EXISTS `journals`;
CREATE TABLE `journals` (
  `id` bigint(20) unsigned NOT NULL AUTO_INCREMENT,
  `title` varchar(255) CHARACTER SET utf8mb4 COLLATE utf8mb4_unicode_ci DEFAULT NULL,
  `date` date DEFAULT NULL,
  `description` text NOT NULL,
  `user_id` bigint(20) unsigned NOT NULL,
  `status` enum('active','inactive','deleted') CHARACTER SET utf8mb4 COLLATE utf8mb4_general_ci NOT NULL DEFAULT 'active',
  `created_by` bigint(20) unsigned DEFAULT NULL,
  `updated_by` bigint(20) unsigned DEFAULT NULL,
  `created_at` datetime DEFAULT NULL,
  `updated_at` datetime DEFAULT NULL,
  PRIMARY KEY (`id`)
) ENGINE=InnoDB AUTO_INCREMENT=64 DEFAULT CHARSET=latin1 COLLATE=latin1_swedish_ci;

INSERT INTO `journals` (`id`, `title`, `date`, `description`, `user_id`, `status`, `created_by`, `updated_by`, `created_at`, `updated_at`) VALUES
(9,	'Testing *1',	'2024-06-20',	'<p>Testing By Robert</p>',	100,	'active',	100,	100,	'2024-06-19 13:00:39',	'2024-06-19 13:00:39'),
(10,	'3456789',	'2024-06-19',	'<p>wedrtu9</p>',	71,	'deleted',	71,	71,	'2024-06-19 13:09:05',	'2024-06-19 13:09:28'),
(11,	'Testing',	'2024-06-18',	'<p><span style=\"font-family: Open Sans, Arial, sans-serif;\">Lorem Ipsum is simply dummy text of the printing and typesetting industry. Lorem Ipsum has been the industry\'s standard dummy text ever since the 1500s, when an unknown printer took a galley of type and scrambled it to make a type specimen book. It has survived not only five centuries, but also the leap into electronic typesetting, remaining essentially unchanged. It was popularised in the 1960s with the release of Letraset sheets containing Lorem Ipsum passages, and more recently with desktop publishing software like Aldus PageMaker including versions of Lorem Ipsum.</span></p>',	100,	'active',	100,	100,	'2024-06-19 13:09:12',	'2024-06-24 11:07:16'),
(12,	'rtyuio',	'2024-06-27',	'<p>dsf</p>',	71,	'active',	71,	71,	'2024-06-19 13:09:34',	'2024-06-19 13:09:43'),
(13,	'rtdgjkesrhtjebrg1',	'2024-06-19',	'<p>ddjhj4eri4y5eruhui4g54uht4lew</p>',	71,	'inactive',	71,	71,	'2024-06-19 13:16:02',	'2024-06-19 13:16:19'),
(14,	NULL,	'2024-06-24',	'<p>Hii How are you !!</p>',	104,	'deleted',	104,	104,	'2024-06-24 08:04:39',	'2024-06-24 08:05:02'),
(15,	NULL,	'0000-00-00',	'<p>Helloohg f6789uv ygyghj gygg gggb</p>',	104,	'active',	104,	104,	'2024-06-24 08:05:21',	'2024-06-25 10:07:06'),
(16,	NULL,	'0000-00-00',	'<p><span style=\"background-color: #003300;\">hei hru uytrb ndycy <span style=\"color: #003300; background-color: #ffcc99;\">john </span><span style=\"color: #ffcc99;\">wikker</span> i <span style=\"color: #ffff99;\">poam</span></span></p>',	104,	'active',	104,	104,	'2024-06-24 08:06:32',	'2024-06-25 10:05:50'),
(17,	NULL,	'0000-00-00',	'<p>test</p>',	104,	'active',	104,	104,	'2024-06-25 10:04:04',	'2024-06-25 10:04:04'),
(18,	NULL,	'0000-00-00',	'<p>Test Date only</p>\r\n<p>&nbsp;</p>',	104,	'active',	104,	104,	'2024-06-25 10:05:14',	'2024-06-25 10:05:14'),
(19,	NULL,	'0000-00-00',	'<p>rfawefwef</p>',	104,	'active',	104,	104,	'2024-06-25 10:06:02',	'2024-06-25 10:06:02'),
(20,	NULL,	'0000-00-00',	'<p>test</p>',	104,	'active',	104,	104,	'2024-06-25 10:06:42',	'2024-06-25 10:06:42'),
(21,	NULL,	'0000-00-00',	'<p>TEST&nbsp;</p>',	104,	'active',	104,	104,	'2024-06-25 10:07:33',	'2024-06-25 10:07:33'),
(22,	NULL,	'0000-00-00',	'<p>TEST</p>',	104,	'active',	104,	104,	'2024-06-25 10:07:53',	'2024-06-25 10:07:53'),
(23,	NULL,	'0000-00-00',	'<p>TEST</p>',	104,	'active',	104,	104,	'2024-06-25 10:08:25',	'2024-06-25 10:08:25'),
(24,	NULL,	'0000-00-00',	'<p>TEST</p>',	104,	'active',	104,	104,	'2024-06-25 10:08:48',	'2024-06-25 10:08:48'),
(25,	NULL,	'0000-00-00',	'<p>TEST</p>',	104,	'active',	104,	104,	'2024-06-25 10:09:14',	'2024-06-25 10:09:14'),
(26,	NULL,	'0000-00-00',	'<p>TEST</p>',	104,	'active',	104,	104,	'2024-06-25 10:11:48',	'2024-06-25 10:11:48'),
(27,	NULL,	'0000-00-00',	'<p>TEST</p>',	104,	'active',	104,	104,	'2024-06-25 10:12:12',	'2024-06-25 10:12:12'),
(28,	NULL,	'0000-00-00',	'<p>HELLO</p>',	104,	'active',	104,	104,	'2024-06-25 10:13:12',	'2024-06-25 10:13:12'),
(29,	NULL,	'0000-00-00',	'<p>Hello</p>',	104,	'active',	104,	104,	'2024-06-25 10:13:42',	'2024-06-25 10:13:42'),
(30,	NULL,	'0000-00-00',	'<p>TEST</p>',	104,	'active',	104,	104,	'2024-06-25 10:16:06',	'2024-06-25 10:16:06'),
(31,	NULL,	'0000-00-00',	'<p>TEST</p>',	104,	'active',	104,	104,	'2024-06-25 10:16:18',	'2024-06-25 10:16:18'),
(32,	NULL,	'0000-00-00',	'<p>ok</p>',	104,	'active',	104,	104,	'2024-06-25 10:47:50',	'2024-06-25 10:47:50'),
(33,	NULL,	'0000-00-00',	'<p>sss</p>',	104,	'active',	104,	104,	'2024-06-25 11:07:34',	'2024-06-25 11:07:34'),
(34,	NULL,	'0000-00-00',	'<p>test</p>',	104,	'active',	104,	104,	'2024-06-25 11:22:17',	'2024-06-25 11:22:17'),
(35,	NULL,	'2024-06-25',	'<p>Hello check</p>',	104,	'deleted',	104,	104,	'2024-06-25 11:23:03',	'2024-06-25 11:23:44'),
(36,	NULL,	'0000-00-00',	'<p>TEstztsdweffertfg</p>',	104,	'active',	104,	104,	'2024-06-25 11:23:29',	'2024-06-25 11:23:29'),
(37,	NULL,	'2024-06-25',	'<p>Test</p>',	104,	'deleted',	104,	104,	'2024-06-25 11:23:53',	'2024-06-25 12:47:54'),
(38,	NULL,	'0000-00-00',	'<p>test</p>',	104,	'active',	104,	104,	'2024-06-25 11:24:18',	'2024-06-25 11:24:18'),
(39,	NULL,	'0000-00-00',	'<p>ty</p>',	104,	'active',	104,	104,	'2024-06-25 11:26:10',	'2024-06-25 11:26:10'),
(40,	NULL,	'2024-05-07',	'<p>test</p>',	104,	'active',	104,	104,	'2024-06-25 11:26:55',	'2024-06-25 11:26:55'),
(41,	NULL,	'0000-00-00',	'<p>test</p>',	104,	'active',	104,	104,	'2024-06-25 12:45:59',	'2024-06-25 12:45:59'),
(42,	NULL,	'0000-00-00',	'<p>test</p>',	104,	'active',	104,	104,	'2024-06-25 12:46:11',	'2024-06-25 12:46:11'),
(43,	NULL,	'0000-00-00',	'<p>test</p>',	104,	'active',	104,	104,	'2024-06-25 12:47:11',	'2024-06-25 12:47:11'),
(44,	NULL,	'0000-00-00',	'<p>test</p>',	104,	'active',	104,	104,	'2024-06-25 12:48:05',	'2024-06-25 12:48:05'),
(45,	NULL,	'0000-00-00',	'<p>Checkinggggggggg</p>',	104,	'active',	104,	104,	'2024-06-25 12:48:43',	'2024-06-25 12:48:43'),
(46,	NULL,	'0000-00-00',	'<p>ertyuk</p>',	104,	'active',	104,	104,	'2024-06-25 12:48:55',	'2024-06-25 12:48:55'),
(47,	NULL,	'2024-06-28',	'<p>test</p>',	105,	'active',	105,	105,	'2024-06-28 09:45:21',	'2024-06-28 09:45:21'),
(48,	NULL,	'2024-06-19',	'<p>test</p>',	105,	'active',	105,	105,	'2024-06-28 09:45:37',	'2024-06-28 09:45:37'),
(49,	NULL,	'2024-06-20',	'<p>test</p>',	105,	'active',	105,	105,	'2024-06-28 09:46:16',	'2024-06-28 09:46:16'),
(50,	NULL,	'2024-07-02',	'<p>Lorem Ipsum Data</p>',	100,	'active',	100,	100,	'2024-07-02 14:01:52',	'2024-07-02 14:01:52'),
(51,	NULL,	'0000-00-00',	'<p>tet</p>',	71,	'active',	71,	71,	'2024-07-04 07:56:08',	'2024-07-04 07:56:08'),
(52,	NULL,	'0000-00-00',	'<p>Test</p>',	71,	'active',	71,	71,	'2024-07-04 07:56:20',	'2024-07-04 07:56:20'),
(53,	NULL,	'0000-00-00',	'<p>Tesr</p>',	71,	'active',	71,	71,	'2024-07-04 07:56:31',	'2024-07-04 07:56:31'),
(54,	NULL,	'0000-00-00',	'<p>Testing</p>',	100,	'active',	100,	100,	'2024-07-04 07:57:58',	'2024-07-04 07:57:58'),
(55,	NULL,	'0000-00-00',	'<p>Testing Description</p>',	100,	'active',	100,	100,	'2024-07-04 07:59:08',	'2024-07-04 07:59:08'),
(56,	NULL,	'0000-00-00',	'<p>checkk</p>',	105,	'active',	105,	105,	'2024-07-04 08:02:41',	'2024-07-04 08:02:41'),
(57,	NULL,	'2024-07-04',	'<p>test</p>',	71,	'active',	71,	71,	'2024-07-04 08:41:30',	'2024-07-04 08:41:30'),
(58,	NULL,	'2024-07-04',	'<p>Checking</p>',	105,	'active',	105,	105,	'2024-07-04 08:41:38',	'2024-07-04 08:41:38'),
(59,	NULL,	'2024-07-18',	'<p>Testing Today</p>',	100,	'active',	100,	100,	'2024-07-04 09:53:10',	'2024-07-04 09:53:10'),
(60,	NULL,	'2024-07-25',	'<p>Testing Description</p>',	100,	'active',	100,	100,	'2024-07-04 09:53:33',	'2024-07-04 09:53:33'),
(61,	NULL,	'2024-07-25',	'<p>Testing Description</p>',	100,	'active',	100,	100,	'2024-07-04 09:54:19',	'2024-07-04 09:54:19'),
(62,	NULL,	'2024-07-05',	'<p>test testing&nbsp;</p>',	71,	'active',	71,	71,	'2024-07-05 07:24:41',	'2024-07-05 07:24:41'),
(63,	NULL,	'2024-07-10',	'<p>testt</p>',	105,	'active',	105,	105,	'2024-07-10 07:38:22',	'2024-07-10 07:38:22');

DROP TABLE IF EXISTS `media`;
CREATE TABLE `media` (
  `id` bigint(20) unsigned NOT NULL AUTO_INCREMENT,
  `media_folder` varchar(255) DEFAULT NULL,
  `name` varchar(255) DEFAULT NULL,
  `media_for` varchar(255) DEFAULT NULL,
  `base_path` varchar(255) DEFAULT NULL,
  `media_type` varchar(255) DEFAULT NULL,
  `is_default_image` tinyint(4) NOT NULL DEFAULT 0,
  `status` enum('pending','used','deleted') NOT NULL DEFAULT 'pending',
  `created_by` bigint(20) unsigned DEFAULT NULL,
  `updated_by` bigint(20) unsigned DEFAULT NULL,
  `created_at` datetime NOT NULL DEFAULT current_timestamp(),
  `updated_at` datetime NOT NULL DEFAULT current_timestamp(),
  PRIMARY KEY (`id`)
) ENGINE=InnoDB AUTO_INCREMENT=221 DEFAULT CHARSET=latin1 COLLATE=latin1_swedish_ci;

INSERT INTO `media` (`id`, `media_folder`, `name`, `media_for`, `base_path`, `media_type`, `is_default_image`, `status`, `created_by`, `updated_by`, `created_at`, `updated_at`) VALUES
(1,	'messages',	'1716790626-corn-flour.jpg',	'messages',	'/home/935457.cloudwaysapps.com/aajacmwmty/public_html/public/uploads/messages/1716790626-corn-flour.jpg',	'image',	0,	'used',	2,	2,	'2024-05-27 06:17:07',	'2024-05-27 06:17:07'),
(2,	'messages',	'1716817956-IMG_20240411_173943.jpg',	'messages',	'/home/935457.cloudwaysapps.com/aajacmwmty/public_html/public/uploads/messages/1716817956-IMG_20240411_173943.jpg',	'image',	0,	'used',	2,	2,	'2024-05-27 13:52:36',	'2024-05-27 13:52:36'),
(3,	'messages',	'1716817988-IMG_20240411_173943.jpg',	'messages',	'/home/935457.cloudwaysapps.com/aajacmwmty/public_html/public/uploads/messages/1716817988-IMG_20240411_173943.jpg',	'image',	0,	'used',	2,	2,	'2024-05-27 13:53:08',	'2024-05-27 13:53:08'),
(4,	'recipes',	'17168723511712034940-test.jpg',	'recipes',	'/home/935457.cloudwaysapps.com/aajacmwmty/public_html/public/uploads/recipes/17168723511712034940-test.jpg',	'image',	0,	'pending',	71,	71,	'2024-05-28 04:59:11',	'2024-05-28 04:59:11'),
(5,	'training-videos',	'17168724951712034940-test.jpg',	'training-videos',	'/home/935457.cloudwaysapps.com/aajacmwmty/public_html/public/uploads/training-videos/17168724951712034940-test.jpg',	'image',	0,	'pending',	71,	71,	'2024-05-28 05:01:35',	'2024-05-28 05:01:35'),
(6,	'messages',	'1716879688-1716790626-corn-flour.jpg',	'messages',	'/home/935457.cloudwaysapps.com/aajacmwmty/public_html/public/uploads/messages/1716879688-1716790626-corn-flour.jpg',	'image',	0,	'used',	71,	71,	'2024-05-28 07:01:28',	'2024-05-28 07:01:28'),
(7,	'fitness-profile',	'1716891523-download(7).jpg',	'fitness-profile',	'/home/935457.cloudwaysapps.com/aajacmwmty/public_html/public/uploads/fitness-profile/1716891523-download(7).jpg',	'image',	0,	'used',	71,	71,	'2024-05-28 10:18:43',	'2024-05-28 10:18:43'),
(8,	'profile-pictures',	'17169000571712034940-test.jpg',	'profile',	'/home/935457.cloudwaysapps.com/aajacmwmty/public_html/public/uploads/profile-pictures/17169000571712034940-test.jpg',	'image',	0,	'pending',	1,	1,	'2024-05-28 12:40:57',	'2024-05-28 12:40:57'),
(9,	'default-profile-pictures',	'17169009851707396554517-challenge.jpg',	'default-profile-pictures',	'/home/935457.cloudwaysapps.com/aajacmwmty/public_html/public/uploads/default-profile-pictures/17169009851707396554517-challenge.jpg',	'image',	0,	'pending',	1,	1,	'2024-05-28 12:56:25',	'2024-05-28 12:56:25'),
(10,	'profile-pictures',	'1717052062-1716790626-corn-flour.jpg',	'profile',	'/home/935457.cloudwaysapps.com/aajacmwmty/public_html/public/uploads/profile-pictures/1717052062-1716790626-corn-flour.jpg',	'image',	0,	'used',	71,	71,	'2024-05-30 06:54:22',	'2024-05-30 06:54:22'),
(11,	'profile-pictures',	'1717052743-1712582661-download(1).png',	'profile',	'/home/935457.cloudwaysapps.com/aajacmwmty/public_html/public/uploads/profile-pictures/1717052743-1712582661-download(1).png',	'image',	0,	'used',	71,	71,	'2024-05-30 07:05:43',	'2024-05-30 07:05:43'),
(12,	'recipes',	'1717575707360_F_571067620_JS5T5TkDtu3gf8Wqm78KoJRF1vobPvo6.jpg',	'recipes',	'/home/558415.cloudwaysapps.com/vfcukddksd/public_html/public/uploads/recipes/1717575707360_F_571067620_JS5T5TkDtu3gf8Wqm78KoJRF1vobPvo6.jpg',	'image',	0,	'pending',	71,	71,	'2024-06-05 08:21:47',	'2024-06-05 08:21:47'),
(13,	'recipes',	'1717575728360_F_571067620_JS5T5TkDtu3gf8Wqm78KoJRF1vobPvo6.jpg',	'recipes',	'/home/558415.cloudwaysapps.com/vfcukddksd/public_html/public/uploads/recipes/1717575728360_F_571067620_JS5T5TkDtu3gf8Wqm78KoJRF1vobPvo6.jpg',	'image',	0,	'pending',	71,	71,	'2024-06-05 08:22:08',	'2024-06-05 08:22:08'),
(14,	'training-videos',	'1717575864360_F_571067620_JS5T5TkDtu3gf8Wqm78KoJRF1vobPvo6.jpg',	'training-videos',	'/home/558415.cloudwaysapps.com/vfcukddksd/public_html/public/uploads/training-videos/1717575864360_F_571067620_JS5T5TkDtu3gf8Wqm78KoJRF1vobPvo6.jpg',	'image',	0,	'pending',	71,	71,	'2024-06-05 08:24:24',	'2024-06-05 08:24:24'),
(15,	'recipes',	'17175814291712034940-test.jpg',	'recipes',	'/home/558415.cloudwaysapps.com/vfcukddksd/public_html/public/uploads/recipes/17175814291712034940-test.jpg',	'image',	0,	'pending',	71,	71,	'2024-06-05 09:57:09',	'2024-06-05 09:57:09'),
(16,	'training-videos',	'17175814511712034940-test.jpg',	'training-videos',	'/home/558415.cloudwaysapps.com/vfcukddksd/public_html/public/uploads/training-videos/17175814511712034940-test.jpg',	'image',	0,	'pending',	71,	71,	'2024-06-05 09:57:31',	'2024-06-05 09:57:31'),
(17,	'training-videos',	'17175815771712034940-test.jpg',	'training-videos',	'/home/558415.cloudwaysapps.com/vfcukddksd/public_html/public/uploads/training-videos/17175815771712034940-test.jpg',	'image',	0,	'pending',	71,	71,	'2024-06-05 09:59:37',	'2024-06-05 09:59:37'),
(18,	'recipes',	'17175816151712034940-test.jpg',	'recipes',	'/home/558415.cloudwaysapps.com/vfcukddksd/public_html/public/uploads/recipes/17175816151712034940-test.jpg',	'image',	0,	'pending',	71,	71,	'2024-06-05 10:00:15',	'2024-06-05 10:00:15'),
(19,	'default-profile-pictures',	'17175873851712034940-test.jpg',	'default-profile-pictures',	'/home/558415.cloudwaysapps.com/vfcukddksd/public_html/public/uploads/default-profile-pictures/17175873851712034940-test.jpg',	'image',	0,	'pending',	71,	71,	'2024-06-05 11:36:25',	'2024-06-05 11:36:25'),
(20,	'training-videos',	'17175881751712034940-test.jpg',	'training-videos',	'/home/558415.cloudwaysapps.com/vfcukddksd/public_html/public/uploads/training-videos/17175881751712034940-test.jpg',	'image',	0,	'pending',	71,	71,	'2024-06-05 11:49:36',	'2024-06-05 11:49:36'),
(21,	'fitness-profile',	'1717676720-testing-trends-world-quality-report.jpg',	'fitness-profile',	'/home/558415.cloudwaysapps.com/vfcukddksd/public_html/public/uploads/fitness-profile/1717676720-testing-trends-world-quality-report.jpg',	'image',	0,	'used',	1,	1,	'2024-06-06 12:25:20',	'2024-06-06 12:25:20'),
(22,	'fitness-profile',	'1717676783-Standard-Banner-Sizes.jpg',	'fitness-profile',	'/home/558415.cloudwaysapps.com/vfcukddksd/public_html/public/uploads/fitness-profile/1717676783-Standard-Banner-Sizes.jpg',	'image',	0,	'used',	1,	1,	'2024-06-06 12:26:23',	'2024-06-06 12:26:23'),
(23,	'profile-pictures',	'1717677514turbo-icon-white.png',	'profile',	'/home/558415.cloudwaysapps.com/vfcukddksd/public_html/public/uploads/profile-pictures/1717677514turbo-icon-white.png',	'image',	0,	'pending',	71,	71,	'2024-06-06 12:38:34',	'2024-06-06 12:38:34'),
(24,	'profile-pictures',	'1717677560turbo-icon-white.png',	'profile',	'/home/558415.cloudwaysapps.com/vfcukddksd/public_html/public/uploads/profile-pictures/1717677560turbo-icon-white.png',	'image',	0,	'pending',	71,	71,	'2024-06-06 12:39:20',	'2024-06-06 12:39:20'),
(25,	'recipes',	'1717677858turbo-icon-white.png',	'recipes',	'/home/558415.cloudwaysapps.com/vfcukddksd/public_html/public/uploads/recipes/1717677858turbo-icon-white.png',	'image',	0,	'pending',	71,	71,	'2024-06-06 12:44:19',	'2024-06-06 12:44:19'),
(26,	'recipes',	'1717677899turbo-icon-white.png',	'recipes',	'/home/558415.cloudwaysapps.com/vfcukddksd/public_html/public/uploads/recipes/1717677899turbo-icon-white.png',	'image',	0,	'pending',	71,	71,	'2024-06-06 12:44:59',	'2024-06-06 12:44:59'),
(27,	'recipes',	'1717677911Pumpkin.png',	'recipes',	'/home/558415.cloudwaysapps.com/vfcukddksd/public_html/public/uploads/recipes/1717677911Pumpkin.png',	'image',	0,	'pending',	71,	71,	'2024-06-06 12:45:12',	'2024-06-06 12:45:12'),
(28,	'fitness-profile',	'1717678086-turbo-icon-white.png',	'fitness-profile',	'/home/558415.cloudwaysapps.com/vfcukddksd/public_html/public/uploads/fitness-profile/1717678086-turbo-icon-white.png',	'image',	0,	'used',	71,	71,	'2024-06-06 12:48:06',	'2024-06-06 12:48:06'),
(29,	'fitness-profile',	'1717678118-default-health.png',	'fitness-profile',	'/home/558415.cloudwaysapps.com/vfcukddksd/public_html/public/uploads/fitness-profile/1717678118-default-health.png',	'image',	0,	'used',	71,	71,	'2024-06-06 12:48:38',	'2024-06-06 12:48:38'),
(30,	'fitness-profile',	'1717678133-default-health.png',	'fitness-profile',	'/home/558415.cloudwaysapps.com/vfcukddksd/public_html/public/uploads/fitness-profile/1717678133-default-health.png',	'image',	0,	'used',	71,	71,	'2024-06-06 12:48:53',	'2024-06-06 12:48:53'),
(31,	'health-tracker',	'1717678138-Standard-Banner-Sizes.jpg',	'health-tracker',	'/home/558415.cloudwaysapps.com/vfcukddksd/public_html/public/uploads/health-tracker/1717678138-Standard-Banner-Sizes.jpg',	'image',	0,	'used',	1,	1,	'2024-06-06 12:48:58',	'2024-06-06 12:48:58'),
(32,	'profile-pictures',	'1717678188test.jpg',	'profile',	'/home/558415.cloudwaysapps.com/vfcukddksd/public_html/public/uploads/profile-pictures/1717678188test.jpg',	'image',	0,	'pending',	1,	1,	'2024-06-06 12:49:48',	'2024-06-06 12:49:48'),
(33,	'fitness-profile',	'1717678279-test.jpg',	'fitness-profile',	'/home/558415.cloudwaysapps.com/vfcukddksd/public_html/public/uploads/fitness-profile/1717678279-test.jpg',	'image',	0,	'used',	1,	1,	'2024-06-06 12:51:20',	'2024-06-06 12:51:20'),
(34,	'health-tracker',	'1717678400-default-health.png',	'health-tracker',	'/home/558415.cloudwaysapps.com/vfcukddksd/public_html/public/uploads/health-tracker/1717678400-default-health.png',	'image',	0,	'used',	71,	71,	'2024-06-06 12:53:20',	'2024-06-06 12:53:20'),
(35,	'profile-pictures',	'1717679438Profile-Male-PNG.png',	'profile',	'/home/558415.cloudwaysapps.com/vfcukddksd/public_html/public/uploads/profile-pictures/1717679438Profile-Male-PNG.png',	'image',	0,	'pending',	71,	71,	'2024-06-06 13:10:38',	'2024-06-06 13:10:38'),
(36,	'fitness-profile',	'1717679494-default-health.png',	'fitness-profile',	'/home/558415.cloudwaysapps.com/vfcukddksd/public_html/public/uploads/fitness-profile/1717679494-default-health.png',	'image',	0,	'used',	71,	71,	'2024-06-06 13:11:34',	'2024-06-06 13:11:34'),
(37,	'health-tracker',	'1717680761-turbo-icon-white.png',	'health-tracker',	'/home/558415.cloudwaysapps.com/vfcukddksd/public_html/public/uploads/health-tracker/1717680761-turbo-icon-white.png',	'image',	0,	'used',	71,	71,	'2024-06-06 13:32:42',	'2024-06-06 13:32:42'),
(38,	'fitness-profile',	'1717680769-default-health.png',	'fitness-profile',	'/home/558415.cloudwaysapps.com/vfcukddksd/public_html/public/uploads/fitness-profile/1717680769-default-health.png',	'image',	0,	'used',	71,	71,	'2024-06-06 13:32:50',	'2024-06-06 13:32:50'),
(39,	'health-tracker',	'1717681864-1712034940-test.jpg',	'health-tracker',	'/home/558415.cloudwaysapps.com/vfcukddksd/public_html/public/uploads/health-tracker/1717681864-1712034940-test.jpg',	'image',	0,	'used',	71,	71,	'2024-06-06 13:51:04',	'2024-06-06 13:51:04'),
(40,	'health-tracker',	'1718110596-banner.png',	'health-tracker',	'/home/558415.cloudwaysapps.com/vfcukddksd/public_html/public/uploads/health-tracker/1718110596-banner.png',	'image',	0,	'used',	2,	2,	'2024-06-11 12:56:37',	'2024-06-11 12:56:37'),
(41,	'health-tracker',	'1718110628-banner.png',	'health-tracker',	'/home/558415.cloudwaysapps.com/vfcukddksd/public_html/public/uploads/health-tracker/1718110628-banner.png',	'image',	0,	'used',	2,	2,	'2024-06-11 12:57:08',	'2024-06-11 12:57:08'),
(42,	'health-tracker',	'1718112399-banner.png',	'health-tracker',	'/home/558415.cloudwaysapps.com/vfcukddksd/public_html/public/uploads/health-tracker/1718112399-banner.png',	'image',	0,	'used',	71,	71,	'2024-06-11 13:26:39',	'2024-06-11 13:26:39'),
(43,	'health-tracker',	'1718113918-login.jpg',	'health-tracker',	'/home/558415.cloudwaysapps.com/vfcukddksd/public_html/public/uploads/health-tracker/1718113918-login.jpg',	'image',	0,	'used',	2,	2,	'2024-06-11 13:52:01',	'2024-06-11 13:52:01'),
(44,	'default-profile-pictures',	'1718605593turbo-icon-white.png',	'default-profile-pictures',	'/home/558415.cloudwaysapps.com/vfcukddksd/public_html/public/uploads/default-profile-pictures/1718605593turbo-icon-white.png',	'image',	0,	'pending',	1,	1,	'2024-06-17 06:26:33',	'2024-06-17 06:26:33'),
(45,	'default-profile-pictures',	'1718605643Pumpkin.png',	'default-profile-pictures',	'/home/558415.cloudwaysapps.com/vfcukddksd/public_html/public/uploads/default-profile-pictures/1718605643Pumpkin.png',	'image',	0,	'pending',	1,	1,	'2024-06-17 06:27:24',	'2024-06-17 06:27:24'),
(46,	'profile-pictures',	'1718605813Profile-Male-PNG.png',	'profile',	'/home/558415.cloudwaysapps.com/vfcukddksd/public_html/public/uploads/profile-pictures/1718605813Profile-Male-PNG.png',	'image',	0,	'pending',	1,	1,	'2024-06-17 06:30:13',	'2024-06-17 06:30:13'),
(47,	'profile-pictures',	'1718704684-Unknown.jpeg',	'profile',	'/home/558415.cloudwaysapps.com/vfcukddksd/public_html/public/uploads/profile-pictures/1718704684-Unknown.jpeg',	'image',	0,	'used',	100,	100,	'2024-06-18 09:58:04',	'2024-06-18 09:58:04'),
(48,	'fitness-profile',	'1718785576-workout_plan.jpg',	'fitness-profile',	'/home/558415.cloudwaysapps.com/vfcukddksd/public_html/public/uploads/fitness-profile/1718785576-workout_plan.jpg',	'image',	0,	'used',	100,	100,	'2024-06-19 08:26:16',	'2024-06-19 08:26:16'),
(49,	'health-tracker',	'1718800593660431abd0164_download.jpg',	'health-tracker',	'/home/558415.cloudwaysapps.com/vfcukddksd/public_html/public/uploads/health-tracker/1718800593660431abd0164_download.jpg',	'image',	0,	'pending',	2,	2,	'2024-06-19 12:36:33',	'2024-06-19 12:36:33'),
(50,	'health-tracker',	'1718800738http___localhost_8000_uploads_messages_1712325076-download(1).png',	'health-tracker',	'/home/558415.cloudwaysapps.com/vfcukddksd/public_html/public/uploads/health-tracker/1718800738http___localhost_8000_uploads_messages_1712325076-download(1).png',	'image',	0,	'pending',	2,	2,	'2024-06-19 12:38:58',	'2024-06-19 12:38:58'),
(51,	'exercise',	'1718805547download (6).jpeg',	'exercise',	'/home/558415.cloudwaysapps.com/vfcukddksd/public_html/public/uploads/exercise/1718805547download (6).jpeg',	'image',	0,	'pending',	1,	1,	'2024-06-19 13:59:07',	'2024-06-19 13:59:07'),
(52,	'exercise',	'1718805704flower2.jpg',	'exercise',	'/home/558415.cloudwaysapps.com/vfcukddksd/public_html/public/uploads/exercise/1718805704flower2.jpg',	'image',	0,	'pending',	100,	100,	'2024-06-19 14:01:44',	'2024-06-19 14:01:44'),
(53,	'workout',	'1718805833Garlic-Mushrooms-IMAGE-4.jpg',	'workout',	'/home/558415.cloudwaysapps.com/vfcukddksd/public_html/public/uploads/workout/1718805833Garlic-Mushrooms-IMAGE-4.jpg',	'image',	0,	'pending',	1,	1,	'2024-06-19 14:03:54',	'2024-06-19 14:03:54'),
(54,	'exercise',	'1718806630FITNESS_898.jpg',	'exercise',	'/home/558415.cloudwaysapps.com/vfcukddksd/public_html/public/uploads/exercise/1718806630FITNESS_898.jpg',	'image',	0,	'pending',	1,	1,	'2024-06-19 14:17:10',	'2024-06-19 14:17:10'),
(55,	'exercise',	'1718806749rose.png',	'exercise',	'/home/558415.cloudwaysapps.com/vfcukddksd/public_html/public/uploads/exercise/1718806749rose.png',	'image',	0,	'pending',	1,	1,	'2024-06-19 14:19:09',	'2024-06-19 14:19:09'),
(56,	'exercise',	'1718806789flower2.jpg',	'exercise',	'/home/558415.cloudwaysapps.com/vfcukddksd/public_html/public/uploads/exercise/1718806789flower2.jpg',	'image',	0,	'pending',	100,	100,	'2024-06-19 14:19:49',	'2024-06-19 14:19:49'),
(57,	'getting-started',	'1718892648download (20).jpeg',	'getting-started',	'/home/558415.cloudwaysapps.com/vfcukddksd/public_html/public/uploads/getting-started/1718892648download (20).jpeg',	'image',	0,	'pending',	1,	1,	'2024-06-20 14:10:48',	'2024-06-20 14:10:48'),
(58,	'getting-started',	'1718947635flower1.jpg',	'getting-started',	'/home/558415.cloudwaysapps.com/vfcukddksd/public_html/public/uploads/getting-started/1718947635flower1.jpg',	'image',	0,	'pending',	100,	100,	'2024-06-21 05:27:16',	'2024-06-21 05:27:16'),
(59,	'workout',	'1718956351flower1.jpg',	'workout',	'/home/558415.cloudwaysapps.com/vfcukddksd/public_html/public/uploads/workout/1718956351flower1.jpg',	'image',	0,	'pending',	100,	100,	'2024-06-21 07:52:32',	'2024-06-21 07:52:32'),
(60,	'health-tracker',	'1718963214https___phpstack-935457-4361224.cloudwaysapps.com_uploads_messages_1715150120-1712034940-test.jpg',	'health-tracker',	'/home/558415.cloudwaysapps.com/vfcukddksd/public_html/public/uploads/health-tracker/1718963214https___phpstack-935457-4361224.cloudwaysapps.com_uploads_messages_1715150120-1712034940-test.jpg',	'image',	0,	'pending',	71,	71,	'2024-06-21 09:46:54',	'2024-06-21 09:46:54'),
(61,	'health-tracker',	'1718963276ImportedPhoto_1708948660217.jpg',	'health-tracker',	'/home/558415.cloudwaysapps.com/vfcukddksd/public_html/public/uploads/health-tracker/1718963276ImportedPhoto_1708948660217.jpg',	'image',	0,	'pending',	71,	71,	'2024-06-21 09:47:56',	'2024-06-21 09:47:56'),
(62,	'health-tracker',	'1718963326ImportedPhoto_1708948660217.jpg',	'health-tracker',	'/home/558415.cloudwaysapps.com/vfcukddksd/public_html/public/uploads/health-tracker/1718963326ImportedPhoto_1708948660217.jpg',	'image',	0,	'pending',	71,	71,	'2024-06-21 09:48:46',	'2024-06-21 09:48:46'),
(63,	'health-tracker',	'1718963421https___phpstack-935457-4361224.cloudwaysapps.com_uploads_messages_1716183052-1712582661-download(1).png',	'health-tracker',	'/home/558415.cloudwaysapps.com/vfcukddksd/public_html/public/uploads/health-tracker/1718963421https___phpstack-935457-4361224.cloudwaysapps.com_uploads_messages_1716183052-1712582661-download(1).png',	'image',	0,	'pending',	71,	71,	'2024-06-21 09:50:21',	'2024-06-21 09:50:21'),
(64,	'health-tracker',	'17189634671707289881843-media_20240207_122126_3876752637867528956_15.png',	'health-tracker',	'/home/558415.cloudwaysapps.com/vfcukddksd/public_html/public/uploads/health-tracker/17189634671707289881843-media_20240207_122126_3876752637867528956_15.png',	'image',	0,	'pending',	71,	71,	'2024-06-21 09:51:07',	'2024-06-21 09:51:07'),
(65,	'health-tracker',	'1718965694images (3).jpg',	'health-tracker',	'/home/558415.cloudwaysapps.com/vfcukddksd/public_html/public/uploads/health-tracker/1718965694images (3).jpg',	'image',	0,	'pending',	71,	71,	'2024-06-21 10:28:14',	'2024-06-21 10:28:14'),
(66,	'health-tracker',	'1718967453flower2.jpg',	'health-tracker',	'/home/558415.cloudwaysapps.com/vfcukddksd/public_html/public/uploads/health-tracker/1718967453flower2.jpg',	'image',	0,	'pending',	71,	71,	'2024-06-21 10:57:33',	'2024-06-21 10:57:33'),
(67,	'health-tracker',	'1718967592Pumpkin.png',	'health-tracker',	'/home/558415.cloudwaysapps.com/vfcukddksd/public_html/public/uploads/health-tracker/1718967592Pumpkin.png',	'image',	0,	'pending',	104,	104,	'2024-06-21 10:59:53',	'2024-06-21 10:59:53'),
(68,	'health-tracker',	'17189682411712034940-test.jpg',	'health-tracker',	'/home/558415.cloudwaysapps.com/vfcukddksd/public_html/public/uploads/health-tracker/17189682411712034940-test.jpg',	'image',	0,	'pending',	104,	104,	'2024-06-21 11:10:41',	'2024-06-21 11:10:41'),
(69,	'health-tracker',	'17189682561712034940-test.jpg',	'health-tracker',	'/home/558415.cloudwaysapps.com/vfcukddksd/public_html/public/uploads/health-tracker/17189682561712034940-test.jpg',	'image',	0,	'pending',	104,	104,	'2024-06-21 11:10:56',	'2024-06-21 11:10:56'),
(70,	'health-tracker',	'17189682801712034940-test.jpg',	'health-tracker',	'/home/558415.cloudwaysapps.com/vfcukddksd/public_html/public/uploads/health-tracker/17189682801712034940-test.jpg',	'image',	0,	'pending',	104,	104,	'2024-06-21 11:11:20',	'2024-06-21 11:11:20'),
(71,	'health-tracker',	'17189690321712034940-test.jpg',	'health-tracker',	'/home/558415.cloudwaysapps.com/vfcukddksd/public_html/public/uploads/health-tracker/17189690321712034940-test.jpg',	'image',	0,	'pending',	71,	71,	'2024-06-21 11:23:52',	'2024-06-21 11:23:52'),
(72,	'health-tracker',	'1718971069media_20240207_122126_9221034820865739533.jpg',	'health-tracker',	'/home/558415.cloudwaysapps.com/vfcukddksd/public_html/public/uploads/health-tracker/1718971069media_20240207_122126_9221034820865739533.jpg',	'image',	0,	'pending',	71,	71,	'2024-06-21 11:57:50',	'2024-06-21 11:57:50'),
(73,	'health-tracker',	'17189710811703225418417-cover_image.jpg',	'health-tracker',	'/home/558415.cloudwaysapps.com/vfcukddksd/public_html/public/uploads/health-tracker/17189710811703225418417-cover_image.jpg',	'image',	0,	'pending',	71,	71,	'2024-06-21 11:58:01',	'2024-06-21 11:58:01'),
(74,	'health-tracker',	'17192366721710937939611-images.jpg',	'health-tracker',	'/home/558415.cloudwaysapps.com/vfcukddksd/public_html/public/uploads/health-tracker/17192366721710937939611-images.jpg',	'image',	0,	'pending',	71,	71,	'2024-06-24 13:44:33',	'2024-06-24 13:44:33'),
(75,	'profile-pictures',	'1719237452-IMG_20240624_172002.jpg',	'profile',	'/home/558415.cloudwaysapps.com/vfcukddksd/public_html/public/uploads/profile-pictures/1719237452-IMG_20240624_172002.jpg',	'image',	0,	'used',	71,	71,	'2024-06-24 13:57:33',	'2024-06-24 13:57:33'),
(76,	'health-tracker',	'1719237536flower1.jpg',	'health-tracker',	'/home/558415.cloudwaysapps.com/vfcukddksd/public_html/public/uploads/health-tracker/1719237536flower1.jpg',	'image',	0,	'pending',	104,	104,	'2024-06-24 13:58:57',	'2024-06-24 13:58:57'),
(77,	'health-tracker',	'1719237622-IMG_20240624_172002.jpg',	'health-tracker',	'/home/558415.cloudwaysapps.com/vfcukddksd/public_html/public/uploads/health-tracker/1719237622-IMG_20240624_172002.jpg',	'image',	0,	'used',	71,	71,	'2024-06-24 14:00:22',	'2024-06-24 14:00:22'),
(78,	'health-tracker',	'1719237722-IMG_20240624_172002.jpg',	'health-tracker',	'/home/558415.cloudwaysapps.com/vfcukddksd/public_html/public/uploads/health-tracker/1719237722-IMG_20240624_172002.jpg',	'image',	0,	'used',	71,	71,	'2024-06-24 14:02:02',	'2024-06-24 14:02:02'),
(79,	'health-tracker',	'1719237736-IMG_20240624_171944.jpg',	'health-tracker',	'/home/558415.cloudwaysapps.com/vfcukddksd/public_html/public/uploads/health-tracker/1719237736-IMG_20240624_171944.jpg',	'image',	0,	'used',	71,	71,	'2024-06-24 14:02:16',	'2024-06-24 14:02:16'),
(80,	'health-tracker',	'1719238146-IMG_20240624_171944.jpg',	'health-tracker',	'/home/558415.cloudwaysapps.com/vfcukddksd/public_html/public/uploads/health-tracker/1719238146-IMG_20240624_171944.jpg',	'image',	0,	'used',	71,	71,	'2024-06-24 14:09:07',	'2024-06-24 14:09:07'),
(81,	'training-videos',	'1719304221login.jpg',	'training-videos',	'/home/558415.cloudwaysapps.com/vfcukddksd/public_html/public/uploads/training-videos/1719304221login.jpg',	'image',	0,	'pending',	104,	104,	'2024-06-25 08:30:23',	'2024-06-25 08:30:23'),
(82,	'health-tracker',	'1719309008-IMG_20240624_172002.jpg',	'health-tracker',	'/home/558415.cloudwaysapps.com/vfcukddksd/public_html/public/uploads/health-tracker/1719309008-IMG_20240624_172002.jpg',	'image',	0,	'used',	71,	71,	'2024-06-25 09:50:09',	'2024-06-25 09:50:09'),
(83,	'health-tracker',	'1719310452-IMG_20240624_172002.jpg',	'health-tracker',	'/home/558415.cloudwaysapps.com/vfcukddksd/public_html/public/uploads/health-tracker/1719310452-IMG_20240624_172002.jpg',	'image',	0,	'used',	71,	71,	'2024-06-25 10:14:12',	'2024-06-25 10:14:12'),
(84,	'health-tracker',	'1719310723-IMG_20240624_172000.jpg',	'health-tracker',	'/home/558415.cloudwaysapps.com/vfcukddksd/public_html/public/uploads/health-tracker/1719310723-IMG_20240624_172000.jpg',	'image',	0,	'used',	71,	71,	'2024-06-25 10:18:43',	'2024-06-25 10:18:43'),
(85,	'health-tracker',	'1719310773-IMG_20240624_172000.jpg',	'health-tracker',	'/home/558415.cloudwaysapps.com/vfcukddksd/public_html/public/uploads/health-tracker/1719310773-IMG_20240624_172000.jpg',	'image',	0,	'used',	71,	71,	'2024-06-25 10:19:33',	'2024-06-25 10:19:33'),
(86,	'health-tracker',	'1719311144-IMG_20240624_172000.jpg',	'health-tracker',	'/home/558415.cloudwaysapps.com/vfcukddksd/public_html/public/uploads/health-tracker/1719311144-IMG_20240624_172000.jpg',	'image',	0,	'used',	71,	71,	'2024-06-25 10:25:45',	'2024-06-25 10:25:45'),
(87,	'health-tracker',	'1719311235-IMG_20240624_172000.jpg',	'health-tracker',	'/home/558415.cloudwaysapps.com/vfcukddksd/public_html/public/uploads/health-tracker/1719311235-IMG_20240624_172000.jpg',	'image',	0,	'used',	71,	71,	'2024-06-25 10:27:15',	'2024-06-25 10:27:15'),
(88,	'health-tracker',	'1719311508-IMG_20240624_172000.jpg',	'health-tracker',	'/home/558415.cloudwaysapps.com/vfcukddksd/public_html/public/uploads/health-tracker/1719311508-IMG_20240624_172000.jpg',	'image',	0,	'used',	71,	71,	'2024-06-25 10:31:48',	'2024-06-25 10:31:48'),
(89,	'health-tracker',	'1719313586-IMG_20240624_171944.jpg',	'health-tracker',	'/home/558415.cloudwaysapps.com/vfcukddksd/public_html/public/uploads/health-tracker/1719313586-IMG_20240624_171944.jpg',	'image',	0,	'used',	71,	71,	'2024-06-25 11:06:26',	'2024-06-25 11:06:26'),
(90,	'health-tracker',	'1719313912-IMG_20240624_171944.jpg',	'health-tracker',	'/home/558415.cloudwaysapps.com/vfcukddksd/public_html/public/uploads/health-tracker/1719313912-IMG_20240624_171944.jpg',	'image',	0,	'used',	71,	71,	'2024-06-25 11:11:52',	'2024-06-25 11:11:52'),
(91,	'health-tracker',	'1719314116-IMG_20240624_172000.jpg',	'health-tracker',	'/home/558415.cloudwaysapps.com/vfcukddksd/public_html/public/uploads/health-tracker/1719314116-IMG_20240624_172000.jpg',	'image',	0,	'used',	71,	71,	'2024-06-25 11:15:16',	'2024-06-25 11:15:16'),
(92,	'health-tracker',	'1719314294-IMG_20240624_172002.jpg',	'health-tracker',	'/home/558415.cloudwaysapps.com/vfcukddksd/public_html/public/uploads/health-tracker/1719314294-IMG_20240624_172002.jpg',	'image',	0,	'used',	71,	71,	'2024-06-25 11:18:14',	'2024-06-25 11:18:14'),
(93,	'health-tracker',	'1719314698large-blue-butterfly-collard-hill-somerset-1035467.jpg',	'health-tracker',	'/home/558415.cloudwaysapps.com/vfcukddksd/public_html/public/uploads/health-tracker/1719314698large-blue-butterfly-collard-hill-somerset-1035467.jpg',	'image',	0,	'pending',	71,	71,	'2024-06-25 11:24:58',	'2024-06-25 11:24:58'),
(94,	'health-tracker',	'1719314745budelia Willowpix GettyImages.jpg',	'health-tracker',	'/home/558415.cloudwaysapps.com/vfcukddksd/public_html/public/uploads/health-tracker/1719314745budelia Willowpix GettyImages.jpg',	'image',	0,	'pending',	71,	71,	'2024-06-25 11:25:45',	'2024-06-25 11:25:45'),
(95,	'health-tracker',	'1719314787budelia Willowpix GettyImages.jpg',	'health-tracker',	'/home/558415.cloudwaysapps.com/vfcukddksd/public_html/public/uploads/health-tracker/1719314787budelia Willowpix GettyImages.jpg',	'image',	0,	'pending',	71,	71,	'2024-06-25 11:26:27',	'2024-06-25 11:26:27'),
(96,	'health-tracker',	'1719314803large-blue-butterfly-collard-hill-somerset-1035467.jpg',	'health-tracker',	'/home/558415.cloudwaysapps.com/vfcukddksd/public_html/public/uploads/health-tracker/1719314803large-blue-butterfly-collard-hill-somerset-1035467.jpg',	'image',	0,	'pending',	71,	71,	'2024-06-25 11:26:43',	'2024-06-25 11:26:43'),
(97,	'health-tracker',	'1719315288budelia Willowpix GettyImages.jpg',	'health-tracker',	'/home/558415.cloudwaysapps.com/vfcukddksd/public_html/public/uploads/health-tracker/1719315288budelia Willowpix GettyImages.jpg',	'image',	0,	'pending',	71,	71,	'2024-06-25 11:34:49',	'2024-06-25 11:34:49'),
(98,	'health-tracker',	'1719315354large-blue-butterfly-collard-hill-somerset-1035467.jpg',	'health-tracker',	'/home/558415.cloudwaysapps.com/vfcukddksd/public_html/public/uploads/health-tracker/1719315354large-blue-butterfly-collard-hill-somerset-1035467.jpg',	'image',	0,	'pending',	71,	71,	'2024-06-25 11:35:55',	'2024-06-25 11:35:55'),
(99,	'health-tracker',	'1719315619-IMG_20240624_172000.jpg',	'health-tracker',	'/home/558415.cloudwaysapps.com/vfcukddksd/public_html/public/uploads/health-tracker/1719315619-IMG_20240624_172000.jpg',	'image',	0,	'used',	71,	71,	'2024-06-25 11:40:19',	'2024-06-25 11:40:19'),
(100,	'health-tracker',	'1719315991large-blue-butterfly-collard-hill-somerset-1035467.jpg',	'health-tracker',	'/home/558415.cloudwaysapps.com/vfcukddksd/public_html/public/uploads/health-tracker/1719315991large-blue-butterfly-collard-hill-somerset-1035467.jpg',	'image',	0,	'pending',	71,	71,	'2024-06-25 11:46:31',	'2024-06-25 11:46:31'),
(101,	'health-tracker',	'1719316833-IMG_20240624_172000.jpg',	'health-tracker',	'/home/558415.cloudwaysapps.com/vfcukddksd/public_html/public/uploads/health-tracker/1719316833-IMG_20240624_172000.jpg',	'image',	0,	'used',	71,	71,	'2024-06-25 12:00:33',	'2024-06-25 12:00:33'),
(102,	'health-tracker',	'1719316958-IMG_20240624_172000.jpg',	'health-tracker',	'/home/558415.cloudwaysapps.com/vfcukddksd/public_html/public/uploads/health-tracker/1719316958-IMG_20240624_172000.jpg',	'image',	0,	'used',	71,	71,	'2024-06-25 12:02:38',	'2024-06-25 12:02:38'),
(103,	'health-tracker',	'1719317723-IMG_20240624_172000.jpg',	'health-tracker',	'/home/558415.cloudwaysapps.com/vfcukddksd/public_html/public/uploads/health-tracker/1719317723-IMG_20240624_172000.jpg',	'image',	0,	'used',	71,	71,	'2024-06-25 12:15:23',	'2024-06-25 12:15:23'),
(104,	'profile-pictures',	'1719319040-IMG_20240624_172000.jpg',	'profile',	'/home/558415.cloudwaysapps.com/vfcukddksd/public_html/public/uploads/profile-pictures/1719319040-IMG_20240624_172000.jpg',	'image',	0,	'used',	71,	71,	'2024-06-25 12:37:20',	'2024-06-25 12:37:20'),
(105,	'health-tracker',	'1719320426fishing-icon.jpg',	'health-tracker',	'/home/558415.cloudwaysapps.com/vfcukddksd/public_html/public/uploads/health-tracker/1719320426fishing-icon.jpg',	'image',	0,	'pending',	71,	71,	'2024-06-25 13:00:27',	'2024-06-25 13:00:27'),
(106,	'health-tracker',	'1719320699-IMG_20240624_172000.jpg',	'health-tracker',	'/home/558415.cloudwaysapps.com/vfcukddksd/public_html/public/uploads/health-tracker/1719320699-IMG_20240624_172000.jpg',	'image',	0,	'used',	71,	71,	'2024-06-25 13:04:59',	'2024-06-25 13:04:59'),
(107,	'health-tracker',	'1719320734-IMG_20240624_172000.jpg',	'health-tracker',	'/home/558415.cloudwaysapps.com/vfcukddksd/public_html/public/uploads/health-tracker/1719320734-IMG_20240624_172000.jpg',	'image',	0,	'used',	71,	71,	'2024-06-25 13:05:35',	'2024-06-25 13:05:35'),
(108,	'health-tracker',	'1719321113-IMG_20240624_172000.jpg',	'health-tracker',	'/home/558415.cloudwaysapps.com/vfcukddksd/public_html/public/uploads/health-tracker/1719321113-IMG_20240624_172000.jpg',	'image',	0,	'used',	71,	71,	'2024-06-25 13:11:53',	'2024-06-25 13:11:53'),
(109,	'health-tracker',	'1719321275-IMG_20240624_172000.jpg',	'health-tracker',	'/home/558415.cloudwaysapps.com/vfcukddksd/public_html/public/uploads/health-tracker/1719321275-IMG_20240624_172000.jpg',	'image',	0,	'used',	71,	71,	'2024-06-25 13:14:36',	'2024-06-25 13:14:36'),
(110,	'health-tracker',	'1719321428-IMG_20240624_172000.jpg',	'health-tracker',	'/home/558415.cloudwaysapps.com/vfcukddksd/public_html/public/uploads/health-tracker/1719321428-IMG_20240624_172000.jpg',	'image',	0,	'used',	71,	71,	'2024-06-25 13:17:08',	'2024-06-25 13:17:08'),
(111,	'health-tracker',	'1719321896-IMG_20240624_172000.jpg',	'health-tracker',	'/home/558415.cloudwaysapps.com/vfcukddksd/public_html/public/uploads/health-tracker/1719321896-IMG_20240624_172000.jpg',	'image',	0,	'used',	71,	71,	'2024-06-25 13:24:56',	'2024-06-25 13:24:56'),
(112,	'health-tracker',	'1719322129-IMG_20240624_172000.jpg',	'health-tracker',	'/home/558415.cloudwaysapps.com/vfcukddksd/public_html/public/uploads/health-tracker/1719322129-IMG_20240624_172000.jpg',	'image',	0,	'used',	71,	71,	'2024-06-25 13:28:49',	'2024-06-25 13:28:49'),
(113,	'health-tracker',	'1719322305-IMG_20240624_172000.jpg',	'health-tracker',	'/home/558415.cloudwaysapps.com/vfcukddksd/public_html/public/uploads/health-tracker/1719322305-IMG_20240624_172000.jpg',	'image',	0,	'used',	71,	71,	'2024-06-25 13:31:46',	'2024-06-25 13:31:46'),
(114,	'training-videos',	'17193224851712034940-test.jpg',	'training-videos',	'/home/558415.cloudwaysapps.com/vfcukddksd/public_html/public/uploads/training-videos/17193224851712034940-test.jpg',	'image',	0,	'pending',	104,	104,	'2024-06-25 13:34:45',	'2024-06-25 13:34:45'),
(115,	'health-tracker',	'1719322530-IMG_20240624_172000.jpg',	'health-tracker',	'/home/558415.cloudwaysapps.com/vfcukddksd/public_html/public/uploads/health-tracker/1719322530-IMG_20240624_172000.jpg',	'image',	0,	'used',	71,	71,	'2024-06-25 13:35:30',	'2024-06-25 13:35:30'),
(116,	'health-tracker',	'1719322574-IMG_20240624_172000.jpg',	'health-tracker',	'/home/558415.cloudwaysapps.com/vfcukddksd/public_html/public/uploads/health-tracker/1719322574-IMG_20240624_172000.jpg',	'image',	0,	'used',	71,	71,	'2024-06-25 13:36:15',	'2024-06-25 13:36:15'),
(117,	'health-tracker',	'1719322655-IMG_20240624_172000.jpg',	'health-tracker',	'/home/558415.cloudwaysapps.com/vfcukddksd/public_html/public/uploads/health-tracker/1719322655-IMG_20240624_172000.jpg',	'image',	0,	'used',	71,	71,	'2024-06-25 13:37:35',	'2024-06-25 13:37:35'),
(118,	'health-tracker',	'1719322862large-blue-butterfly-collard-hill-somerset-1035467.jpg',	'health-tracker',	'/home/558415.cloudwaysapps.com/vfcukddksd/public_html/public/uploads/health-tracker/1719322862large-blue-butterfly-collard-hill-somerset-1035467.jpg',	'image',	0,	'pending',	71,	71,	'2024-06-25 13:41:03',	'2024-06-25 13:41:03'),
(119,	'health-tracker',	'1719322879budelia Willowpix GettyImages.jpg',	'health-tracker',	'/home/558415.cloudwaysapps.com/vfcukddksd/public_html/public/uploads/health-tracker/1719322879budelia Willowpix GettyImages.jpg',	'image',	0,	'pending',	71,	71,	'2024-06-25 13:41:19',	'2024-06-25 13:41:19'),
(120,	'health-tracker',	'1719323494-IMG_20240624_172000.jpg',	'health-tracker',	'/home/558415.cloudwaysapps.com/vfcukddksd/public_html/public/uploads/health-tracker/1719323494-IMG_20240624_172000.jpg',	'image',	0,	'used',	71,	71,	'2024-06-25 13:51:34',	'2024-06-25 13:51:34'),
(121,	'health-tracker',	'1719323596-IMG_20240624_172000.jpg',	'health-tracker',	'/home/558415.cloudwaysapps.com/vfcukddksd/public_html/public/uploads/health-tracker/1719323596-IMG_20240624_172000.jpg',	'image',	0,	'used',	71,	71,	'2024-06-25 13:53:16',	'2024-06-25 13:53:16'),
(122,	'health-tracker',	'1719323942-IMG_20240624_172000.jpg',	'health-tracker',	'/home/558415.cloudwaysapps.com/vfcukddksd/public_html/public/uploads/health-tracker/1719323942-IMG_20240624_172000.jpg',	'image',	0,	'used',	71,	71,	'2024-06-25 13:59:03',	'2024-06-25 13:59:03'),
(123,	'health-tracker',	'1719324088budelia Willowpix GettyImages.jpg',	'health-tracker',	'/home/558415.cloudwaysapps.com/vfcukddksd/public_html/public/uploads/health-tracker/1719324088budelia Willowpix GettyImages.jpg',	'image',	0,	'pending',	71,	71,	'2024-06-25 14:01:28',	'2024-06-25 14:01:28'),
(124,	'health-tracker',	'1719324314-IMG_20240624_172000.jpg',	'health-tracker',	'/home/558415.cloudwaysapps.com/vfcukddksd/public_html/public/uploads/health-tracker/1719324314-IMG_20240624_172000.jpg',	'image',	0,	'used',	71,	71,	'2024-06-25 14:05:14',	'2024-06-25 14:05:14'),
(125,	'health-tracker',	'1719324458-IMG_20240624_172000.jpg',	'health-tracker',	'/home/558415.cloudwaysapps.com/vfcukddksd/public_html/public/uploads/health-tracker/1719324458-IMG_20240624_172000.jpg',	'image',	0,	'used',	71,	71,	'2024-06-25 14:07:38',	'2024-06-25 14:07:38'),
(126,	'health-tracker',	'1719324566-IMG_20240624_172000.jpg',	'health-tracker',	'/home/558415.cloudwaysapps.com/vfcukddksd/public_html/public/uploads/health-tracker/1719324566-IMG_20240624_172000.jpg',	'image',	0,	'used',	71,	71,	'2024-06-25 14:09:26',	'2024-06-25 14:09:26'),
(127,	'health-tracker',	'1719324643-IMG_20240624_172000.jpg',	'health-tracker',	'/home/558415.cloudwaysapps.com/vfcukddksd/public_html/public/uploads/health-tracker/1719324643-IMG_20240624_172000.jpg',	'image',	0,	'used',	71,	71,	'2024-06-25 14:10:44',	'2024-06-25 14:10:44'),
(128,	'health-tracker',	'1719324719-IMG_20240624_172000.jpg',	'health-tracker',	'/home/558415.cloudwaysapps.com/vfcukddksd/public_html/public/uploads/health-tracker/1719324719-IMG_20240624_172000.jpg',	'image',	0,	'used',	71,	71,	'2024-06-25 14:12:00',	'2024-06-25 14:12:00'),
(129,	'health-tracker',	'1719324992-IMG_20240624_172000.jpg',	'health-tracker',	'/home/558415.cloudwaysapps.com/vfcukddksd/public_html/public/uploads/health-tracker/1719324992-IMG_20240624_172000.jpg',	'image',	0,	'used',	71,	71,	'2024-06-25 14:16:32',	'2024-06-25 14:16:32'),
(130,	'health-tracker',	'1719325234-IMG_20240624_172000.jpg',	'health-tracker',	'/home/558415.cloudwaysapps.com/vfcukddksd/public_html/public/uploads/health-tracker/1719325234-IMG_20240624_172000.jpg',	'image',	0,	'used',	71,	71,	'2024-06-25 14:20:34',	'2024-06-25 14:20:34'),
(131,	'health-tracker',	'1719325279-IMG_20240624_171944.jpg',	'health-tracker',	'/home/558415.cloudwaysapps.com/vfcukddksd/public_html/public/uploads/health-tracker/1719325279-IMG_20240624_171944.jpg',	'image',	0,	'used',	71,	71,	'2024-06-25 14:21:19',	'2024-06-25 14:21:19'),
(132,	'health-tracker',	'1719377946-IMG_20240624_171944.jpg',	'health-tracker',	'/home/558415.cloudwaysapps.com/vfcukddksd/public_html/public/uploads/health-tracker/1719377946-IMG_20240624_171944.jpg',	'image',	0,	'used',	71,	71,	'2024-06-26 04:59:06',	'2024-06-26 04:59:06'),
(133,	'health-tracker',	'1719379822-1716817988-IMG_20240411_173943.jpg',	'health-tracker',	'/home/558415.cloudwaysapps.com/vfcukddksd/public_html/public/uploads/health-tracker/1719379822-1716817988-IMG_20240411_173943.jpg',	'image',	0,	'used',	100,	100,	'2024-06-26 05:30:22',	'2024-06-26 05:30:22'),
(134,	'health-tracker',	'1719379969-1716817988-IMG_20240411_173943.jpg',	'health-tracker',	'/home/558415.cloudwaysapps.com/vfcukddksd/public_html/public/uploads/health-tracker/1719379969-1716817988-IMG_20240411_173943.jpg',	'image',	0,	'used',	100,	100,	'2024-06-26 05:32:50',	'2024-06-26 05:32:50'),
(135,	'getting-started',	'1719390757images (5).jpeg',	'getting-started',	'/home/558415.cloudwaysapps.com/vfcukddksd/public_html/public/uploads/getting-started/1719390757images (5).jpeg',	'image',	0,	'pending',	1,	1,	'2024-06-26 08:32:37',	'2024-06-26 08:32:37'),
(136,	'health-tracker',	'1719400473-IMG_20240624_172002.jpg',	'health-tracker',	'/home/558415.cloudwaysapps.com/vfcukddksd/public_html/public/uploads/health-tracker/1719400473-IMG_20240624_172002.jpg',	'image',	0,	'used',	71,	71,	'2024-06-26 11:14:34',	'2024-06-26 11:14:34'),
(137,	'health-tracker',	'1719401505large-blue-butterfly-collard-hill-somerset-1035467.jpg',	'health-tracker',	'/home/558415.cloudwaysapps.com/vfcukddksd/public_html/public/uploads/health-tracker/1719401505large-blue-butterfly-collard-hill-somerset-1035467.jpg',	'image',	0,	'pending',	71,	71,	'2024-06-26 11:31:45',	'2024-06-26 11:31:45'),
(138,	'health-tracker',	'1719403200-IMG_20240624_172002.jpg',	'health-tracker',	'/home/558415.cloudwaysapps.com/vfcukddksd/public_html/public/uploads/health-tracker/1719403200-IMG_20240624_172002.jpg',	'image',	0,	'used',	71,	71,	'2024-06-26 12:00:00',	'2024-06-26 12:00:00'),
(139,	'health-tracker',	'1719403360-IMG_20240624_171944.jpg',	'health-tracker',	'/home/558415.cloudwaysapps.com/vfcukddksd/public_html/public/uploads/health-tracker/1719403360-IMG_20240624_171944.jpg',	'image',	0,	'used',	71,	71,	'2024-06-26 12:02:40',	'2024-06-26 12:02:40'),
(140,	'health-tracker',	'1719403377-IMG_20240624_172000.jpg',	'health-tracker',	'/home/558415.cloudwaysapps.com/vfcukddksd/public_html/public/uploads/health-tracker/1719403377-IMG_20240624_172000.jpg',	'image',	0,	'used',	71,	71,	'2024-06-26 12:02:58',	'2024-06-26 12:02:58'),
(141,	'health-tracker',	'1719403471-IMG_20240624_171944.jpg',	'health-tracker',	'/home/558415.cloudwaysapps.com/vfcukddksd/public_html/public/uploads/health-tracker/1719403471-IMG_20240624_171944.jpg',	'image',	0,	'used',	71,	71,	'2024-06-26 12:04:31',	'2024-06-26 12:04:31'),
(142,	'health-tracker',	'1719403523large-blue-butterfly-collard-hill-somerset-1035467.jpg',	'health-tracker',	'/home/558415.cloudwaysapps.com/vfcukddksd/public_html/public/uploads/health-tracker/1719403523large-blue-butterfly-collard-hill-somerset-1035467.jpg',	'image',	0,	'pending',	71,	71,	'2024-06-26 12:05:24',	'2024-06-26 12:05:24'),
(143,	'getting-started',	'17194177202024-06-24 101811.jpg',	'getting-started',	'/home/558415.cloudwaysapps.com/vfcukddksd/public_html/public/uploads/getting-started/17194177202024-06-24 101811.jpg',	'image',	0,	'pending',	1,	1,	'2024-06-26 16:02:00',	'2024-06-26 16:02:00'),
(144,	'training-videos',	'1719476659thubnail2.jpg',	'training-videos',	'/home/558415.cloudwaysapps.com/vfcukddksd/public_html/public/uploads/training-videos/1719476659thubnail2.jpg',	'image',	0,	'pending',	100,	100,	'2024-06-27 08:24:19',	'2024-06-27 08:24:19'),
(145,	'health-tracker',	'1719481833-IMG_20240624_172000.jpg',	'health-tracker',	'/home/558415.cloudwaysapps.com/vfcukddksd/public_html/public/uploads/health-tracker/1719481833-IMG_20240624_172000.jpg',	'image',	0,	'used',	71,	71,	'2024-06-27 09:50:33',	'2024-06-27 09:50:33'),
(146,	'health-tracker',	'1719481844-IMG_20240624_171944.jpg',	'health-tracker',	'/home/558415.cloudwaysapps.com/vfcukddksd/public_html/public/uploads/health-tracker/1719481844-IMG_20240624_171944.jpg',	'image',	0,	'used',	71,	71,	'2024-06-27 09:50:44',	'2024-06-27 09:50:44'),
(147,	'health-tracker',	'1719481862-IMG_20240624_172000.jpg',	'health-tracker',	'/home/558415.cloudwaysapps.com/vfcukddksd/public_html/public/uploads/health-tracker/1719481862-IMG_20240624_172000.jpg',	'image',	0,	'used',	71,	71,	'2024-06-27 09:51:03',	'2024-06-27 09:51:03'),
(148,	'health-tracker',	'1719481963-IMG_20240624_172002.jpg',	'health-tracker',	'/home/558415.cloudwaysapps.com/vfcukddksd/public_html/public/uploads/health-tracker/1719481963-IMG_20240624_172002.jpg',	'image',	0,	'used',	71,	71,	'2024-06-27 09:52:43',	'2024-06-27 09:52:43'),
(149,	'health-tracker',	'1719483121-IMG_20240624_171944.jpg',	'health-tracker',	'/home/558415.cloudwaysapps.com/vfcukddksd/public_html/public/uploads/health-tracker/1719483121-IMG_20240624_171944.jpg',	'image',	0,	'used',	71,	71,	'2024-06-27 10:12:02',	'2024-06-27 10:12:02'),
(150,	'health-tracker',	'17194852011710937939611-images.jpg',	'health-tracker',	'/home/558415.cloudwaysapps.com/vfcukddksd/public_html/public/uploads/health-tracker/17194852011710937939611-images.jpg',	'image',	0,	'pending',	71,	71,	'2024-06-27 10:46:42',	'2024-06-27 10:46:42'),
(151,	'health-tracker',	'1719485276-IMG_20240624_172002.jpg',	'health-tracker',	'/home/558415.cloudwaysapps.com/vfcukddksd/public_html/public/uploads/health-tracker/1719485276-IMG_20240624_172002.jpg',	'image',	0,	'used',	71,	71,	'2024-06-27 10:47:56',	'2024-06-27 10:47:56'),
(152,	'profile-pictures',	'1719493541-IMG_20240624_172000.jpg',	'profile',	'/home/558415.cloudwaysapps.com/vfcukddksd/public_html/public/uploads/profile-pictures/1719493541-IMG_20240624_172000.jpg',	'image',	0,	'used',	71,	71,	'2024-06-27 13:05:41',	'2024-06-27 13:05:41'),
(153,	'health-tracker',	'1719495368exercise.jpg',	'health-tracker',	'/home/558415.cloudwaysapps.com/vfcukddksd/public_html/public/uploads/health-tracker/1719495368exercise.jpg',	'image',	0,	'pending',	100,	100,	'2024-06-27 13:36:09',	'2024-06-27 13:36:09'),
(154,	'health-tracker',	'1719495439exercise2.png',	'health-tracker',	'/home/558415.cloudwaysapps.com/vfcukddksd/public_html/public/uploads/health-tracker/1719495439exercise2.png',	'image',	0,	'pending',	100,	100,	'2024-06-27 13:37:19',	'2024-06-27 13:37:19'),
(155,	'health-tracker',	'1719496181-IMG-20240625-WA0006.jpg',	'health-tracker',	'/home/558415.cloudwaysapps.com/vfcukddksd/public_html/public/uploads/health-tracker/1719496181-IMG-20240625-WA0006.jpg',	'image',	0,	'used',	100,	100,	'2024-06-27 13:49:41',	'2024-06-27 13:49:41'),
(156,	'health-tracker',	'1719496204-IMG-20240607-WA0033.jpg',	'health-tracker',	'/home/558415.cloudwaysapps.com/vfcukddksd/public_html/public/uploads/health-tracker/1719496204-IMG-20240607-WA0033.jpg',	'image',	0,	'used',	100,	100,	'2024-06-27 13:50:04',	'2024-06-27 13:50:04'),
(157,	'fitness-profile',	'1719496598-1712034940-test.jpg',	'fitness-profile',	'/home/558415.cloudwaysapps.com/vfcukddksd/public_html/public/uploads/fitness-profile/1719496598-1712034940-test.jpg',	'image',	0,	'used',	105,	105,	'2024-06-27 13:56:38',	'2024-06-27 13:56:38'),
(158,	'health-tracker',	'17195713311712034940-test.jpg',	'health-tracker',	'/home/558415.cloudwaysapps.com/vfcukddksd/public_html/public/uploads/health-tracker/17195713311712034940-test.jpg',	'image',	0,	'pending',	71,	71,	'2024-06-28 10:42:12',	'2024-06-28 10:42:12'),
(159,	'health-tracker',	'17195713591712034940-test.jpg',	'health-tracker',	'/home/558415.cloudwaysapps.com/vfcukddksd/public_html/public/uploads/health-tracker/17195713591712034940-test.jpg',	'image',	0,	'pending',	71,	71,	'2024-06-28 10:42:39',	'2024-06-28 10:42:39'),
(160,	'health-tracker',	'17195713671712034940-test.jpg',	'health-tracker',	'/home/558415.cloudwaysapps.com/vfcukddksd/public_html/public/uploads/health-tracker/17195713671712034940-test.jpg',	'image',	0,	'pending',	71,	71,	'2024-06-28 10:42:47',	'2024-06-28 10:42:47'),
(161,	'health-tracker',	'17195713801712034940-test.jpg',	'health-tracker',	'/home/558415.cloudwaysapps.com/vfcukddksd/public_html/public/uploads/health-tracker/17195713801712034940-test.jpg',	'image',	0,	'pending',	71,	71,	'2024-06-28 10:43:00',	'2024-06-28 10:43:00'),
(162,	'health-tracker',	'17195717191712034940-test.jpg',	'health-tracker',	'/home/558415.cloudwaysapps.com/vfcukddksd/public_html/public/uploads/health-tracker/17195717191712034940-test.jpg',	'image',	0,	'pending',	71,	71,	'2024-06-28 10:48:39',	'2024-06-28 10:48:39'),
(163,	'health-tracker',	'17195717281712034940-test.jpg',	'health-tracker',	'/home/558415.cloudwaysapps.com/vfcukddksd/public_html/public/uploads/health-tracker/17195717281712034940-test.jpg',	'image',	0,	'pending',	71,	71,	'2024-06-28 10:48:48',	'2024-06-28 10:48:48'),
(164,	'health-tracker',	'17195717391712034940-test.jpg',	'health-tracker',	'/home/558415.cloudwaysapps.com/vfcukddksd/public_html/public/uploads/health-tracker/17195717391712034940-test.jpg',	'image',	0,	'pending',	71,	71,	'2024-06-28 10:48:59',	'2024-06-28 10:48:59'),
(165,	'health-tracker',	'1719573192exercise2.png',	'health-tracker',	'/home/558415.cloudwaysapps.com/vfcukddksd/public_html/public/uploads/health-tracker/1719573192exercise2.png',	'image',	0,	'pending',	100,	100,	'2024-06-28 11:13:12',	'2024-06-28 11:13:12'),
(166,	'health-tracker',	'1719573719exercise.jpg',	'health-tracker',	'/home/558415.cloudwaysapps.com/vfcukddksd/public_html/public/uploads/health-tracker/1719573719exercise.jpg',	'image',	0,	'pending',	100,	100,	'2024-06-28 11:22:00',	'2024-06-28 11:22:00'),
(167,	'health-tracker',	'1719573730thubnail2.jpg',	'health-tracker',	'/home/558415.cloudwaysapps.com/vfcukddksd/public_html/public/uploads/health-tracker/1719573730thubnail2.jpg',	'image',	0,	'pending',	100,	100,	'2024-06-28 11:22:10',	'2024-06-28 11:22:10'),
(168,	'health-tracker',	'1719573767training_video2.png',	'health-tracker',	'/home/558415.cloudwaysapps.com/vfcukddksd/public_html/public/uploads/health-tracker/1719573767training_video2.png',	'image',	0,	'pending',	100,	100,	'2024-06-28 11:22:47',	'2024-06-28 11:22:47'),
(169,	'health-tracker',	'1719574054exercise2.png',	'health-tracker',	'/home/558415.cloudwaysapps.com/vfcukddksd/public_html/public/uploads/health-tracker/1719574054exercise2.png',	'image',	0,	'pending',	100,	100,	'2024-06-28 11:27:35',	'2024-06-28 11:27:35'),
(170,	'health-tracker',	'1719574064exercise2.png',	'health-tracker',	'/home/558415.cloudwaysapps.com/vfcukddksd/public_html/public/uploads/health-tracker/1719574064exercise2.png',	'image',	0,	'pending',	100,	100,	'2024-06-28 11:27:44',	'2024-06-28 11:27:44'),
(171,	'health-tracker',	'17195760201712034940-test.jpg',	'health-tracker',	'/home/558415.cloudwaysapps.com/vfcukddksd/public_html/public/uploads/health-tracker/17195760201712034940-test.jpg',	'image',	0,	'pending',	71,	71,	'2024-06-28 12:00:20',	'2024-06-28 12:00:20'),
(172,	'health-tracker',	'17195760341712034940-test.jpg',	'health-tracker',	'/home/558415.cloudwaysapps.com/vfcukddksd/public_html/public/uploads/health-tracker/17195760341712034940-test.jpg',	'image',	0,	'pending',	71,	71,	'2024-06-28 12:00:34',	'2024-06-28 12:00:34'),
(173,	'health-tracker',	'17195761081712034940-test.jpg',	'health-tracker',	'/home/558415.cloudwaysapps.com/vfcukddksd/public_html/public/uploads/health-tracker/17195761081712034940-test.jpg',	'image',	0,	'pending',	71,	71,	'2024-06-28 12:01:48',	'2024-06-28 12:01:48'),
(174,	'health-tracker',	'17195761181712034940-test.jpg',	'health-tracker',	'/home/558415.cloudwaysapps.com/vfcukddksd/public_html/public/uploads/health-tracker/17195761181712034940-test.jpg',	'image',	0,	'pending',	71,	71,	'2024-06-28 12:01:59',	'2024-06-28 12:01:59'),
(175,	'health-tracker',	'17195761371712034940-test.jpg',	'health-tracker',	'/home/558415.cloudwaysapps.com/vfcukddksd/public_html/public/uploads/health-tracker/17195761371712034940-test.jpg',	'image',	0,	'pending',	71,	71,	'2024-06-28 12:02:17',	'2024-06-28 12:02:17'),
(176,	'health-tracker',	'17195761531712034940-test.jpg',	'health-tracker',	'/home/558415.cloudwaysapps.com/vfcukddksd/public_html/public/uploads/health-tracker/17195761531712034940-test.jpg',	'image',	0,	'pending',	71,	71,	'2024-06-28 12:02:33',	'2024-06-28 12:02:33'),
(177,	'health-tracker',	'17195761631712034940-test.jpg',	'health-tracker',	'/home/558415.cloudwaysapps.com/vfcukddksd/public_html/public/uploads/health-tracker/17195761631712034940-test.jpg',	'image',	0,	'pending',	71,	71,	'2024-06-28 12:02:43',	'2024-06-28 12:02:43'),
(178,	'health-tracker',	'17195778761712034940-test.jpg',	'health-tracker',	'/home/558415.cloudwaysapps.com/vfcukddksd/public_html/public/uploads/health-tracker/17195778761712034940-test.jpg',	'image',	0,	'pending',	71,	71,	'2024-06-28 12:31:16',	'2024-06-28 12:31:16'),
(179,	'health-tracker',	'17195779011712034940-test.jpg',	'health-tracker',	'/home/558415.cloudwaysapps.com/vfcukddksd/public_html/public/uploads/health-tracker/17195779011712034940-test.jpg',	'image',	0,	'pending',	71,	71,	'2024-06-28 12:31:41',	'2024-06-28 12:31:41'),
(180,	'health-tracker',	'17195779091712034940-test.jpg',	'health-tracker',	'/home/558415.cloudwaysapps.com/vfcukddksd/public_html/public/uploads/health-tracker/17195779091712034940-test.jpg',	'image',	0,	'pending',	71,	71,	'2024-06-28 12:31:49',	'2024-06-28 12:31:49'),
(181,	'exercise',	'17198210381712034940-test.jpg',	'exercise',	'/home/558415.cloudwaysapps.com/vfcukddksd/public_html/public/uploads/exercise/17198210381712034940-test.jpg',	'image',	0,	'pending',	71,	71,	'2024-07-01 08:03:58',	'2024-07-01 08:03:58'),
(182,	'health-tracker',	'1719833625budelia Willowpix GettyImages.jpg',	'health-tracker',	'/home/558415.cloudwaysapps.com/vfcukddksd/public_html/public/uploads/health-tracker/1719833625budelia Willowpix GettyImages.jpg',	'image',	0,	'pending',	71,	71,	'2024-07-01 11:33:45',	'2024-07-01 11:33:45'),
(183,	'health-tracker',	'1719841259-IMG_20240624_171944.jpg',	'health-tracker',	'/home/558415.cloudwaysapps.com/vfcukddksd/public_html/public/uploads/health-tracker/1719841259-IMG_20240624_171944.jpg',	'image',	0,	'used',	71,	71,	'2024-07-01 13:40:59',	'2024-07-01 13:40:59'),
(184,	'health-tracker',	'1719841312-IMG_20240701_190825.jpg',	'health-tracker',	'/home/558415.cloudwaysapps.com/vfcukddksd/public_html/public/uploads/health-tracker/1719841312-IMG_20240701_190825.jpg',	'image',	0,	'used',	71,	71,	'2024-07-01 13:41:52',	'2024-07-01 13:41:52'),
(185,	'health-tracker',	'1719900312-IMG_20240701_190825.jpg',	'health-tracker',	'/home/558415.cloudwaysapps.com/vfcukddksd/public_html/public/uploads/health-tracker/1719900312-IMG_20240701_190825.jpg',	'image',	0,	'used',	71,	71,	'2024-07-02 06:05:12',	'2024-07-02 06:05:12'),
(186,	'health-tracker',	'1719900322-IMG_20240701_190825.jpg',	'health-tracker',	'/home/558415.cloudwaysapps.com/vfcukddksd/public_html/public/uploads/health-tracker/1719900322-IMG_20240701_190825.jpg',	'image',	0,	'used',	71,	71,	'2024-07-02 06:05:22',	'2024-07-02 06:05:22'),
(187,	'health-tracker',	'1719920532-pngtree-rohu-carp-fish-png-png-image_6940208-1.png',	'health-tracker',	'/home/558415.cloudwaysapps.com/vfcukddksd/public_html/public/uploads/health-tracker/1719920532-pngtree-rohu-carp-fish-png-png-image_6940208-1.png',	'image',	0,	'used',	71,	71,	'2024-07-02 11:42:12',	'2024-07-02 11:42:12'),
(188,	'exercise',	'17199831141712034940-test.jpg',	'exercise',	'/home/558415.cloudwaysapps.com/vfcukddksd/public_html/public/uploads/exercise/17199831141712034940-test.jpg',	'image',	0,	'pending',	71,	71,	'2024-07-03 05:05:14',	'2024-07-03 05:05:14'),
(189,	'workout',	'17199832121712034940-test.jpg',	'workout',	'/home/558415.cloudwaysapps.com/vfcukddksd/public_html/public/uploads/workout/17199832121712034940-test.jpg',	'image',	0,	'pending',	71,	71,	'2024-07-03 05:06:52',	'2024-07-03 05:06:52'),
(190,	'profile-pictures',	'1719985877-veiltail-fish-goldfish-swim-1.jpg',	'profile',	'/home/558415.cloudwaysapps.com/vfcukddksd/public_html/public/uploads/profile-pictures/1719985877-veiltail-fish-goldfish-swim-1.jpg',	'image',	0,	'used',	71,	71,	'2024-07-03 05:51:17',	'2024-07-03 05:51:17'),
(191,	'health-tracker',	'17200024141712034940-test.jpg',	'health-tracker',	'/home/558415.cloudwaysapps.com/vfcukddksd/public_html/public/uploads/health-tracker/17200024141712034940-test.jpg',	'image',	0,	'pending',	71,	71,	'2024-07-03 10:26:54',	'2024-07-03 10:26:54'),
(192,	'health-tracker',	'1720042737dashboard-mockup-4-26-24.jpg',	'health-tracker',	'/home/558415.cloudwaysapps.com/vfcukddksd/public_html/public/uploads/health-tracker/1720042737dashboard-mockup-4-26-24.jpg',	'image',	0,	'pending',	100,	100,	'2024-07-03 21:38:58',	'2024-07-03 21:38:58'),
(193,	'health-tracker',	'1720155371-pngtree-rohu-carp-fish-png-png-image_6940208-1.png',	'health-tracker',	'/home/558415.cloudwaysapps.com/vfcukddksd/public_html/public/uploads/health-tracker/1720155371-pngtree-rohu-carp-fish-png-png-image_6940208-1.png',	'image',	0,	'used',	71,	71,	'2024-07-05 04:56:12',	'2024-07-05 04:56:12'),
(194,	'exercise',	'1720509962Saanya Sharma and Rahul Vohra, Gallops, Mumbai.jpeg',	'exercise',	'/home/558415.cloudwaysapps.com/vfcukddksd/public_html/public/uploads/exercise/1720509962Saanya Sharma and Rahul Vohra, Gallops, Mumbai.jpeg',	'image',	0,	'pending',	1,	1,	'2024-07-09 07:26:02',	'2024-07-09 07:26:02'),
(195,	'health-tracker',	'1720583647-pexels-photo-813011.jpeg',	'health-tracker',	'/home/558415.cloudwaysapps.com/vfcukddksd/public_html/public/uploads/health-tracker/1720583647-pexels-photo-813011.jpeg',	'image',	0,	'used',	71,	71,	'2024-07-10 03:54:07',	'2024-07-10 03:54:07'),
(196,	'health-tracker',	'1720583659-download(1).png',	'health-tracker',	'/home/558415.cloudwaysapps.com/vfcukddksd/public_html/public/uploads/health-tracker/1720583659-download(1).png',	'image',	0,	'used',	71,	71,	'2024-07-10 03:54:19',	'2024-07-10 03:54:19'),
(197,	'health-tracker',	'1720589061-1712034940-test.jpg',	'health-tracker',	'/home/558415.cloudwaysapps.com/vfcukddksd/public_html/public/uploads/health-tracker/1720589061-1712034940-test.jpg',	'image',	0,	'used',	71,	71,	'2024-07-10 05:24:21',	'2024-07-10 05:24:21'),
(198,	'health-tracker',	'1720589086-1712034940-test.jpg',	'health-tracker',	'/home/558415.cloudwaysapps.com/vfcukddksd/public_html/public/uploads/health-tracker/1720589086-1712034940-test.jpg',	'image',	0,	'used',	71,	71,	'2024-07-10 05:24:46',	'2024-07-10 05:24:46'),
(199,	'health-tracker',	'1720589115-1712034940-test.jpg',	'health-tracker',	'/home/558415.cloudwaysapps.com/vfcukddksd/public_html/public/uploads/health-tracker/1720589115-1712034940-test.jpg',	'image',	0,	'used',	71,	71,	'2024-07-10 05:25:15',	'2024-07-10 05:25:15'),
(200,	'health-tracker',	'1720589139-1712034940-test.jpg',	'health-tracker',	'/home/558415.cloudwaysapps.com/vfcukddksd/public_html/public/uploads/health-tracker/1720589139-1712034940-test.jpg',	'image',	0,	'used',	71,	71,	'2024-07-10 05:25:39',	'2024-07-10 05:25:39'),
(201,	'health-tracker',	'1720589223-1712034940-test.jpg',	'health-tracker',	'/home/558415.cloudwaysapps.com/vfcukddksd/public_html/public/uploads/health-tracker/1720589223-1712034940-test.jpg',	'image',	0,	'used',	71,	71,	'2024-07-10 05:27:03',	'2024-07-10 05:27:03'),
(202,	'health-tracker',	'1720589282-1712034940-test.jpg',	'health-tracker',	'/home/558415.cloudwaysapps.com/vfcukddksd/public_html/public/uploads/health-tracker/1720589282-1712034940-test.jpg',	'image',	0,	'used',	71,	71,	'2024-07-10 05:28:02',	'2024-07-10 05:28:02'),
(203,	'health-tracker',	'1720589346-1712034940-test.jpg',	'health-tracker',	'/home/558415.cloudwaysapps.com/vfcukddksd/public_html/public/uploads/health-tracker/1720589346-1712034940-test.jpg',	'image',	0,	'used',	71,	71,	'2024-07-10 05:29:06',	'2024-07-10 05:29:06'),
(204,	'health-tracker',	'1720589366-1712034940-test.jpg',	'health-tracker',	'/home/558415.cloudwaysapps.com/vfcukddksd/public_html/public/uploads/health-tracker/1720589366-1712034940-test.jpg',	'image',	0,	'used',	71,	71,	'2024-07-10 05:29:26',	'2024-07-10 05:29:26'),
(205,	'health-tracker',	'1720589433-1712034940-test.jpg',	'health-tracker',	'/home/558415.cloudwaysapps.com/vfcukddksd/public_html/public/uploads/health-tracker/1720589433-1712034940-test.jpg',	'image',	0,	'used',	71,	71,	'2024-07-10 05:30:33',	'2024-07-10 05:30:33'),
(206,	'health-tracker',	'1720589603-1712034940-test.jpg',	'health-tracker',	'/home/558415.cloudwaysapps.com/vfcukddksd/public_html/public/uploads/health-tracker/1720589603-1712034940-test.jpg',	'image',	0,	'used',	71,	71,	'2024-07-10 05:33:23',	'2024-07-10 05:33:23'),
(207,	'health-tracker',	'1720589627-1712034940-test.jpg',	'health-tracker',	'/home/558415.cloudwaysapps.com/vfcukddksd/public_html/public/uploads/health-tracker/1720589627-1712034940-test.jpg',	'image',	0,	'used',	71,	71,	'2024-07-10 05:33:47',	'2024-07-10 05:33:47'),
(208,	'health-tracker',	'1720589727-1712034940-test.jpg',	'health-tracker',	'/home/558415.cloudwaysapps.com/vfcukddksd/public_html/public/uploads/health-tracker/1720589727-1712034940-test.jpg',	'image',	0,	'used',	71,	71,	'2024-07-10 05:35:27',	'2024-07-10 05:35:27'),
(209,	'health-tracker',	'1720589752-1712034940-test.jpg',	'health-tracker',	'/home/558415.cloudwaysapps.com/vfcukddksd/public_html/public/uploads/health-tracker/1720589752-1712034940-test.jpg',	'image',	0,	'used',	71,	71,	'2024-07-10 05:35:52',	'2024-07-10 05:35:52'),
(210,	'health-tracker',	'1720589804-1712034940-test.jpg',	'health-tracker',	'/home/558415.cloudwaysapps.com/vfcukddksd/public_html/public/uploads/health-tracker/1720589804-1712034940-test.jpg',	'image',	0,	'used',	71,	71,	'2024-07-10 05:36:44',	'2024-07-10 05:36:44'),
(211,	'health-tracker',	'1720589832-1712034940-test.jpg',	'health-tracker',	'/home/558415.cloudwaysapps.com/vfcukddksd/public_html/public/uploads/health-tracker/1720589832-1712034940-test.jpg',	'image',	0,	'used',	71,	71,	'2024-07-10 05:37:12',	'2024-07-10 05:37:12'),
(212,	'health-tracker',	'1720589844-1712034940-test.jpg',	'health-tracker',	'/home/558415.cloudwaysapps.com/vfcukddksd/public_html/public/uploads/health-tracker/1720589844-1712034940-test.jpg',	'image',	0,	'used',	71,	71,	'2024-07-10 05:37:24',	'2024-07-10 05:37:24'),
(213,	'health-tracker',	'1720589877-download(8).jpg',	'health-tracker',	'/home/558415.cloudwaysapps.com/vfcukddksd/public_html/public/uploads/health-tracker/1720589877-download(8).jpg',	'image',	0,	'used',	71,	71,	'2024-07-10 05:37:57',	'2024-07-10 05:37:57'),
(214,	'health-tracker',	'1720589936-1712034940-test.jpg',	'health-tracker',	'/home/558415.cloudwaysapps.com/vfcukddksd/public_html/public/uploads/health-tracker/1720589936-1712034940-test.jpg',	'image',	0,	'used',	71,	71,	'2024-07-10 05:38:56',	'2024-07-10 05:38:56'),
(215,	'health-tracker',	'1720614959-download(11).jpg',	'health-tracker',	'/home/558415.cloudwaysapps.com/vfcukddksd/public_html/public/uploads/health-tracker/1720614959-download(11).jpg',	'image',	0,	'used',	106,	106,	'2024-07-10 12:35:59',	'2024-07-10 12:35:59'),
(216,	'health-tracker',	'1720614972-1712034940-test.jpg',	'health-tracker',	'/home/558415.cloudwaysapps.com/vfcukddksd/public_html/public/uploads/health-tracker/1720614972-1712034940-test.jpg',	'image',	0,	'used',	106,	106,	'2024-07-10 12:36:12',	'2024-07-10 12:36:12'),
(217,	'health-tracker',	'1720615006-download(7).jpg',	'health-tracker',	'/home/558415.cloudwaysapps.com/vfcukddksd/public_html/public/uploads/health-tracker/1720615006-download(7).jpg',	'image',	0,	'used',	106,	106,	'2024-07-10 12:36:46',	'2024-07-10 12:36:46'),
(218,	'health-tracker',	'1720615041-veiltail-fish-goldfish-swim.jpg',	'health-tracker',	'/home/558415.cloudwaysapps.com/vfcukddksd/public_html/public/uploads/health-tracker/1720615041-veiltail-fish-goldfish-swim.jpg',	'image',	0,	'used',	106,	106,	'2024-07-10 12:37:21',	'2024-07-10 12:37:21'),
(219,	'health-tracker',	'1720615071-download(5).jpeg',	'health-tracker',	'/home/558415.cloudwaysapps.com/vfcukddksd/public_html/public/uploads/health-tracker/1720615071-download(5).jpeg',	'image',	0,	'used',	106,	106,	'2024-07-10 12:37:51',	'2024-07-10 12:37:51'),
(220,	'health-tracker',	'1720621737-FullSizeRender.jpeg',	'health-tracker',	'/home/558415.cloudwaysapps.com/vfcukddksd/public_html/public/uploads/health-tracker/1720621737-FullSizeRender.jpeg',	'image',	0,	'used',	105,	105,	'2024-07-10 14:28:57',	'2024-07-10 14:28:57');

DROP TABLE IF EXISTS `messages`;
CREATE TABLE `messages` (
  `id` bigint(20) unsigned NOT NULL AUTO_INCREMENT,
  `thread_id` bigint(20) unsigned NOT NULL,
  `message` text DEFAULT NULL,
  `message_type` enum('text','file') NOT NULL DEFAULT 'text',
  `media_id` bigint(20) unsigned DEFAULT NULL,
  `is_read` tinyint(4) NOT NULL DEFAULT 0,
  `status` enum('active','inactive','deleted') NOT NULL DEFAULT 'active',
  `created_by` bigint(20) unsigned DEFAULT NULL,
  `updated_by` bigint(20) unsigned DEFAULT NULL,
  `created_at` timestamp NULL DEFAULT NULL,
  `updated_at` timestamp NULL DEFAULT NULL,
  PRIMARY KEY (`id`),
  KEY `messages_thread_id_foreign` (`thread_id`),
  CONSTRAINT `messages_thread_id_foreign` FOREIGN KEY (`thread_id`) REFERENCES `threads` (`id`)
) ENGINE=InnoDB AUTO_INCREMENT=37 DEFAULT CHARSET=utf8mb4 COLLATE=utf8mb4_unicode_ci;

INSERT INTO `messages` (`id`, `thread_id`, `message`, `message_type`, `media_id`, `is_read`, `status`, `created_by`, `updated_by`, `created_at`, `updated_at`) VALUES
(1,	1,	'<p>Hi</p>\n<p>&nbsp;</p>',	'text',	NULL,	0,	'active',	1,	1,	'2024-05-27 06:00:36',	'2024-05-27 06:00:36'),
(2,	1,	'<p>hi</p>',	'text',	NULL,	0,	'active',	1,	1,	'2024-05-27 06:08:59',	'2024-05-27 06:08:59'),
(3,	1,	'<p>Hii</p>\n<p>&nbsp;</p>',	'text',	NULL,	0,	'active',	2,	2,	'2024-05-27 06:15:53',	'2024-05-27 06:15:53'),
(4,	1,	'<p>How are you</p>',	'text',	NULL,	0,	'active',	2,	2,	'2024-05-27 06:15:59',	'2024-05-27 06:15:59'),
(5,	1,	'<p>hi&nbsp;</p>\n<p>&nbsp;</p>',	'text',	NULL,	0,	'active',	1,	1,	'2024-05-27 06:16:20',	'2024-05-27 06:16:20'),
(6,	1,	'<p>fine</p>\n<p>&nbsp;</p>\n<p>&nbsp;</p>',	'text',	NULL,	0,	'active',	1,	1,	'2024-05-27 06:16:42',	'2024-05-27 06:16:42'),
(7,	1,	'<p><span style=\"color: #212529; font-family: system-ui, -apple-system, Segoe UI, Roboto, Helvetica Neue, Arial, Noto Sans, Liberation Sans, sans-serif, Apple Color Emoji, Segoe UI Emoji, Segoe UI Symbol, Noto Color Emoji;\"><span style=\"font-size: 16px;\">Lorem Ipsum How are you</span></span></p>',	'text',	NULL,	0,	'active',	2,	2,	'2024-05-27 06:16:45',	'2024-05-27 06:16:45'),
(8,	1,	'file',	'file',	1,	0,	'active',	2,	2,	'2024-05-27 06:17:07',	'2024-05-27 06:17:07'),
(9,	1,	'<p>How are you Mr. Mitchel</p>',	'text',	NULL,	0,	'active',	2,	2,	'2024-05-27 06:17:28',	'2024-05-27 06:17:28'),
(10,	1,	'<p>Lorem Ipsum is simply dummy text of the printing and typesetting industry.</p>',	'text',	NULL,	0,	'active',	1,	1,	'2024-05-27 06:18:09',	'2024-05-27 06:18:09'),
(11,	1,	'<div class=\"direct-chat-text\" style=\"box-sizing: border-box; border-radius: 10px; background-color: #f4f5f7; border: 1px solid #f4f5f7; color: #444444; margin: 0px 0px 4px; padding: 14px 16px; position: relative; min-width: 180px; font-family: \'Source Sans Pro\', -apple-system, BlinkMacSystemFont, \'Segoe UI\', Roboto, \'Helvetica Neue\', Arial, sans-serif, \'Apple Color Emoji\', \'Segoe UI Emoji\', \'Segoe UI Symbol\'; font-size: 16px;\">\n<p style=\"box-sizing: border-box; margin: 0px;\">Lorem Ipsum is simply dummy text of the printing and typesetting industry</p>\n<p style=\"box-sizing: border-box; margin: 0px;\">&nbsp;</p>\n</div>',	'text',	NULL,	0,	'active',	1,	1,	'2024-05-27 06:21:04',	'2024-05-27 06:21:04'),
(12,	2,	'Hello Jack',	'text',	NULL,	0,	'active',	2,	2,	'2024-05-27 06:21:06',	'2024-05-27 06:21:06'),
(13,	2,	'hi',	'text',	NULL,	0,	'active',	2,	2,	'2024-05-27 06:23:38',	'2024-05-27 06:23:38'),
(14,	2,	'larem ipsum is simply dummy text of the printing and typesetting industry',	'text',	NULL,	0,	'active',	2,	2,	'2024-05-27 06:26:54',	'2024-05-27 06:26:54'),
(15,	2,	'hi',	'text',	NULL,	0,	'active',	2,	2,	'2024-05-27 07:43:25',	'2024-05-27 07:43:25'),
(16,	2,	'File Atteched',	'file',	2,	0,	'active',	2,	2,	'2024-05-27 13:52:38',	'2024-05-27 13:52:38'),
(17,	2,	'File Atteched',	'file',	3,	0,	'active',	2,	2,	'2024-05-27 13:53:09',	'2024-05-27 13:53:09'),
(18,	3,	'File Atteched',	'file',	6,	0,	'active',	71,	71,	'2024-05-28 07:01:29',	'2024-05-28 07:01:29'),
(19,	3,	'Yzydgdhddd',	'text',	NULL,	0,	'active',	71,	71,	'2024-05-28 07:02:14',	'2024-05-28 07:02:14'),
(20,	3,	'Yzydgdhdddffff',	'text',	NULL,	0,	'active',	71,	71,	'2024-05-28 07:02:14',	'2024-05-28 07:02:14'),
(21,	3,	'Yzydgdhdddffff',	'text',	NULL,	0,	'active',	71,	71,	'2024-05-28 07:02:14',	'2024-05-28 07:02:14'),
(22,	3,	'Yzydgdhdddff',	'text',	NULL,	0,	'active',	71,	71,	'2024-05-28 07:02:14',	'2024-05-28 07:02:14'),
(23,	3,	'Yzydgdhdddffffc',	'text',	NULL,	0,	'active',	71,	71,	'2024-05-28 07:02:14',	'2024-05-28 07:02:14'),
(24,	3,	'Yzydgdhdddffffcf',	'text',	NULL,	0,	'active',	71,	71,	'2024-05-28 07:02:14',	'2024-05-28 07:02:14'),
(25,	3,	'Yzydgdhdddffffcf',	'text',	NULL,	0,	'active',	71,	71,	'2024-05-28 07:02:14',	'2024-05-28 07:02:14'),
(26,	3,	'Yzydgdhdddffffcffff',	'text',	NULL,	0,	'active',	71,	71,	'2024-05-28 07:02:16',	'2024-05-28 07:02:16'),
(27,	3,	'Yzydgdhdddffffcfffffd',	'text',	NULL,	0,	'active',	71,	71,	'2024-05-28 07:02:20',	'2024-05-28 07:02:20'),
(28,	4,	'<p>test</p>',	'text',	NULL,	0,	'active',	71,	71,	'2024-05-28 09:44:19',	'2024-05-28 09:44:19'),
(29,	5,	'<p>Hii</p>',	'text',	NULL,	0,	'active',	2,	2,	'2024-05-29 07:20:41',	'2024-05-29 07:20:41'),
(30,	1,	'<p><strong>Hii</strong></p>',	'text',	NULL,	0,	'active',	2,	2,	'2024-05-29 08:40:21',	'2024-05-29 08:40:21'),
(31,	5,	'Hii tester How are you 🔥🔥',	'text',	NULL,	0,	'active',	2,	2,	'2024-05-29 14:43:27',	'2024-05-29 14:43:27'),
(32,	5,	'Hii tester How are you 🔥🔥',	'text',	NULL,	0,	'active',	2,	2,	'2024-05-29 14:43:27',	'2024-05-29 14:43:27'),
(33,	3,	'In publishing and graphic design, Lorem ipsum is a placeholder text commonly used to demonstrate the visual form of a document or a typeface without relying on meaningful content. Lorem ipsum may be used as a placeholder before the final copy is available.',	'text',	NULL,	0,	'active',	71,	71,	'2024-05-30 06:24:42',	'2024-05-30 06:24:42'),
(34,	6,	'<p>hii</p>',	'text',	NULL,	0,	'active',	76,	76,	'2024-06-04 13:14:32',	'2024-06-04 13:14:32'),
(35,	4,	'<p>Hello</p>',	'text',	NULL,	0,	'active',	71,	71,	'2024-06-05 06:39:00',	'2024-06-05 06:39:00'),
(36,	3,	'<p>hy</p>',	'text',	NULL,	0,	'active',	71,	71,	'2024-06-06 12:18:25',	'2024-06-06 12:18:25');

DROP TABLE IF EXISTS `migrations`;
CREATE TABLE `migrations` (
  `id` int(10) unsigned NOT NULL AUTO_INCREMENT,
  `migration` varchar(255) NOT NULL,
  `batch` int(11) NOT NULL,
  PRIMARY KEY (`id`)
) ENGINE=InnoDB AUTO_INCREMENT=5 DEFAULT CHARSET=utf8mb4 COLLATE=utf8mb4_unicode_ci;

INSERT INTO `migrations` (`id`, `migration`, `batch`) VALUES
(1,	'2014_10_12_000000_create_users_table',	1),
(2,	'2014_10_12_100000_create_password_resets_table',	1),
(3,	'2019_08_19_000000_create_failed_jobs_table',	1),
(4,	'2019_12_14_000001_create_personal_access_tokens_table',	1);

DROP TABLE IF EXISTS `modules`;
CREATE TABLE `modules` (
  `id` bigint(20) unsigned NOT NULL AUTO_INCREMENT,
  `name` varchar(255) DEFAULT NULL,
  `key` varchar(255) DEFAULT NULL,
  `order` int(11) NOT NULL DEFAULT 0,
  `status` enum('active','inactive','deleted') NOT NULL DEFAULT 'active',
  `created_by` bigint(20) unsigned DEFAULT NULL,
  `updated_by` bigint(20) unsigned DEFAULT NULL,
  `created_at` datetime DEFAULT NULL,
  `updated_at` datetime DEFAULT NULL,
  PRIMARY KEY (`id`)
) ENGINE=InnoDB AUTO_INCREMENT=14 DEFAULT CHARSET=utf8mb4 COLLATE=utf8mb4_general_ci;

INSERT INTO `modules` (`id`, `name`, `key`, `order`, `status`, `created_by`, `updated_by`, `created_at`, `updated_at`) VALUES
(1,	'Manage Plans',	'manage-plans',	2,	'active',	1,	1,	'2024-02-29 22:51:34',	'2024-02-29 22:51:38'),
(2,	'Manage Users',	'manage-users',	3,	'active',	1,	1,	'2024-02-29 22:51:34',	'2024-02-29 22:51:38'),
(3,	'Login As All Users',	'login-as-all-users',	0,	'active',	1,	1,	'2024-04-01 22:51:34',	'2024-04-01 22:51:38'),
(4,	'Login As Child Users',	'login-as-child-users',	0,	'active',	1,	1,	'2024-04-01 22:51:34',	'2024-04-01 22:51:38'),
(5,	'Upload Training Videos',	'upload-training-videos',	5,	'active',	1,	1,	'2024-04-01 22:51:34',	'2024-04-01 22:51:38'),
(6,	'Upload Recipes',	'upload-recipes',	6,	'active',	1,	1,	'2024-04-01 22:51:34',	'2024-04-01 22:51:38'),
(7,	'Manage Roles',	'manage-roles',	1,	'active',	1,	1,	'2024-04-01 22:51:34',	'2024-04-01 22:51:38'),
(8,	'Manage Site Settings',	'manage-site-settings',	4,	'active',	1,	1,	'2024-04-01 22:51:34',	'2024-04-01 22:51:38'),
(9,	'Manage Broadcasts',	'manage-broadcasts',	0,	'active',	1,	1,	'2024-04-01 22:51:34',	'2024-04-01 22:51:38'),
(10,	'Manage Support Messages',	'manage-support-messages',	8,	'active',	1,	1,	'2024-04-01 22:51:34',	'2024-04-01 22:51:38'),
(11,	'Manage Quotes',	'manage-quotes',	7,	'active',	1,	1,	'2024-04-02 15:27:22',	'2024-04-02 15:27:22'),
(12,	'Manage Default Profile Pictures',	'manage-default-profile-pictures',	9,	'active',	1,	1,	'2024-04-02 15:36:51',	'2024-04-02 15:36:51'),
(13,	'Workout Builder',	'workout-builder',	3,	'active',	1,	1,	'2024-06-11 00:00:00',	'2024-06-11 00:00:00');

DROP TABLE IF EXISTS `password_resets`;
CREATE TABLE `password_resets` (
  `email` varchar(255) NOT NULL,
  `token` varchar(255) NOT NULL,
  `created_at` timestamp NULL DEFAULT NULL,
  PRIMARY KEY (`email`)
) ENGINE=InnoDB DEFAULT CHARSET=utf8mb4 COLLATE=utf8mb4_unicode_ci;


DROP TABLE IF EXISTS `personal_access_tokens`;
CREATE TABLE `personal_access_tokens` (
  `id` bigint(20) unsigned NOT NULL AUTO_INCREMENT,
  `tokenable_type` varchar(255) NOT NULL,
  `tokenable_id` bigint(20) unsigned NOT NULL,
  `name` varchar(255) NOT NULL,
  `token` varchar(64) NOT NULL,
  `abilities` text DEFAULT NULL,
  `last_used_at` timestamp NULL DEFAULT NULL,
  `expires_at` timestamp NULL DEFAULT NULL,
  `created_at` timestamp NULL DEFAULT NULL,
  `updated_at` timestamp NULL DEFAULT NULL,
  PRIMARY KEY (`id`),
  UNIQUE KEY `personal_access_tokens_token_unique` (`token`),
  KEY `personal_access_tokens_tokenable_type_tokenable_id_index` (`tokenable_type`,`tokenable_id`)
) ENGINE=InnoDB DEFAULT CHARSET=utf8mb4 COLLATE=utf8mb4_unicode_ci;


DROP TABLE IF EXISTS `plans`;
CREATE TABLE `plans` (
  `id` bigint(20) unsigned NOT NULL AUTO_INCREMENT,
  `key` varchar(255) DEFAULT NULL,
  `name` varchar(255) DEFAULT NULL,
  `cost_per_month` decimal(10,2) NOT NULL DEFAULT 0.00,
  `cost_per_year` decimal(10,2) NOT NULL DEFAULT 0.00,
  `description` text DEFAULT NULL,
  `visibility` enum('active','disabled') NOT NULL,
  `is_free_plan` tinyint(4) NOT NULL DEFAULT 0,
  `free_trial_days` int(11) NOT NULL DEFAULT 0,
  `stripe_product_id` varchar(255) DEFAULT NULL,
  `stripe_monthly_price_id` varchar(255) DEFAULT NULL,
  `stripe_yearly_price_id` varchar(255) DEFAULT NULL,
  `status` enum('active','inactive','deleted') NOT NULL DEFAULT 'active',
  `created_by` bigint(20) unsigned DEFAULT NULL,
  `updated_by` bigint(20) unsigned DEFAULT NULL,
  `created_at` datetime DEFAULT NULL,
  `updated_at` datetime DEFAULT NULL,
  PRIMARY KEY (`id`)
) ENGINE=InnoDB AUTO_INCREMENT=4 DEFAULT CHARSET=utf8mb4 COLLATE=utf8mb4_general_ci;

INSERT INTO `plans` (`id`, `key`, `name`, `cost_per_month`, `cost_per_year`, `description`, `visibility`, `is_free_plan`, `free_trial_days`, `stripe_product_id`, `stripe_monthly_price_id`, `stripe_yearly_price_id`, `status`, `created_by`, `updated_by`, `created_at`, `updated_at`) VALUES
(1,	'1',	'Test - plan',	500.00,	5000.00,	'Just for testing use...',	'active',	0,	60,	'prod_QBIMyjZDDDGYma',	'price_1PKvlyHvhoh1Of67wJdpXdVT',	'price_1PKvlyHvhoh1Of67GGmmTlya',	'deleted',	1,	1,	'2024-05-27 05:07:01',	'2024-06-06 10:19:54'),
(2,	'2',	'Test - free - plan',	500.00,	500.00,	'test - free -plan description',	'active',	1,	60,	'prod_QBIP9EuPMjJsLj',	'price_1PKvoxHvhoh1Of67eoMgnd1Y',	'price_1PKvoyHvhoh1Of67457CsZxQ',	'deleted',	1,	1,	'2024-05-27 05:10:07',	'2024-06-06 10:19:58'),
(3,	'combo-plan',	'Combo Plan',	500.00,	6000.00,	'Testing Plan',	'active',	0,	30,	'prod_QF7ddE5InV1dvy',	'price_1POdOILaz1e579ovYvEL2NJa',	'price_1POdOILaz1e579ov2MT9kb67',	'active',	1,	1,	'2024-06-06 10:17:54',	'2024-06-06 10:17:54');

DROP TABLE IF EXISTS `promo_codes`;
CREATE TABLE `promo_codes` (
  `id` bigint(20) unsigned NOT NULL AUTO_INCREMENT,
  `code` varchar(255) DEFAULT NULL,
  `expiration_date` date DEFAULT NULL,
  `no_of_users_allowed` int(11) NOT NULL DEFAULT 0,
  `status` enum('active','inactive','deleted') NOT NULL DEFAULT 'active',
  `created_by` bigint(20) unsigned NOT NULL,
  `updated_by` bigint(20) unsigned NOT NULL,
  `created_at` datetime NOT NULL,
  `updated_at` datetime NOT NULL,
  PRIMARY KEY (`id`)
) ENGINE=InnoDB AUTO_INCREMENT=2 DEFAULT CHARSET=utf8mb4 COLLATE=utf8mb4_general_ci;

INSERT INTO `promo_codes` (`id`, `code`, `expiration_date`, `no_of_users_allowed`, `status`, `created_by`, `updated_by`, `created_at`, `updated_at`) VALUES
(1,	'test1',	'2024-07-09',	4,	'active',	1,	1,	'2024-07-09 03:22:36',	'2024-07-09 03:32:51');

DROP TABLE IF EXISTS `quotes`;
CREATE TABLE `quotes` (
  `id` bigint(20) unsigned NOT NULL AUTO_INCREMENT,
  `description` text DEFAULT NULL,
  `author` varchar(255) DEFAULT NULL,
  `quote_type` enum('quote','message') DEFAULT NULL,
  `is_quote` tinyint(4) NOT NULL DEFAULT 1,
  `status` enum('active','inactive','deleted') NOT NULL DEFAULT 'active',
  `created_by` bigint(20) NOT NULL,
  `updated_by` bigint(20) NOT NULL,
  `created_at` datetime NOT NULL,
  `updated_at` datetime NOT NULL,
  PRIMARY KEY (`id`)
) ENGINE=InnoDB AUTO_INCREMENT=4 DEFAULT CHARSET=utf8mb4 COLLATE=utf8mb4_general_ci;

INSERT INTO `quotes` (`id`, `description`, `author`, `quote_type`, `is_quote`, `status`, `created_by`, `updated_by`, `created_at`, `updated_at`) VALUES
(1,	'Test -  Description',	'Test',	'quote',	1,	'active',	71,	71,	'2024-06-05 06:13:14',	'2024-06-05 06:13:14'),
(2,	'Create Quote 11',	'Testing Quote',	'quote',	1,	'active',	1,	1,	'2024-07-04 07:07:07',	'2024-07-04 07:07:07'),
(3,	'Description Test message type',	'Test message type',	'message',	1,	'active',	1,	1,	'2024-07-04 07:07:56',	'2024-07-04 07:07:56');

DROP TABLE IF EXISTS `quote_views`;
CREATE TABLE `quote_views` (
  `id` bigint(20) unsigned NOT NULL AUTO_INCREMENT,
  `viewed_quote_ids` varchar(255) DEFAULT NULL,
  `user_id` bigint(20) unsigned NOT NULL,
  `created_at` datetime NOT NULL,
  `updated_at` datetime NOT NULL,
  PRIMARY KEY (`id`)
) ENGINE=InnoDB AUTO_INCREMENT=14 DEFAULT CHARSET=utf8mb4 COLLATE=utf8mb4_general_ci;

INSERT INTO `quote_views` (`id`, `viewed_quote_ids`, `user_id`, `created_at`, `updated_at`) VALUES
(1,	'1,2,3',	71,	'2024-06-05 08:19:52',	'2024-07-10 13:34:30'),
(2,	'1',	86,	'2024-06-05 10:16:44',	'2024-06-05 10:16:44'),
(3,	'1',	2,	'2024-06-06 06:32:51',	'2024-06-06 06:32:51'),
(4,	'1,2,3',	1,	'2024-06-06 06:58:49',	'2024-07-10 03:45:58'),
(5,	'1',	89,	'2024-06-10 07:25:36',	'2024-06-10 07:25:36'),
(6,	'1,2,3',	73,	'2024-06-10 12:16:30',	'2024-07-09 11:43:12'),
(7,	'1,2,3',	100,	'2024-06-11 05:16:38',	'2024-07-09 10:04:20'),
(8,	'1',	72,	'2024-06-13 09:53:47',	'2024-07-04 09:49:41'),
(9,	'1',	104,	'2024-06-19 13:36:18',	'2024-06-19 13:36:18'),
(10,	'1',	105,	'2024-06-26 12:51:05',	'2024-07-10 07:02:38'),
(11,	'1,2',	106,	'2024-07-04 09:48:47',	'2024-07-10 07:59:06'),
(12,	'1',	74,	'2024-07-09 11:46:06',	'2024-07-09 11:46:06'),
(13,	'1',	88,	'2024-07-09 11:47:17',	'2024-07-09 11:47:17');

DROP TABLE IF EXISTS `recipes`;
CREATE TABLE `recipes` (
  `id` int(255) NOT NULL AUTO_INCREMENT,
  `title` varchar(255) DEFAULT NULL,
  `subhead` varchar(255) DEFAULT NULL,
  `body` text DEFAULT NULL,
  `nutrition_facts` text DEFAULT NULL,
  `prep_time` varchar(255) DEFAULT NULL,
  `cook_time` varchar(255) DEFAULT NULL,
  `servings` varchar(255) DEFAULT NULL,
  `ingredients` text DEFAULT NULL,
  `directions` text DEFAULT NULL,
  `calories` text DEFAULT NULL,
  `fat` varchar(255) DEFAULT NULL,
  `carbs` varchar(255) DEFAULT NULL,
  `protein` varchar(255) DEFAULT NULL,
  `is_featured` tinyint(4) NOT NULL DEFAULT 0,
  `date` date DEFAULT NULL,
  `status` enum('active','inactive','deleted') NOT NULL DEFAULT 'active',
  `created_at` datetime NOT NULL DEFAULT current_timestamp() ON UPDATE current_timestamp(),
  `updated_at` datetime NOT NULL,
  `created_by` bigint(20) unsigned DEFAULT NULL,
  `updated_by` bigint(20) unsigned DEFAULT NULL,
  PRIMARY KEY (`id`)
) ENGINE=InnoDB AUTO_INCREMENT=3 DEFAULT CHARSET=utf8mb4 COLLATE=utf8mb4_general_ci;

INSERT INTO `recipes` (`id`, `title`, `subhead`, `body`, `nutrition_facts`, `prep_time`, `cook_time`, `servings`, `ingredients`, `directions`, `calories`, `fat`, `carbs`, `protein`, `is_featured`, `date`, `status`, `created_at`, `updated_at`, `created_by`, `updated_by`) VALUES
(1,	'Test Recipe',	'🍲 Spicy Paneer Tikka🌶️',	'<p>test - body</p>',	'<p>test - nutrition</p>',	'3',	'4',	'7',	'<p>test - intgredients</p>',	'<p>test - directions</p>',	'7',	'5',	'7',	'6',	1,	'2024-05-30',	'active',	'2024-06-05 10:00:16',	'2024-06-05 10:00:16',	71,	71),
(2,	'Paneer',	'Delicious Paneer',	'<p>Testing Body&nbsp; &nbsp; &nbsp;</p>',	'<p><span style=\"color: #212529; font-family: \'Source Sans Pro\', -apple-system, BlinkMacSystemFont, \'Segoe UI\', Roboto, \'Helvetica Neue\', Arial, sans-serif, \'Apple Color Emoji\', \'Segoe UI Emoji\', \'Segoe UI Symbol\'; font-weight: bold;\">Nutrition Facts&nbsp; &nbsp; &nbsp; &nbsp; &nbsp;</span></p>',	'2',	'4',	'5',	'<p><span style=\"color: #212529; font-family: \'Source Sans Pro\', -apple-system, BlinkMacSystemFont, \'Segoe UI\', Roboto, \'Helvetica Neue\', Arial, sans-serif, \'Apple Color Emoji\', \'Segoe UI Emoji\', \'Segoe UI Symbol\'; font-weight: bold;\">Ingredients&nbsp; &nbsp; &nbsp; &nbsp; &nbsp; &nbsp; &nbsp; &nbsp;</span></p>',	'<p><span style=\"color: #212529; font-family: \'Source Sans Pro\', -apple-system, BlinkMacSystemFont, \'Segoe UI\', Roboto, \'Helvetica Neue\', Arial, sans-serif, \'Apple Color Emoji\', \'Segoe UI Emoji\', \'Segoe UI Symbol\'; font-weight: bold;\">Directions&nbsp; &nbsp; &nbsp; &nbsp; &nbsp; &nbsp; &nbsp;</span></p>',	'4',	'5',	'4',	'4',	1,	'2024-06-06',	'active',	'2024-07-03 09:52:15',	'2024-07-03 09:52:15',	71,	1);

DROP TABLE IF EXISTS `recipe_categories`;
CREATE TABLE `recipe_categories` (
  `id` bigint(20) unsigned NOT NULL AUTO_INCREMENT,
  `category_id` bigint(20) unsigned DEFAULT NULL,
  `recipe_id` bigint(20) unsigned DEFAULT NULL,
  `status` enum('active','inactive','deleted') NOT NULL DEFAULT 'active',
  `created_by` bigint(20) unsigned DEFAULT NULL,
  `updated_by` bigint(20) unsigned DEFAULT NULL,
  `created_at` datetime DEFAULT NULL,
  `updated_at` datetime DEFAULT NULL,
  PRIMARY KEY (`id`)
) ENGINE=InnoDB AUTO_INCREMENT=9 DEFAULT CHARSET=utf8mb4 COLLATE=utf8mb4_general_ci;

INSERT INTO `recipe_categories` (`id`, `category_id`, `recipe_id`, `status`, `created_by`, `updated_by`, `created_at`, `updated_at`) VALUES
(4,	1,	1,	'active',	71,	71,	NULL,	'2024-06-05 10:00:16'),
(5,	2,	1,	'active',	71,	71,	NULL,	'2024-06-05 10:00:16'),
(8,	2,	2,	'active',	1,	1,	NULL,	'2024-07-03 09:52:15');

DROP TABLE IF EXISTS `recipe_favourites`;
CREATE TABLE `recipe_favourites` (
  `id` bigint(20) unsigned NOT NULL AUTO_INCREMENT,
  `is_favourite` tinyint(4) NOT NULL DEFAULT 0,
  `recipe_id` bigint(20) unsigned DEFAULT NULL,
  `user_id` bigint(20) unsigned DEFAULT NULL,
  `created_at` datetime DEFAULT NULL,
  `updated_at` datetime DEFAULT NULL,
  PRIMARY KEY (`id`)
) ENGINE=InnoDB AUTO_INCREMENT=9 DEFAULT CHARSET=utf8mb4 COLLATE=utf8mb4_general_ci;

INSERT INTO `recipe_favourites` (`id`, `is_favourite`, `recipe_id`, `user_id`, `created_at`, `updated_at`) VALUES
(6,	1,	2,	100,	'2024-07-02 13:46:33',	'2024-07-02 13:46:33'),
(7,	1,	1,	100,	'2024-07-02 13:46:44',	'2024-07-02 13:46:44'),
(8,	1,	2,	71,	'2024-07-04 05:58:02',	'2024-07-04 05:58:02');

DROP TABLE IF EXISTS `recipe_images`;
CREATE TABLE `recipe_images` (
  `id` bigint(20) unsigned NOT NULL AUTO_INCREMENT,
  `media_id` bigint(20) unsigned DEFAULT NULL,
  `recipe_id` bigint(20) unsigned DEFAULT NULL,
  `status` enum('active','inactive','deleted') NOT NULL DEFAULT 'active',
  `created_by` bigint(20) DEFAULT NULL,
  `updated_by` bigint(20) DEFAULT NULL,
  `created_at` datetime DEFAULT NULL,
  `updated_at` datetime DEFAULT NULL,
  PRIMARY KEY (`id`)
) ENGINE=InnoDB AUTO_INCREMENT=7 DEFAULT CHARSET=utf8mb4 COLLATE=utf8mb4_general_ci;

INSERT INTO `recipe_images` (`id`, `media_id`, `recipe_id`, `status`, `created_by`, `updated_by`, `created_at`, `updated_at`) VALUES
(3,	18,	1,	'active',	NULL,	NULL,	NULL,	'2024-06-05 10:00:16'),
(6,	27,	2,	'active',	NULL,	NULL,	NULL,	'2024-07-03 09:52:15');

DROP TABLE IF EXISTS `recipe_ratings`;
CREATE TABLE `recipe_ratings` (
  `id` bigint(20) unsigned NOT NULL AUTO_INCREMENT,
  `rating` varchar(50) NOT NULL DEFAULT '0',
  `review` text DEFAULT NULL,
  `recipe_id` bigint(20) unsigned DEFAULT NULL,
  `user_id` bigint(20) unsigned DEFAULT NULL,
  `created_at` datetime DEFAULT NULL,
  `updated_at` datetime DEFAULT NULL,
  PRIMARY KEY (`id`)
) ENGINE=InnoDB AUTO_INCREMENT=47 DEFAULT CHARSET=utf8mb4 COLLATE=utf8mb4_general_ci;

INSERT INTO `recipe_ratings` (`id`, `rating`, `review`, `recipe_id`, `user_id`, `created_at`, `updated_at`) VALUES
(1,	'0',	'test',	1,	71,	'2024-05-28 05:02:54',	'2024-05-28 05:02:54'),
(2,	'0',	NULL,	1,	71,	'2024-05-28 05:02:55',	'2024-05-28 05:02:55'),
(3,	'0',	NULL,	1,	71,	'2024-05-28 05:02:55',	'2024-05-28 05:02:55'),
(4,	'4',	NULL,	1,	71,	'2024-05-28 05:02:55',	'2024-06-10 07:20:21'),
(5,	'5',	'test',	1,	71,	'2024-05-28 05:03:22',	'2024-05-28 05:03:22'),
(6,	'3',	'test',	1,	71,	'2024-05-28 05:03:46',	'2024-05-28 05:03:46'),
(7,	'0',	NULL,	1,	71,	'2024-05-28 05:03:47',	'2024-05-28 05:03:47'),
(8,	'0',	NULL,	1,	71,	'2024-05-28 05:03:47',	'2024-05-28 05:03:47'),
(9,	'4',	'test',	1,	71,	'2024-05-28 11:51:30',	'2024-05-28 11:51:30'),
(10,	'0',	's',	1,	71,	'2024-05-29 10:56:13',	'2024-05-29 10:56:13'),
(11,	'0',	NULL,	1,	71,	'2024-05-29 11:00:19',	'2024-05-29 11:00:19'),
(12,	'0',	NULL,	1,	71,	'2024-05-29 11:01:25',	'2024-05-29 11:01:25'),
(13,	'0',	NULL,	1,	71,	'2024-05-29 11:02:08',	'2024-05-29 11:02:08'),
(14,	'0',	'ss',	1,	71,	'2024-05-29 11:02:31',	'2024-05-29 11:02:31'),
(15,	'0',	NULL,	1,	71,	'2024-05-29 11:10:34',	'2024-05-29 11:10:34'),
(16,	'0',	NULL,	1,	71,	'2024-05-29 11:12:26',	'2024-05-29 11:12:26'),
(17,	'0',	NULL,	1,	71,	'2024-05-29 11:12:44',	'2024-05-29 11:12:44'),
(18,	'0',	'gg',	1,	71,	'2024-05-29 11:15:53',	'2024-05-29 11:15:53'),
(19,	'0',	'-',	1,	71,	'2024-05-29 11:20:54',	'2024-05-29 11:20:54'),
(20,	'0',	NULL,	1,	71,	'2024-05-29 11:28:00',	'2024-05-29 11:28:00'),
(21,	'0',	NULL,	1,	71,	'2024-05-29 11:31:58',	'2024-05-29 11:31:58'),
(22,	'0',	NULL,	1,	71,	'2024-05-29 11:32:17',	'2024-05-29 11:32:17'),
(23,	'0',	NULL,	1,	71,	'2024-05-29 11:35:11',	'2024-05-29 11:35:11'),
(24,	'0',	NULL,	1,	71,	'2024-05-29 11:35:31',	'2024-05-29 11:35:31'),
(25,	'0',	NULL,	1,	71,	'2024-05-29 11:40:26',	'2024-05-29 11:40:26'),
(26,	'0',	'test',	1,	71,	'2024-05-29 11:41:28',	'2024-05-29 11:41:28'),
(27,	'0',	NULL,	1,	71,	'2024-05-29 11:42:04',	'2024-05-29 11:42:04'),
(28,	'0',	NULL,	1,	71,	'2024-05-29 11:42:31',	'2024-05-29 11:42:31'),
(29,	'3',	'Testing ⭐',	1,	2,	'2024-05-29 14:39:02',	'2024-05-29 14:39:02'),
(30,	'5',	'Testing ⭐⭐⭐⭐',	1,	2,	'2024-05-29 14:39:32',	'2024-05-29 14:39:32'),
(31,	'4',	'test',	2,	71,	'2024-06-06 13:23:36',	'2024-06-06 13:23:36'),
(32,	'5',	'test',	2,	71,	'2024-06-06 13:23:46',	'2024-06-06 13:23:46'),
(33,	'3',	'test',	2,	71,	'2024-06-06 13:24:03',	'2024-06-06 13:24:03'),
(34,	'2',	'test',	2,	71,	'2024-06-06 13:24:25',	'2024-06-06 13:24:25'),
(35,	'3',	'Te',	2,	71,	'2024-06-06 13:56:05',	'2024-06-06 13:56:05'),
(36,	'0',	'test user',	2,	71,	'2024-06-07 11:11:44',	'2024-06-07 11:11:44'),
(37,	'4',	'testing',	1,	71,	'2024-06-07 11:50:55',	'2024-06-07 11:50:55'),
(38,	'0',	'testing comments',	1,	71,	'2024-06-07 13:00:29',	'2024-06-07 13:00:29'),
(39,	'0',	NULL,	2,	71,	'2024-06-07 13:01:02',	'2024-06-07 13:01:02'),
(40,	'0',	NULL,	2,	71,	'2024-06-07 13:02:10',	'2024-06-07 13:02:10'),
(41,	'0',	NULL,	2,	71,	'2024-06-07 13:02:56',	'2024-06-07 13:02:56'),
(42,	'0',	NULL,	2,	71,	'2024-06-07 13:11:41',	'2024-06-07 13:11:41'),
(43,	'0',	NULL,	2,	71,	'2024-07-05 04:45:12',	'2024-07-05 04:45:12'),
(44,	'5',	'test',	1,	71,	'2024-07-09 11:27:45',	'2024-07-09 11:27:45'),
(45,	'0',	NULL,	2,	73,	'2024-07-09 11:58:17',	'2024-07-09 11:58:17'),
(46,	'0',	't',	2,	73,	'2024-07-09 12:40:59',	'2024-07-09 12:40:59');

DROP TABLE IF EXISTS `settings`;
CREATE TABLE `settings` (
  `id` bigint(20) unsigned NOT NULL AUTO_INCREMENT,
  `key` varchar(255) DEFAULT NULL,
  `value` text DEFAULT NULL,
  `type` varchar(255) DEFAULT NULL,
  `status` enum('active','inactive','deleted') NOT NULL DEFAULT 'active',
  `created_by` bigint(20) unsigned NOT NULL,
  `updated_by` bigint(20) unsigned NOT NULL,
  `created_at` datetime NOT NULL DEFAULT current_timestamp(),
  `updated_at` datetime NOT NULL DEFAULT current_timestamp(),
  PRIMARY KEY (`id`)
) ENGINE=InnoDB AUTO_INCREMENT=33 DEFAULT CHARSET=utf8mb4 COLLATE=utf8mb4_general_ci;

INSERT INTO `settings` (`id`, `key`, `value`, `type`, `status`, `created_by`, `updated_by`, `created_at`, `updated_at`) VALUES
(1,	'driver',	'Test1',	'smtp',	'active',	1,	1,	'2024-03-05 13:13:16',	'2024-04-08 07:03:53'),
(2,	'host',	'test.com',	'smtp',	'active',	1,	1,	'2024-03-05 13:13:16',	'2024-03-11 13:13:01'),
(3,	'port',	'2518',	'smtp',	'active',	1,	1,	'2024-03-05 13:13:16',	'2024-04-05 10:46:13'),
(4,	'encryption',	'test',	'smtp',	'active',	1,	1,	'2024-03-05 13:13:16',	'2024-03-29 10:37:06'),
(5,	'email',	'admin@mailinator.com',	'smtp',	'active',	1,	1,	'2024-03-05 13:15:21',	'2024-04-08 07:05:46'),
(6,	'username',	'test-username',	'smtp',	'active',	1,	1,	'2024-03-05 13:15:21',	'2024-04-03 07:46:56'),
(7,	'password',	'test#123',	'smtp',	'active',	1,	1,	'2024-03-05 13:15:21',	'2024-05-28 09:45:45'),
(8,	'terms-of-service-url',	'http://www.google.com',	'legal',	'active',	1,	1,	'2024-03-05 16:33:33',	'2024-04-18 16:27:07'),
(9,	'privacy-policy-url',	'http://www.aol.com',	'legal',	'active',	1,	1,	'2024-03-05 16:33:33',	'2024-04-18 16:27:07'),
(10,	'cookie-policy-url',	'test5.com',	'legal',	'active',	1,	1,	'2024-03-05 16:33:33',	'2024-03-05 11:15:15'),
(11,	'recaptcha-site-key',	'Test',	'recaptcha',	'active',	1,	1,	'2024-03-05 17:28:03',	'2024-04-08 07:08:04'),
(12,	'recaptcha-secret-key',	'secret😊😊😊',	'recaptcha',	'active',	1,	1,	'2024-03-05 17:28:03',	'2024-04-05 07:58:00'),
(13,	'recaptcha-registration',	'enabled',	'recaptcha',	'active',	1,	1,	'2024-03-05 17:28:03',	'2024-04-08 07:08:08'),
(14,	'recaptcha-contact-us',	'enabled',	'recaptcha',	'active',	1,	1,	'2024-03-05 17:28:03',	'2024-03-19 10:14:11'),
(15,	'stripe-status',	'enabled',	'stripe',	'active',	1,	1,	'2024-03-10 11:20:03',	'2024-04-08 07:01:38'),
(16,	'stripe-publishable-key',	'pk_test_51POMStLaz1e579ovqb3BnDlyuYIlYLQgfGaRs0gOI4NuLhUB0EkzBAN4LV4Z8QF9GqjBLP5MPw1dtpxfLPNHUHLW00nX45OYVJ',	'stripe',	'active',	1,	1,	'2024-03-10 11:20:55',	'2024-06-06 07:16:12'),
(17,	'stripe-secret-key',	'sk_test_51POMStLaz1e579ovYHOMTdJfMJobNUwOkAu0VKv4vuKzwWYm486RmGZrRjvimOocYWyYXcyCih0nzhJ8F6LKdoam00Tct6eKFH',	'stripe',	'active',	1,	1,	'2024-03-10 11:21:36',	'2024-06-06 07:16:12'),
(18,	'stripe-webhook-url',	'https://test.com',	'stripe',	'active',	1,	1,	'2024-03-10 11:22:46',	'2024-04-08 07:01:38'),
(19,	'site-logo',	NULL,	NULL,	'active',	1,	1,	'2024-04-01 20:43:56',	'2024-04-03 10:18:03'),
(20,	'site-favicon',	NULL,	'appearance',	'active',	1,	1,	'2024-04-01 20:44:40',	'2024-04-08 06:40:46'),
(21,	'login-background-image',	NULL,	'appearance',	'active',	1,	1,	'2024-04-01 20:49:37',	'2024-04-15 10:31:23'),
(22,	'water-tracker-description',	'<h2 style=\"text-align: center;\">What is Lorem Ipsum?</h2>\r\n<p>Lorem Ipsum is simply dummy text of the printing and typesetting industry. Lorem Ipsum has been the industry\'s standard dummy text ever since the 1500s, when an unknown printer took a galley of type and scrambled it to make a type specimen book. It has survived not only five centuries, but also the leap into electronic typesetting, remaining essentially unchanged. It was popularised in the 1960s with the release of Letraset sheets containing Lorem Ipsum passages, and more recently with desktop publishing software like Aldus PageMaker including versions of Lorem Ipsum.</p>',	'water-tracker',	'active',	1,	1,	'2024-04-06 12:23:32',	'2024-07-09 05:20:48'),
(23,	'signup-text-athlete',	'<p>Athlete texts</p>',	'legal',	'active',	1,	1,	'2024-05-03 12:47:22',	'2024-05-06 14:08:26'),
(24,	'signup-text-parent',	'<p>Parent texts</p>',	'legal',	'active',	1,	1,	'2024-05-03 12:47:22',	'2024-05-06 14:08:26'),
(25,	'signup-chk-age-text',	'<p><em><strong>I am at least 13 years old</strong></em></p>',	'legal',	'active',	1,	1,	'2024-05-03 12:47:22',	'2024-05-22 10:57:01'),
(26,	'fp-workout-sample-image',	'48',	'fitness-profile',	'active',	1,	1,	'2024-04-06 12:23:32',	'2024-06-19 08:26:21'),
(28,	'timezone',	'US/Central',	'general-settings',	'active',	1,	1,	'2024-05-23 10:44:16',	'2024-05-28 12:22:24'),
(29,	'custom-css',	NULL,	'appearance',	'active',	1,	1,	'2024-05-23 13:10:12',	'2024-06-06 17:59:20'),
(30,	'health-measurement-info-image',	'41',	'general-settings',	'active',	1,	1,	'2024-05-23 13:10:12',	'2024-06-11 12:57:18'),
(31,	'health-marker-info-image',	'43',	'general-settings',	'active',	1,	1,	'2024-05-23 13:10:12',	'2024-06-11 13:52:45'),
(32,	'getting-started-status',	'disabled',	'getting-started',	'active',	1,	1,	'2024-05-24 13:10:12',	'2024-06-27 08:16:39');

DROP TABLE IF EXISTS `skill_levels`;
CREATE TABLE `skill_levels` (
  `id` bigint(20) unsigned NOT NULL AUTO_INCREMENT,
  `name` varchar(255) DEFAULT NULL,
  `status` enum('active','inactive','deleted') NOT NULL DEFAULT 'active',
  `created_by` bigint(20) unsigned NOT NULL,
  `updated_by` bigint(20) unsigned NOT NULL,
  `created_at` datetime NOT NULL,
  `updated_at` datetime NOT NULL,
  PRIMARY KEY (`id`)
) ENGINE=InnoDB AUTO_INCREMENT=3 DEFAULT CHARSET=utf8mb4 COLLATE=utf8mb4_general_ci;

INSERT INTO `skill_levels` (`id`, `name`, `status`, `created_by`, `updated_by`, `created_at`, `updated_at`) VALUES
(1,	'TESTING',	'active',	71,	71,	'2024-05-28 05:00:00',	'2024-05-28 05:00:00'),
(2,	'TESTING-USES',	'active',	71,	71,	'2024-05-28 09:51:50',	'2024-05-28 09:51:50');

DROP TABLE IF EXISTS `speed_logs`;
CREATE TABLE `speed_logs` (
  `id` bigint(20) unsigned NOT NULL AUTO_INCREMENT,
  `date` date DEFAULT NULL,
  `distance` varchar(255) DEFAULT NULL,
  `running_time` varchar(255) NOT NULL DEFAULT '0',
  `is_custom` tinyint(4) NOT NULL DEFAULT 0,
  `user_id` bigint(20) unsigned DEFAULT NULL,
  `status` enum('active','inactive','deleted') NOT NULL DEFAULT 'active',
  `created_by` bigint(20) unsigned NOT NULL,
  `updated_by` bigint(20) unsigned NOT NULL,
  `created_at` datetime NOT NULL,
  `updated_at` datetime NOT NULL,
  PRIMARY KEY (`id`)
) ENGINE=InnoDB AUTO_INCREMENT=348 DEFAULT CHARSET=utf8mb4 COLLATE=utf8mb4_general_ci;

INSERT INTO `speed_logs` (`id`, `date`, `distance`, `running_time`, `is_custom`, `user_id`, `status`, `created_by`, `updated_by`, `created_at`, `updated_at`) VALUES
(323,	'2024-07-11',	'10_yard',	'0.0',	0,	100,	'active',	100,	100,	'2024-07-11 06:03:37',	'2024-07-11 06:03:37'),
(324,	'2024-07-11',	'40_yard',	'0',	0,	100,	'active',	100,	100,	'2024-07-11 06:03:37',	'2024-07-11 06:03:37'),
(325,	'2024-07-11',	'50_yard',	'0',	0,	100,	'active',	100,	100,	'2024-07-11 06:03:37',	'2024-07-11 06:03:37'),
(326,	'2024-07-11',	'60_yard',	'0.0',	0,	100,	'active',	100,	100,	'2024-07-11 06:03:37',	'2024-07-11 06:03:37'),
(327,	'2024-07-11',	'60_feet',	'0',	0,	100,	'active',	100,	100,	'2024-07-11 06:03:37',	'2024-07-11 06:03:37'),
(328,	'2024-07-11',	'80_feet',	'0',	0,	100,	'active',	100,	100,	'2024-07-11 06:03:37',	'2024-07-11 06:03:37'),
(329,	'2024-07-11',	'90_feet',	'0',	0,	100,	'active',	100,	100,	'2024-07-11 06:03:37',	'2024-07-11 06:03:37'),
(330,	'2024-07-11',	'1_mile',	'10.2',	0,	100,	'active',	100,	100,	'2024-07-11 06:03:37',	'2024-07-11 06:03:37'),
(331,	'2024-07-11',	'10_yard',	'6.6',	0,	100,	'active',	100,	100,	'2024-07-11 06:04:04',	'2024-07-11 06:04:04'),
(332,	'2024-07-11',	'40_yard',	'0',	0,	100,	'active',	100,	100,	'2024-07-11 06:04:04',	'2024-07-11 06:04:04'),
(333,	'2024-07-11',	'50_yard',	'0',	0,	100,	'active',	100,	100,	'2024-07-11 06:04:04',	'2024-07-11 06:04:04'),
(334,	'2024-07-11',	'60_yard',	'10.1',	0,	100,	'active',	100,	100,	'2024-07-11 06:04:04',	'2024-07-11 06:04:04'),
(335,	'2024-07-11',	'60_feet',	'0',	0,	100,	'active',	100,	100,	'2024-07-11 06:04:04',	'2024-07-11 06:04:04'),
(336,	'2024-07-11',	'80_feet',	'0',	0,	100,	'active',	100,	100,	'2024-07-11 06:04:04',	'2024-07-11 06:04:04'),
(337,	'2024-07-11',	'90_feet',	'0',	0,	100,	'active',	100,	100,	'2024-07-11 06:04:04',	'2024-07-11 06:04:04'),
(338,	'2024-07-11',	'1_mile',	'0',	0,	100,	'active',	100,	100,	'2024-07-11 06:04:04',	'2024-07-11 06:04:04'),
(339,	'2024-07-11',	'10_yard',	'0.0',	0,	100,	'active',	100,	100,	'2024-07-11 06:05:14',	'2024-07-11 06:05:14'),
(340,	'2024-07-11',	'40_yard',	'0',	0,	100,	'active',	100,	100,	'2024-07-11 06:05:14',	'2024-07-11 06:05:14'),
(341,	'2024-07-11',	'50_yard',	'0',	0,	100,	'active',	100,	100,	'2024-07-11 06:05:14',	'2024-07-11 06:05:14'),
(342,	'2024-07-11',	'60_yard',	'0.0',	0,	100,	'active',	100,	100,	'2024-07-11 06:05:14',	'2024-07-11 06:05:14'),
(343,	'2024-07-11',	'60_feet',	'0',	0,	100,	'active',	100,	100,	'2024-07-11 06:05:14',	'2024-07-11 06:05:14'),
(344,	'2024-07-11',	'80_feet',	'0',	0,	100,	'active',	100,	100,	'2024-07-11 06:05:14',	'2024-07-11 06:05:14'),
(345,	'2024-07-11',	'90_feet',	'0',	0,	100,	'active',	100,	100,	'2024-07-11 06:05:14',	'2024-07-11 06:05:14'),
(346,	'2024-07-11',	'1_mile',	'0',	0,	100,	'active',	100,	100,	'2024-07-11 06:05:14',	'2024-07-11 06:05:14'),
(347,	'2024-07-11',	'2 Mile',	'10.12',	1,	100,	'active',	100,	100,	'2024-07-11 06:05:14',	'2024-07-11 06:05:14');

DROP TABLE IF EXISTS `speed_settings`;
CREATE TABLE `speed_settings` (
  `id` bigint(20) unsigned NOT NULL AUTO_INCREMENT,
  `distance` varchar(255) DEFAULT NULL,
  `distance_status` enum('enabled','disabled') DEFAULT NULL,
  `user_id` bigint(20) unsigned DEFAULT NULL,
  `status` enum('active','inactive','deleted') NOT NULL DEFAULT 'active',
  `created_by` bigint(20) unsigned DEFAULT NULL,
  `updated_by` bigint(20) unsigned DEFAULT NULL,
  `created_at` datetime DEFAULT NULL,
  `updated_at` datetime DEFAULT NULL,
  PRIMARY KEY (`id`)
) ENGINE=InnoDB AUTO_INCREMENT=46 DEFAULT CHARSET=utf8mb4 COLLATE=utf8mb4_general_ci;

INSERT INTO `speed_settings` (`id`, `distance`, `distance_status`, `user_id`, `status`, `created_by`, `updated_by`, `created_at`, `updated_at`) VALUES
(1,	'10_yard',	'enabled',	71,	'active',	71,	71,	'2024-06-19 12:40:52',	'2024-07-01 11:59:57'),
(2,	'40_yard',	'enabled',	71,	'active',	71,	71,	'2024-06-19 12:40:52',	'2024-07-01 11:59:57'),
(3,	'50_yard',	'disabled',	71,	'active',	71,	71,	'2024-06-19 12:40:52',	'2024-07-01 11:59:57'),
(4,	'60_yard',	'enabled',	71,	'active',	71,	71,	'2024-06-19 12:40:52',	'2024-07-01 11:59:57'),
(5,	'60_feet',	'enabled',	71,	'active',	71,	71,	'2024-06-19 12:40:52',	'2024-07-01 11:59:57'),
(6,	'80_feet',	'disabled',	71,	'active',	71,	71,	'2024-06-19 12:40:52',	'2024-07-01 11:59:57'),
(7,	'90_feet',	'enabled',	71,	'active',	71,	71,	'2024-06-19 12:40:52',	'2024-07-01 11:59:57'),
(8,	'1_mile',	'disabled',	71,	'active',	71,	71,	'2024-06-19 12:40:52',	'2024-07-01 11:59:57'),
(9,	'custom',	'enabled',	71,	'active',	71,	71,	'2024-06-19 12:40:52',	'2024-07-01 11:59:57'),
(10,	'10_yard',	'enabled',	100,	'active',	100,	100,	'2024-06-19 13:12:31',	'2024-07-10 08:04:27'),
(11,	'40_yard',	'disabled',	100,	'active',	100,	100,	'2024-06-19 13:12:31',	'2024-07-10 08:04:27'),
(12,	'50_yard',	'disabled',	100,	'active',	100,	100,	'2024-06-19 13:12:31',	'2024-07-10 08:04:27'),
(13,	'60_yard',	'enabled',	100,	'active',	100,	100,	'2024-06-19 13:12:31',	'2024-07-10 08:04:27'),
(14,	'60_feet',	'disabled',	100,	'active',	100,	100,	'2024-06-19 13:12:31',	'2024-07-10 08:04:27'),
(15,	'80_feet',	'disabled',	100,	'active',	100,	100,	'2024-06-19 13:12:31',	'2024-07-10 08:04:27'),
(16,	'90_feet',	'disabled',	100,	'active',	100,	100,	'2024-06-19 13:12:31',	'2024-07-10 08:04:27'),
(17,	'1_mile',	'enabled',	100,	'active',	100,	100,	'2024-06-19 13:12:31',	'2024-07-10 08:04:27'),
(18,	'custom',	'enabled',	100,	'active',	100,	100,	'2024-06-19 13:12:31',	'2024-07-10 08:04:27'),
(19,	'10_yard',	'disabled',	104,	'active',	104,	104,	'2024-06-21 08:00:47',	'2024-06-21 10:46:29'),
(20,	'40_yard',	'enabled',	104,	'active',	104,	104,	'2024-06-21 08:00:47',	'2024-06-21 10:46:29'),
(21,	'50_yard',	'disabled',	104,	'active',	104,	104,	'2024-06-21 08:00:47',	'2024-06-21 10:46:29'),
(22,	'60_yard',	'disabled',	104,	'active',	104,	104,	'2024-06-21 08:00:47',	'2024-06-21 10:46:29'),
(23,	'60_feet',	'disabled',	104,	'active',	104,	104,	'2024-06-21 08:00:47',	'2024-06-21 10:46:29'),
(24,	'80_feet',	'enabled',	104,	'active',	104,	104,	'2024-06-21 08:00:47',	'2024-06-21 10:46:29'),
(25,	'90_feet',	'disabled',	104,	'active',	104,	104,	'2024-06-21 08:00:47',	'2024-06-21 10:46:29'),
(26,	'1_mile',	'disabled',	104,	'active',	104,	104,	'2024-06-21 08:00:47',	'2024-06-21 10:46:29'),
(27,	'custom',	'enabled',	104,	'active',	104,	104,	'2024-06-21 08:00:47',	'2024-06-21 10:46:29'),
(28,	'10_yard',	'enabled',	105,	'active',	105,	105,	'2024-07-01 12:09:26',	'2024-07-01 12:09:26'),
(29,	'40_yard',	'disabled',	105,	'active',	105,	105,	'2024-07-01 12:09:26',	'2024-07-01 12:09:26'),
(30,	'50_yard',	'enabled',	105,	'active',	105,	105,	'2024-07-01 12:09:26',	'2024-07-01 12:09:26'),
(31,	'60_yard',	'enabled',	105,	'active',	105,	105,	'2024-07-01 12:09:26',	'2024-07-01 12:09:26'),
(32,	'60_feet',	'disabled',	105,	'active',	105,	105,	'2024-07-01 12:09:26',	'2024-07-01 12:09:26'),
(33,	'80_feet',	'enabled',	105,	'active',	105,	105,	'2024-07-01 12:09:26',	'2024-07-01 12:09:26'),
(34,	'90_feet',	'disabled',	105,	'active',	105,	105,	'2024-07-01 12:09:26',	'2024-07-01 12:09:26'),
(35,	'1_mile',	'enabled',	105,	'active',	105,	105,	'2024-07-01 12:09:26',	'2024-07-01 12:09:26'),
(36,	'custom',	'enabled',	105,	'active',	105,	105,	'2024-07-01 12:09:26',	'2024-07-01 12:09:26'),
(37,	'10_yard',	'enabled',	106,	'active',	106,	106,	'2024-07-10 07:59:19',	'2024-07-10 08:19:04'),
(38,	'40_yard',	'enabled',	106,	'active',	106,	106,	'2024-07-10 07:59:19',	'2024-07-10 08:19:04'),
(39,	'50_yard',	'enabled',	106,	'active',	106,	106,	'2024-07-10 07:59:19',	'2024-07-10 08:19:04'),
(40,	'60_yard',	'enabled',	106,	'active',	106,	106,	'2024-07-10 07:59:19',	'2024-07-10 08:19:04'),
(41,	'60_feet',	'disabled',	106,	'active',	106,	106,	'2024-07-10 07:59:19',	'2024-07-10 08:19:04'),
(42,	'80_feet',	'enabled',	106,	'active',	106,	106,	'2024-07-10 07:59:19',	'2024-07-10 08:19:04'),
(43,	'90_feet',	'disabled',	106,	'active',	106,	106,	'2024-07-10 07:59:19',	'2024-07-10 08:19:04'),
(44,	'1_mile',	'enabled',	106,	'active',	106,	106,	'2024-07-10 07:59:19',	'2024-07-10 08:19:04'),
(45,	'custom',	'enabled',	106,	'active',	106,	106,	'2024-07-10 07:59:19',	'2024-07-10 08:19:04');

DROP TABLE IF EXISTS `sports`;
CREATE TABLE `sports` (
  `id` bigint(20) unsigned NOT NULL AUTO_INCREMENT,
  `name` varchar(255) DEFAULT NULL,
  `status` enum('active','inactive','deleted') NOT NULL DEFAULT 'active',
  `created_by` bigint(20) unsigned DEFAULT NULL,
  `updated_by` bigint(20) unsigned DEFAULT NULL,
  `created_at` datetime NOT NULL,
  `updated_at` datetime NOT NULL,
  PRIMARY KEY (`id`)
) ENGINE=InnoDB AUTO_INCREMENT=49 DEFAULT CHARSET=utf8mb4 COLLATE=utf8mb4_general_ci;

INSERT INTO `sports` (`id`, `name`, `status`, `created_by`, `updated_by`, `created_at`, `updated_at`) VALUES
(1,	'test',	'active',	2,	2,	'2024-03-09 16:00:05',	'2024-03-09 16:00:05'),
(2,	'cricket',	'active',	2,	2,	'2024-03-09 16:01:07',	'2024-03-09 16:01:07'),
(3,	'TESTING',	'active',	1,	1,	'2024-03-26 05:38:46',	'2024-03-29 14:36:22'),
(4,	'TESTING',	'active',	1,	1,	'2024-03-27 05:49:01',	'2024-03-27 05:49:01'),
(5,	'TESTING',	'deleted',	1,	1,	'2024-03-27 05:49:09',	'2024-03-27 06:00:34'),
(6,	'TESTING',	'deleted',	1,	1,	'2024-03-27 05:51:38',	'2024-03-27 06:00:22'),
(7,	'TESTING-USES',	'active',	1,	1,	'2024-03-27 06:00:43',	'2024-03-27 06:00:43'),
(8,	'TESTING',	'active',	1,	1,	'2024-03-27 06:00:50',	'2024-03-27 06:00:50'),
(9,	'Category 4',	'active',	1,	1,	'2024-03-27 06:00:55',	'2024-03-27 06:00:55'),
(10,	'Category 5',	'active',	1,	1,	'2024-03-27 06:01:01',	'2024-03-27 06:01:01'),
(11,	'API_APP_Testing',	'active',	1,	1,	'2024-03-27 06:01:12',	'2024-03-27 06:01:12'),
(12,	'Category 6',	'active',	1,	1,	'2024-03-27 06:01:18',	'2024-03-27 06:01:18'),
(13,	'Soccer',	'active',	1,	1,	'2024-03-27 06:01:29',	'2024-03-29 14:39:56'),
(14,	'Basketball',	'active',	1,	1,	'2024-03-27 06:01:37',	'2024-03-29 14:39:45'),
(15,	'Rugby',	'active',	1,	1,	'2024-03-27 06:01:45',	'2024-03-29 14:39:36'),
(16,	'Volleyball',	'active',	1,	1,	'2024-03-27 06:01:56',	'2024-03-29 14:39:25'),
(17,	'Tennis',	'active',	1,	1,	'2024-03-27 06:02:06',	'2024-03-29 14:39:16'),
(18,	'Softball',	'active',	1,	1,	'2024-03-27 06:02:24',	'2024-03-29 14:39:07'),
(19,	'Football',	'active',	1,	1,	'2024-03-27 06:02:35',	'2024-03-29 14:38:58'),
(20,	'Golf',	'active',	1,	1,	'2024-03-27 06:02:42',	'2024-03-29 14:38:48'),
(21,	'Category 66',	'deleted',	1,	1,	'2024-03-27 06:02:55',	'2024-03-29 12:08:39'),
(22,	'Baseball',	'active',	1,	1,	'2024-03-27 13:25:30',	'2024-04-04 04:55:30'),
(23,	'TESTING-USES',	'active',	1,	1,	'2024-04-05 10:40:38',	'2024-04-05 10:40:38'),
(24,	'Base ball updated',	'active',	1,	1,	'2024-04-08 10:06:21',	'2024-04-08 10:06:32'),
(25,	'Table Tenis',	'active',	40,	40,	'2024-04-09 07:50:57',	'2024-04-09 07:50:57'),
(26,	'TESTING',	'active',	13,	13,	'2024-04-12 10:15:30',	'2024-04-12 10:15:30'),
(27,	'TESTING-USES',	'active',	13,	1,	'2024-04-12 10:15:52',	'2024-04-18 11:28:16'),
(28,	'Chess',	'active',	36,	36,	'2024-04-22 14:02:19',	'2024-04-22 14:02:19'),
(29,	'Test - Sports',	'deleted',	2,	2,	'2024-04-26 12:26:23',	'2024-04-26 12:27:05'),
(30,	'Test - Sports',	'deleted',	2,	2,	'2024-04-26 12:26:23',	'2024-04-26 12:27:09'),
(31,	'Test - Sports',	'deleted',	2,	2,	'2024-04-26 12:26:23',	'2024-04-26 12:27:13'),
(32,	'Test - Sports',	'active',	2,	2,	'2024-04-26 12:26:23',	'2024-04-26 12:26:23'),
(33,	'Test - Sports',	'deleted',	2,	2,	'2024-04-26 12:26:24',	'2024-04-26 12:26:46'),
(34,	'Test - Sports',	'deleted',	2,	2,	'2024-04-26 12:26:24',	'2024-04-26 12:26:51'),
(35,	'Test - Sports',	'deleted',	2,	2,	'2024-04-26 12:26:24',	'2024-04-26 12:26:55'),
(36,	'Test - Sports',	'deleted',	2,	2,	'2024-04-26 12:26:24',	'2024-04-26 12:26:59'),
(37,	'Test - Sports',	'deleted',	2,	2,	'2024-04-26 12:26:24',	'2024-04-26 12:27:02'),
(38,	'Test - Sports',	'deleted',	2,	2,	'2024-04-26 12:26:25',	'2024-04-26 12:26:43'),
(39,	'TESTING',	'deleted',	71,	71,	'2024-05-28 09:47:31',	'2024-05-28 09:47:43'),
(40,	'TESTING',	'deleted',	71,	71,	'2024-05-28 09:47:31',	'2024-05-28 09:47:47'),
(41,	'TESTING',	'deleted',	71,	71,	'2024-05-28 09:47:52',	'2024-05-28 09:48:05'),
(42,	'TESTING',	'deleted',	71,	71,	'2024-05-28 09:47:53',	'2024-05-28 09:48:00'),
(43,	'TESTING-USES',	'deleted',	71,	71,	'2024-05-28 09:48:16',	'2024-05-28 09:48:23'),
(44,	'TESTING-USES',	'deleted',	71,	71,	'2024-05-28 09:48:16',	'2024-05-28 09:48:32'),
(45,	'TESTING-USES',	'deleted',	71,	71,	'2024-05-28 09:48:16',	'2024-05-28 09:48:37'),
(46,	'TESTING-USES',	'active',	71,	71,	'2024-05-28 09:49:03',	'2024-05-28 09:49:03'),
(47,	'Category 6',	'deleted',	71,	71,	'2024-05-28 09:49:10',	'2024-05-28 12:25:05'),
(48,	'Category 6',	'active',	71,	71,	'2024-05-28 09:49:10',	'2024-05-28 09:49:10');

DROP TABLE IF EXISTS `threads`;
CREATE TABLE `threads` (
  `id` bigint(20) unsigned NOT NULL AUTO_INCREMENT,
  `from_user_id` bigint(20) unsigned NOT NULL,
  `to_user_id` bigint(20) unsigned NOT NULL,
  `category_id` bigint(20) unsigned DEFAULT NULL,
  `status` enum('active','inactive','deleted') NOT NULL DEFAULT 'active',
  `created_by` bigint(20) unsigned DEFAULT NULL,
  `updated_by` bigint(20) unsigned DEFAULT NULL,
  `created_at` timestamp NULL DEFAULT NULL,
  `updated_at` timestamp NULL DEFAULT NULL,
  PRIMARY KEY (`id`),
  KEY `threads_user_id_foreign` (`from_user_id`),
  KEY `threads_another_user_id_foreign` (`to_user_id`)
) ENGINE=InnoDB AUTO_INCREMENT=7 DEFAULT CHARSET=utf8mb4 COLLATE=utf8mb4_unicode_ci;

INSERT INTO `threads` (`id`, `from_user_id`, `to_user_id`, `category_id`, `status`, `created_by`, `updated_by`, `created_at`, `updated_at`) VALUES
(1,	1,	2,	0,	'active',	NULL,	NULL,	'2024-05-27 06:00:36',	'2024-05-27 06:00:36'),
(2,	2,	2,	0,	'active',	NULL,	NULL,	'2024-05-27 06:21:06',	'2024-05-27 06:21:06'),
(3,	71,	2,	0,	'active',	NULL,	NULL,	'2024-05-28 07:01:29',	'2024-05-28 07:01:29'),
(4,	71,	1,	1,	'active',	NULL,	NULL,	'2024-05-28 09:44:19',	'2024-05-28 09:44:19'),
(5,	2,	1,	2,	'active',	NULL,	NULL,	'2024-05-29 07:20:41',	'2024-05-29 07:20:41'),
(6,	76,	1,	2,	'active',	NULL,	NULL,	'2024-06-04 13:14:32',	'2024-06-04 13:14:32');

DROP TABLE IF EXISTS `training_videos`;
CREATE TABLE `training_videos` (
  `id` bigint(20) unsigned NOT NULL AUTO_INCREMENT,
  `title` varchar(255) DEFAULT NULL,
  `video_url` varchar(255) DEFAULT NULL,
  `provider_type` enum('youtube','vimeo') DEFAULT NULL,
  `description` text DEFAULT NULL,
  `is_featured` tinyint(4) NOT NULL DEFAULT 0,
  `date` date DEFAULT NULL,
  `user_types` varchar(255) DEFAULT NULL,
  `media_id` bigint(20) unsigned DEFAULT NULL,
  `training_video_category_id` bigint(20) unsigned DEFAULT NULL,
  `status` enum('active','inactive','deleted') NOT NULL DEFAULT 'active',
  `created_by` bigint(20) unsigned NOT NULL,
  `updated_by` bigint(20) unsigned NOT NULL,
  `created_at` datetime NOT NULL,
  `updated_at` datetime NOT NULL,
  PRIMARY KEY (`id`)
) ENGINE=InnoDB AUTO_INCREMENT=18 DEFAULT CHARSET=utf8mb4 COLLATE=utf8mb4_general_ci;

INSERT INTO `training_videos` (`id`, `title`, `video_url`, `provider_type`, `description`, `is_featured`, `date`, `user_types`, `media_id`, `training_video_category_id`, `status`, `created_by`, `updated_by`, `created_at`, `updated_at`) VALUES
(1,	'Test',	'https://test.com',	'youtube',	'Test  - Description',	0,	'2024-05-29',	NULL,	17,	1,	'active',	71,	71,	'2024-05-28 05:01:37',	'2024-06-05 09:59:39'),
(2,	'Testing Video',	'https://www.youtube.com/watch?v=D0UnqGm_miA',	'youtube',	'Testing Descroption',	0,	'2024-05-22',	NULL,	0,	1,	'active',	1,	1,	'2024-05-29 12:16:36',	'2024-05-29 12:16:36'),
(3,	'Test-1',	'https://test.com',	'youtube',	'Test',	1,	'2024-06-06',	NULL,	20,	2,	'deleted',	71,	71,	'2024-06-05 11:49:45',	'2024-06-24 10:28:47'),
(4,	'testing _v',	'https://www.youtube.com/watch?v=4cEKAYnxbrk',	'youtube',	'testting',	0,	'2024-06-13',	NULL,	0,	1,	'deleted',	1,	1,	'2024-06-13 07:52:37',	'2024-06-24 10:28:39'),
(5,	'Test - Athlete',	'https://test.com',	'youtube',	'Test',	0,	'2024-06-21',	'parent,athlete',	0,	2,	'active',	1,	1,	'2024-06-14 04:52:05',	'2024-06-14 04:55:16'),
(6,	'test - P',	'https://test.com',	'youtube',	'test',	0,	'2024-06-14',	'parent',	0,	1,	'active',	72,	72,	'2024-06-14 05:05:07',	'2024-06-14 05:05:07'),
(7,	'Test -PP',	'https://test.com',	'youtube',	'Test',	0,	'2024-06-14',	'parent',	0,	2,	'active',	1,	1,	'2024-06-14 05:09:06',	'2024-06-14 05:21:57'),
(8,	'test - ppp',	'https://www.youtube.com/watch?v=9VsEAEX6C9Q',	'youtube',	'test',	0,	'2024-06-19',	'parent,athlete',	0,	1,	'active',	1,	1,	'2024-06-14 09:37:58',	'2024-06-24 10:29:33'),
(9,	'test -- pppp',	'https://test.com',	'youtube',	'test',	1,	'2024-06-14',	'parent',	0,	1,	'deleted',	1,	1,	'2024-06-14 10:55:09',	'2024-06-24 10:28:57'),
(10,	'Checking',	'https://www.youtube.com/watch?v=nqO6cEbXyKM',	'youtube',	'Check',	1,	'2024-06-24',	'parent',	0,	1,	'deleted',	1,	1,	'2024-06-24 10:25:00',	'2024-06-24 10:25:21'),
(11,	'Training Video',	'https://www.youtube.com/watch?v=a7_WFUlFS94',	'youtube',	'Checking',	1,	'2024-06-24',	'parent,athlete',	0,	1,	'active',	1,	1,	'2024-06-24 10:27:43',	'2024-06-24 10:27:43'),
(12,	'checking',	NULL,	NULL,	'Checking testing',	1,	'2024-06-25',	'athlete',	81,	1,	'active',	104,	104,	'2024-06-25 08:30:26',	'2024-06-25 08:30:26'),
(13,	'checking',	NULL,	NULL,	'checking',	1,	'2024-06-25',	'athlete',	0,	1,	'active',	104,	104,	'2024-06-25 08:31:25',	'2024-06-25 08:31:25'),
(14,	'test -V',	NULL,	NULL,	'test-test - V',	1,	'2024-06-25',	'parent,athlete',	0,	1,	'active',	104,	104,	'2024-06-25 13:28:13',	'2024-06-25 13:29:12'),
(15,	'test - VP',	NULL,	NULL,	'test -     vp',	1,	'2024-06-25',	'parent,athlete',	114,	2,	'active',	104,	104,	'2024-06-25 13:34:52',	'2024-06-25 13:34:52'),
(16,	'Testing Video',	NULL,	NULL,	'Lorem Ipsum Description',	0,	'2024-06-27',	'athlete',	144,	1,	'active',	100,	100,	'2024-06-27 08:24:40',	'2024-06-27 08:24:40'),
(17,	'test',	NULL,	NULL,	'test',	0,	'2024-04-07',	'parent,athlete',	0,	1,	'inactive',	71,	71,	'2024-07-04 06:45:59',	'2024-07-04 06:46:09');

DROP TABLE IF EXISTS `training_video_age_ranges`;
CREATE TABLE `training_video_age_ranges` (
  `id` bigint(20) unsigned NOT NULL AUTO_INCREMENT,
  `age_range_id` bigint(20) unsigned NOT NULL,
  `training_video_id` bigint(20) unsigned NOT NULL,
  `created_at` datetime NOT NULL,
  `updated_at` datetime NOT NULL,
  PRIMARY KEY (`id`)
) ENGINE=InnoDB AUTO_INCREMENT=31 DEFAULT CHARSET=utf8mb4 COLLATE=utf8mb4_general_ci;

INSERT INTO `training_video_age_ranges` (`id`, `age_range_id`, `training_video_id`, `created_at`, `updated_at`) VALUES
(2,	2,	2,	'2024-05-29 12:16:36',	'2024-05-29 12:16:36'),
(3,	1,	1,	'2024-06-05 09:59:39',	'2024-06-05 09:59:39'),
(4,	2,	3,	'2024-06-05 11:49:45',	'2024-06-05 11:49:45'),
(5,	2,	4,	'2024-06-13 07:52:37',	'2024-06-13 07:52:37'),
(7,	1,	5,	'2024-06-14 04:55:16',	'2024-06-14 04:55:16'),
(8,	2,	6,	'2024-06-14 05:05:07',	'2024-06-14 05:05:07'),
(10,	1,	7,	'2024-06-14 05:21:57',	'2024-06-14 05:21:57'),
(19,	1,	10,	'2024-06-24 10:25:00',	'2024-06-24 10:25:00'),
(20,	1,	9,	'2024-06-24 10:25:28',	'2024-06-24 10:25:28'),
(21,	1,	11,	'2024-06-24 10:27:43',	'2024-06-24 10:27:43'),
(22,	2,	8,	'2024-06-24 10:29:33',	'2024-06-24 10:29:33'),
(23,	1,	12,	'2024-06-25 08:30:26',	'2024-06-25 08:30:26'),
(24,	1,	13,	'2024-06-25 08:31:25',	'2024-06-25 08:31:25'),
(26,	1,	14,	'2024-06-25 13:29:12',	'2024-06-25 13:29:12'),
(27,	1,	15,	'2024-06-25 13:34:52',	'2024-06-25 13:34:52'),
(28,	2,	16,	'2024-06-27 08:24:40',	'2024-06-27 08:24:40'),
(29,	1,	17,	'2024-07-04 06:45:59',	'2024-07-04 06:45:59'),
(30,	4,	17,	'2024-07-04 06:45:59',	'2024-07-04 06:45:59');

DROP TABLE IF EXISTS `training_video_categories`;
CREATE TABLE `training_video_categories` (
  `id` bigint(20) unsigned NOT NULL AUTO_INCREMENT,
  `name` varchar(255) DEFAULT NULL,
  `status` enum('active','inactive','deleted') NOT NULL DEFAULT 'active',
  `created_by` bigint(20) unsigned NOT NULL,
  `updated_by` bigint(20) unsigned NOT NULL,
  `created_at` datetime NOT NULL,
  `updated_at` datetime NOT NULL,
  PRIMARY KEY (`id`)
) ENGINE=InnoDB AUTO_INCREMENT=3 DEFAULT CHARSET=utf8mb4 COLLATE=utf8mb4_general_ci;

INSERT INTO `training_video_categories` (`id`, `name`, `status`, `created_by`, `updated_by`, `created_at`, `updated_at`) VALUES
(1,	'Test',	'active',	71,	71,	'2024-05-28 04:59:36',	'2024-05-28 04:59:36'),
(2,	'TESTING-USES',	'inactive',	71,	71,	'2024-05-28 09:51:20',	'2024-07-02 11:23:00');

DROP TABLE IF EXISTS `training_video_favourites`;
CREATE TABLE `training_video_favourites` (
  `id` bigint(20) unsigned NOT NULL AUTO_INCREMENT,
  `is_favourite` tinyint(4) NOT NULL DEFAULT 0,
  `training_video_id` bigint(20) unsigned DEFAULT NULL,
  `user_id` bigint(20) unsigned DEFAULT NULL,
  `created_at` datetime DEFAULT NULL,
  `updated_at` datetime DEFAULT NULL,
  PRIMARY KEY (`id`)
) ENGINE=InnoDB AUTO_INCREMENT=9 DEFAULT CHARSET=utf8mb4 COLLATE=utf8mb4_general_ci;

INSERT INTO `training_video_favourites` (`id`, `is_favourite`, `training_video_id`, `user_id`, `created_at`, `updated_at`) VALUES
(4,	1,	13,	104,	'2024-06-25 09:40:21',	'2024-06-25 09:40:21'),
(7,	1,	5,	71,	'2024-07-10 11:13:06',	'2024-07-10 11:13:06'),
(8,	1,	15,	71,	'2024-07-10 11:16:17',	'2024-07-10 11:16:17');

DROP TABLE IF EXISTS `training_video_ratings`;
CREATE TABLE `training_video_ratings` (
  `id` bigint(20) unsigned NOT NULL AUTO_INCREMENT,
  `rating` varchar(50) NOT NULL DEFAULT '0',
  `review` text DEFAULT NULL,
  `training_video_id` bigint(20) unsigned DEFAULT NULL,
  `user_id` bigint(20) unsigned DEFAULT NULL,
  `created_at` datetime DEFAULT NULL,
  `updated_at` datetime DEFAULT NULL,
  PRIMARY KEY (`id`)
) ENGINE=InnoDB AUTO_INCREMENT=35 DEFAULT CHARSET=utf8mb4 COLLATE=utf8mb4_general_ci;

INSERT INTO `training_video_ratings` (`id`, `rating`, `review`, `training_video_id`, `user_id`, `created_at`, `updated_at`) VALUES
(1,	'5',	'test',	1,	71,	'2024-05-28 05:06:23',	'2024-05-28 05:06:23'),
(2,	'0',	'Testing 2',	1,	71,	'2024-05-28 13:40:48',	'2024-05-28 13:40:48'),
(3,	'0',	NULL,	1,	71,	'2024-05-29 11:44:29',	'2024-05-29 11:44:29'),
(4,	'0',	'Test',	2,	71,	'2024-05-29 12:29:08',	'2024-05-29 12:29:08'),
(5,	'0',	'test',	1,	71,	'2024-05-30 05:30:37',	'2024-05-30 05:30:37'),
(6,	'0',	'hggg',	1,	71,	'2024-05-30 06:25:56',	'2024-05-30 06:25:56'),
(7,	'3',	'test',	3,	71,	'2024-06-05 11:54:24',	'2024-06-05 11:54:24'),
(8,	'5',	'Test',	3,	71,	'2024-06-05 11:54:45',	'2024-06-05 11:54:45'),
(9,	'2',	'test',	3,	71,	'2024-06-05 11:55:09',	'2024-06-05 11:55:09'),
(10,	'3',	'test',	3,	71,	'2024-06-05 11:55:47',	'2024-06-05 11:55:47'),
(11,	'4',	'test',	3,	71,	'2024-06-05 11:56:36',	'2024-06-05 11:56:36'),
(12,	'3',	'ert4',	2,	71,	'2024-06-06 08:06:25',	'2024-06-06 08:06:25'),
(13,	'5',	'Test',	3,	71,	'2024-06-06 10:04:03',	'2024-06-06 10:04:03'),
(14,	'3',	NULL,	3,	71,	'2024-06-06 10:04:16',	'2024-06-06 10:04:16'),
(15,	'5',	NULL,	3,	71,	'2024-06-06 10:10:30',	'2024-06-06 10:10:30'),
(16,	'0',	'Teststt',	3,	71,	'2024-06-06 10:10:42',	'2024-06-06 10:10:42'),
(17,	'0',	'Twatt',	3,	71,	'2024-06-06 10:10:53',	'2024-06-06 10:10:53'),
(18,	'0',	NULL,	3,	71,	'2024-06-06 10:11:01',	'2024-06-06 10:11:01'),
(20,	'5',	'test',	3,	71,	'2024-06-06 13:24:53',	'2024-06-06 13:24:53'),
(21,	'4',	'testt -update - comment',	3,	71,	'2024-06-06 13:25:04',	'2024-06-06 15:15:00'),
(22,	'0',	'testing video',	3,	71,	'2024-06-07 12:02:33',	'2024-06-07 12:02:33'),
(23,	'0',	'Testing video',	3,	71,	'2024-06-07 13:01:33',	'2024-06-07 13:01:33'),
(24,	'0',	NULL,	3,	71,	'2024-06-07 13:02:20',	'2024-06-07 13:02:20'),
(25,	'0',	NULL,	3,	71,	'2024-06-07 13:11:54',	'2024-06-07 13:11:54'),
(26,	'4',	NULL,	15,	71,	'2024-06-27 12:46:37',	'2024-06-27 12:46:37'),
(27,	'0',	'Test',	15,	71,	'2024-06-28 12:28:25',	'2024-06-28 12:28:25'),
(28,	'0',	'Testin',	15,	71,	'2024-06-28 12:28:49',	'2024-06-28 12:28:49'),
(29,	'0',	NULL,	15,	71,	'2024-07-02 11:04:37',	'2024-07-02 11:04:37'),
(30,	'3',	'Testing **',	14,	100,	'2024-07-03 05:18:41',	'2024-07-03 05:18:41'),
(31,	'0',	NULL,	15,	71,	'2024-07-05 04:45:30',	'2024-07-05 04:45:30'),
(32,	'0',	NULL,	15,	73,	'2024-07-09 12:35:53',	'2024-07-09 12:35:53'),
(33,	'0',	NULL,	15,	71,	'2024-07-10 09:54:09',	'2024-07-10 09:54:09'),
(34,	'4',	'testing review',	14,	71,	'2024-07-10 11:11:10',	'2024-07-10 11:11:10');

DROP TABLE IF EXISTS `training_video_skill_levels`;
CREATE TABLE `training_video_skill_levels` (
  `id` bigint(20) unsigned NOT NULL AUTO_INCREMENT,
  `skill_level_id` bigint(20) unsigned NOT NULL,
  `training_video_id` bigint(20) unsigned NOT NULL,
  `created_at` datetime NOT NULL,
  `updated_at` datetime NOT NULL,
  PRIMARY KEY (`id`)
) ENGINE=InnoDB AUTO_INCREMENT=31 DEFAULT CHARSET=utf8mb4 COLLATE=utf8mb4_general_ci;

INSERT INTO `training_video_skill_levels` (`id`, `skill_level_id`, `training_video_id`, `created_at`, `updated_at`) VALUES
(2,	1,	2,	'2024-05-29 12:16:36',	'2024-05-29 12:16:36'),
(3,	1,	1,	'2024-06-05 09:59:39',	'2024-06-05 09:59:39'),
(4,	1,	3,	'2024-06-05 11:49:45',	'2024-06-05 11:49:45'),
(5,	2,	4,	'2024-06-13 07:52:37',	'2024-06-13 07:52:37'),
(7,	1,	5,	'2024-06-14 04:55:16',	'2024-06-14 04:55:16'),
(8,	1,	6,	'2024-06-14 05:05:07',	'2024-06-14 05:05:07'),
(10,	2,	7,	'2024-06-14 05:21:57',	'2024-06-14 05:21:57'),
(19,	1,	10,	'2024-06-24 10:25:00',	'2024-06-24 10:25:00'),
(20,	1,	9,	'2024-06-24 10:25:28',	'2024-06-24 10:25:28'),
(21,	1,	11,	'2024-06-24 10:27:43',	'2024-06-24 10:27:43'),
(22,	1,	8,	'2024-06-24 10:29:33',	'2024-06-24 10:29:33'),
(23,	1,	12,	'2024-06-25 08:30:26',	'2024-06-25 08:30:26'),
(24,	1,	13,	'2024-06-25 08:31:25',	'2024-06-25 08:31:25'),
(26,	1,	14,	'2024-06-25 13:29:12',	'2024-06-25 13:29:12'),
(27,	2,	15,	'2024-06-25 13:34:52',	'2024-06-25 13:34:52'),
(28,	1,	16,	'2024-06-27 08:24:40',	'2024-06-27 08:24:40'),
(29,	2,	16,	'2024-06-27 08:24:40',	'2024-06-27 08:24:40'),
(30,	2,	17,	'2024-07-04 06:45:59',	'2024-07-04 06:45:59');

DROP TABLE IF EXISTS `users`;
CREATE TABLE `users` (
  `id` bigint(20) unsigned NOT NULL AUTO_INCREMENT,
  `first_name` varchar(255) DEFAULT NULL,
  `last_name` varchar(255) DEFAULT NULL,
  `screen_name` varchar(200) DEFAULT NULL,
  `user_type` enum('admin','content-creator','parent','coach','athlete') DEFAULT NULL,
  `profile_picture` varchar(255) DEFAULT NULL,
  `email` varchar(255) NOT NULL,
  `age` varchar(50) DEFAULT NULL,
  `gender` enum('male','female') DEFAULT NULL,
  `school_name` varchar(255) DEFAULT NULL,
  `grade` varchar(50) DEFAULT NULL,
  `email_verified_at` timestamp NULL DEFAULT NULL,
  `cell_phone_number` varchar(255) DEFAULT NULL,
  `address` varchar(255) DEFAULT NULL,
  `country` varchar(255) DEFAULT NULL,
  `state` varchar(255) DEFAULT NULL,
  `city` varchar(255) DEFAULT NULL,
  `zip_code` varchar(50) DEFAULT NULL,
  `latitude` varchar(100) DEFAULT NULL,
  `longitude` varchar(100) DEFAULT NULL,
  `password` varchar(255) NOT NULL,
  `remember_token` varchar(100) DEFAULT NULL,
  `verify_token` varchar(255) DEFAULT NULL,
  `favorite_athlete` varchar(255) DEFAULT NULL,
  `favorite_sport` varchar(255) DEFAULT NULL,
  `favorite_sport_play_years` varchar(100) DEFAULT NULL,
  `loggedin_parent_id` bigint(20) unsigned DEFAULT NULL,
  `is_parent_login` enum('yes','no') NOT NULL DEFAULT 'no',
  `stripe_customer_id` varchar(255) DEFAULT NULL,
  `stripe_status` enum('active','deleted') DEFAULT NULL,
  `parent_id` bigint(20) NOT NULL DEFAULT 0,
  `quote_id` bigint(20) unsigned DEFAULT NULL,
  `media_id` bigint(20) unsigned DEFAULT NULL,
  `status` enum('active','inactive','deleted') NOT NULL DEFAULT 'active',
  `last_login_date` datetime DEFAULT NULL,
  `timezone` varchar(255) DEFAULT NULL,
  `created_by` bigint(20) unsigned DEFAULT NULL,
  `updated_by` bigint(20) unsigned DEFAULT NULL,
  `created_at` timestamp NULL DEFAULT NULL,
  `updated_at` timestamp NULL DEFAULT NULL,
  PRIMARY KEY (`id`)
) ENGINE=InnoDB AUTO_INCREMENT=107 DEFAULT CHARSET=utf8mb4 COLLATE=utf8mb4_unicode_ci;

INSERT INTO `users` (`id`, `first_name`, `last_name`, `screen_name`, `user_type`, `profile_picture`, `email`, `age`, `gender`, `school_name`, `grade`, `email_verified_at`, `cell_phone_number`, `address`, `country`, `state`, `city`, `zip_code`, `latitude`, `longitude`, `password`, `remember_token`, `verify_token`, `favorite_athlete`, `favorite_sport`, `favorite_sport_play_years`, `loggedin_parent_id`, `is_parent_login`, `stripe_customer_id`, `stripe_status`, `parent_id`, `quote_id`, `media_id`, `status`, `last_login_date`, `timezone`, `created_by`, `updated_by`, `created_at`, `updated_at`) VALUES
(1,	'Admin',	'User',	'Admin User',	'admin',	NULL,	'support@turbochargedathletics.com',	'',	'male',	'',	'',	NULL,	'5345333123',	'Tirupati, Andhra Pradesh, India',	'India',	'Andhra Pradesh',	'',	'',	'',	'',	'$2y$10$AGnrxIxd15esHb5vARw.eOCn6QXPmwyTj3TU2Ul0tLq/NFflWwauS',	NULL,	NULL,	'',	'',	'',	0,	'no',	NULL,	NULL,	0,	3,	8,	'active',	'2024-07-10 03:45:57',	NULL,	NULL,	0,	NULL,	'2024-07-10 03:45:58'),
(2,	'Mitchel',	'Doe 2',	'Mitchel Doe 2',	'athlete',	NULL,	'jhondoe@mailinator.com',	'2',	'male',	'Govt Pg Clg',	'other',	NULL,	'',	'',	'India',	'Madhya Pradesh',	'Salt Lake City, UT, USA',	'451001',	'',	'',	'$2y$10$nBU9CyrGHNucFX9pOTWwuOO0D.AgavAJipsAz5qOpqVb5crdHoahi',	NULL,	'6659a58560502',	'Mitchel',	'[\"32\"]',	'',	0,	'no',	NULL,	NULL,	0,	1,	215,	'active',	'2024-06-19 13:19:30',	NULL,	NULL,	NULL,	'2024-03-02 12:04:51',	'2024-06-19 13:19:31'),
(71,	'Test',	'User',	'test User',	'athlete',	NULL,	'test@gmail.com',	'16',	'male',	'test🐥',	'10',	NULL,	'',	'Teston, Maidstone, UK',	'USA',	'Utah',	'Sandy',	'12347',	'',	'',	'$2y$10$n8wwhba.P1gwyWh4dhxr6.vNmcAhRGi9IUrhHesaP5bfH7JJninr.',	NULL,	'66877a375d7c4',	'Test',	NULL,	'22',	0,	'no',	NULL,	NULL,	0,	3,	190,	'active',	'2024-07-10 13:34:30',	'',	0,	0,	'2024-05-27 07:58:56',	'2024-07-10 13:34:30'),
(72,	'Test',	'Userr',	'Test User',	'parent',	NULL,	'parent@gmail.com',	'',	'',	'',	'',	NULL,	'53452333333',	'',	'',	'',	'',	'',	'',	'',	'$2y$10$D3qnVbS6vYQ7vgnj7UFr3uO3JBCSKt9tYRXWMUFs2EUoEaLPrgZDi',	NULL,	NULL,	'',	NULL,	'',	1,	'yes',	NULL,	NULL,	0,	1,	0,	'active',	'2024-07-04 09:49:39',	NULL,	0,	0,	'2024-05-27 10:32:02',	'2024-07-04 09:49:41'),
(73,	'test',	'User',	NULL,	'athlete',	NULL,	'test@mailinator.com',	NULL,	NULL,	NULL,	NULL,	NULL,	NULL,	NULL,	NULL,	NULL,	NULL,	NULL,	NULL,	NULL,	'$2y$10$f0XmCjdLE809sRjx4HQ0U.JhoD1CzgPFiU8xEsmJ21xM3Mc5jDbDC',	NULL,	NULL,	NULL,	NULL,	NULL,	0,	'no',	'cus_QBkUpqC79IA8Pv',	NULL,	0,	3,	NULL,	'active',	'2024-07-09 11:43:12',	NULL,	71,	71,	'2024-05-28 10:11:13',	'2024-07-09 11:43:12'),
(74,	'Rohan',	'Smith',	NULL,	'athlete',	NULL,	'rohan@mailinator.com',	NULL,	NULL,	NULL,	NULL,	NULL,	NULL,	NULL,	NULL,	NULL,	NULL,	NULL,	NULL,	NULL,	'$2y$10$eW3LOW8lEe6nVEOHfkZVC.hT4jyo9eKE/SBZE3wO0GwXbzqGlPuHi',	NULL,	'6659a03c58ea3',	NULL,	NULL,	NULL,	0,	'no',	NULL,	NULL,	0,	1,	NULL,	'active',	'2024-07-09 11:46:05',	NULL,	0,	0,	'2024-05-31 09:46:31',	'2024-07-09 11:46:06'),
(75,	'test',	'User',	'test User',	'athlete',	NULL,	'test+1@gmail.com',	'19',	'',	'',	'8',	NULL,	'',	'',	'United States',	'Karnataka',	'Utah, USA',	'12347',	'',	'',	'$2y$10$F4MWXU7Kri4gmLYJdIObRu/7BBcZdEDVRu5nwBDpCPfYRQNBliqK6',	NULL,	NULL,	'',	NULL,	'9',	0,	'no',	NULL,	NULL,	0,	NULL,	0,	'deleted',	'2024-06-04 10:11:00',	NULL,	0,	0,	'2024-06-04 08:27:25',	'2024-06-06 11:06:22'),
(76,	'test',	'User',	NULL,	'athlete',	NULL,	'test+2@gmail.com',	NULL,	NULL,	NULL,	NULL,	NULL,	NULL,	NULL,	NULL,	NULL,	NULL,	NULL,	NULL,	NULL,	'$2y$10$/LTufV3oiEg4wrjKnKvBieXY8tAYUS0waf/RAr8mB.g4gf8s6xCWm',	NULL,	'666037799abb9',	NULL,	NULL,	NULL,	0,	'no',	NULL,	NULL,	0,	NULL,	NULL,	'deleted',	'2024-06-04 12:05:36',	NULL,	0,	0,	'2024-06-04 12:05:27',	'2024-06-06 11:05:32'),
(81,	'test',	'User',	NULL,	'athlete',	NULL,	'test+3p@gmail.com',	NULL,	NULL,	NULL,	NULL,	NULL,	NULL,	NULL,	NULL,	NULL,	NULL,	NULL,	NULL,	NULL,	'$2y$10$RWmjqZFIagPCD0orkjoSjuFzRRIpJ89gXPw.PBEIzQ.rfLsfhA.Oe',	NULL,	NULL,	NULL,	NULL,	NULL,	NULL,	'no',	NULL,	NULL,	0,	NULL,	NULL,	'deleted',	NULL,	NULL,	0,	0,	'2024-06-05 09:44:41',	'2024-06-06 11:06:13'),
(86,	'Lavesh',	'welton',	NULL,	'athlete',	NULL,	'lavesh@mailinator.com',	NULL,	NULL,	NULL,	NULL,	NULL,	NULL,	NULL,	NULL,	NULL,	NULL,	NULL,	NULL,	NULL,	'$2y$10$xJBSaoD09HuEBZNrU3tr8.ISBOjmGmQEHE0jt4eSHAmCNceCBZre6',	NULL,	NULL,	NULL,	NULL,	NULL,	0,	'no',	NULL,	NULL,	0,	1,	NULL,	'active',	'2024-06-05 10:16:43',	NULL,	0,	0,	'2024-06-05 10:02:24',	'2024-06-05 10:16:44'),
(87,	'test',	'User',	NULL,	'athlete',	NULL,	'test+4q@gmail.com',	NULL,	NULL,	NULL,	NULL,	NULL,	NULL,	NULL,	NULL,	NULL,	NULL,	NULL,	NULL,	NULL,	'$2y$10$56PnqCyTDDUNxe0WiGeJtu7OpNRtWOdE6tOJi9vKEJ8ARgzJsP7K.',	NULL,	NULL,	NULL,	NULL,	NULL,	NULL,	'no',	NULL,	NULL,	0,	NULL,	NULL,	'deleted',	NULL,	NULL,	0,	0,	'2024-06-05 10:08:43',	'2024-06-06 11:06:33'),
(88,	'Shem',	'Warner',	NULL,	'athlete',	NULL,	'shem@mailinator.com',	NULL,	NULL,	NULL,	NULL,	NULL,	NULL,	NULL,	NULL,	NULL,	NULL,	NULL,	NULL,	NULL,	'$2y$10$opOw27fX2BwVqZKTNNXzguKhSk08M3kWhciqVWtdOa3y0oNZmENcS',	NULL,	NULL,	NULL,	NULL,	NULL,	0,	'no',	'cus_QEkUQlgT7mNIiz',	NULL,	0,	1,	NULL,	'active',	'2024-07-09 11:47:16',	NULL,	0,	0,	'2024-06-05 10:22:01',	'2024-07-09 11:47:17'),
(89,	'henry',	'user',	NULL,	'athlete',	NULL,	'testuser@mailinator.com',	NULL,	NULL,	NULL,	NULL,	NULL,	NULL,	NULL,	NULL,	NULL,	NULL,	NULL,	NULL,	NULL,	'$2y$10$NZYx5hQMjhpwTWWbju453uTvaxBIoRI2h4ZeQPVkMt6R6Ybx6psP6',	NULL,	NULL,	NULL,	NULL,	NULL,	1,	'yes',	'cus_QEkdAGeKd6jxSs',	NULL,	0,	1,	NULL,	'active',	'2024-06-14 11:02:00',	NULL,	0,	0,	'2024-06-05 10:31:18',	'2024-06-14 11:02:02'),
(90,	'test',	'User',	NULL,	'athlete',	NULL,	'test+5@gmail.com',	NULL,	NULL,	NULL,	NULL,	NULL,	NULL,	NULL,	NULL,	NULL,	NULL,	NULL,	NULL,	NULL,	'$2y$10$qtoWkrw5b0q/WTpnludP1eOkossEQVb/Dnr6PIxIyy6e73qQu5N2O',	NULL,	NULL,	NULL,	NULL,	NULL,	NULL,	'no',	NULL,	NULL,	0,	NULL,	NULL,	'deleted',	NULL,	NULL,	0,	0,	'2024-06-06 07:18:08',	'2024-06-06 11:06:42'),
(100,	'Robert',	'welton',	'Robert welton',	'athlete',	NULL,	'robert@mailinator.com',	'2',	'',	'Test',	'6',	NULL,	'',	'Indonesia',	'Indonesia',	'Ontario',	'Indonesia',	'123',	'',	'',	'$2y$10$6HQ9Ved4f8lE9oi.Ulnsy.ufX8j8lpRgzfB.QiiUeRPSkV/9zMJmq',	NULL,	'6683ef636a48e',	'Robert',	NULL,	'',	1,	'yes',	'cus_QF7fImrTQrT7Ia',	NULL,	0,	3,	0,	'active',	'2024-07-09 10:04:19',	'US/Hawaii',	0,	0,	'2024-06-06 10:18:50',	'2024-07-09 10:04:20'),
(101,	'Test',	'User',	NULL,	'athlete',	NULL,	'test+0@gmail.com',	NULL,	NULL,	NULL,	NULL,	NULL,	NULL,	NULL,	NULL,	NULL,	NULL,	NULL,	NULL,	NULL,	'$2y$10$YMCKC9ZxHQuKtEIWGq6gHuvJ/3f.G8bRByfp3ijqgrrdQkoFwzQcC',	NULL,	NULL,	NULL,	NULL,	NULL,	NULL,	'no',	'cus_QF8ITyZ2n5uIv8',	'deleted',	0,	NULL,	NULL,	'deleted',	NULL,	NULL,	0,	0,	'2024-06-06 10:57:59',	'2024-06-06 11:05:57'),
(102,	'test',	'user',	NULL,	'athlete',	NULL,	'test+00@gmail.com',	NULL,	NULL,	NULL,	NULL,	NULL,	NULL,	NULL,	NULL,	NULL,	NULL,	NULL,	NULL,	NULL,	'$2y$10$zCrIwZSsFHOvjzyd4ZTIdeRLUQxWA6pJ7WrJIy27JOS6D3vWlR1py',	NULL,	NULL,	NULL,	NULL,	NULL,	NULL,	'no',	'cus_QF8LnW5bERJKJB',	'deleted',	0,	NULL,	NULL,	'deleted',	NULL,	NULL,	0,	0,	'2024-06-06 11:00:15',	'2024-06-06 11:05:51'),
(103,	'test',	'user',	NULL,	'athlete',	NULL,	'test+000@gmail.com',	NULL,	NULL,	NULL,	NULL,	NULL,	NULL,	NULL,	NULL,	NULL,	NULL,	NULL,	NULL,	NULL,	'$2y$10$zZOdnL/AHeruzK5uQsfqLujDfRrdX/MzBdB7GWpGqFYX.BqIbUOkS',	NULL,	NULL,	NULL,	NULL,	NULL,	NULL,	'no',	'cus_QF8OaLDZplx1zo',	'deleted',	0,	NULL,	NULL,	'deleted',	NULL,	NULL,	0,	0,	'2024-06-06 11:01:05',	'2024-06-06 11:05:39'),
(104,	'test',	'User',	'test User',	'athlete',	NULL,	'test+1ww@gmail.com',	'9',	'',	'',	'',	NULL,	'',	'',	'United States',	'District of Columbia',	'Warsaw',	'45231',	'',	'',	'$2y$10$giOMuDcgoSeFK0P3vqpyeOfeLLq0IDqZu5DIT39WlNJTKN4.eNoWC',	NULL,	NULL,	'',	NULL,	'9',	0,	'no',	'cus_QK2l1ZRHBF3W8k',	NULL,	0,	1,	0,	'active',	'2024-07-01 12:57:40',	'US/East-Indiana',	0,	0,	'2024-06-19 13:35:06',	'2024-07-01 12:57:41'),
(105,	'test',	'User',	NULL,	'athlete',	NULL,	'test+1qq@gmail.com',	NULL,	NULL,	NULL,	NULL,	NULL,	NULL,	NULL,	NULL,	NULL,	NULL,	NULL,	NULL,	NULL,	'$2y$10$rFxprVi4q1WUGrDkN1J6JetjwTkT4VOqs8OuHRiui2hhdErH1xoN.',	NULL,	NULL,	NULL,	NULL,	NULL,	0,	'no',	'cus_QMecCJi1Uu2fMR',	NULL,	0,	1,	NULL,	'active',	'2024-07-10 07:02:37',	NULL,	0,	0,	'2024-06-26 12:50:36',	'2024-07-10 07:02:38'),
(106,	'test',	'User',	NULL,	'athlete',	NULL,	'test+p@gmail.com',	'1',	'male',	'xyz',	'8',	NULL,	NULL,	'',	'U',	'test',	'',	'12345',	'',	'',	'$2y$10$8cuLoOEHwlygPx1Y.9WJbOL4/Q821KkPkHJ/LO3lq.KSissPYkei2',	NULL,	NULL,	'Robert',	NULL,	'9',	0,	'no',	'cus_QPZoS169xkyt88',	NULL,	72,	2,	NULL,	'active',	'2024-07-10 07:59:05',	'',	72,	72,	'2024-07-04 08:05:14',	'2024-07-10 07:59:06');

DROP TABLE IF EXISTS `user_activity_logs`;
CREATE TABLE `user_activity_logs` (
  `id` bigint(20) unsigned NOT NULL AUTO_INCREMENT,
  `date` date DEFAULT NULL,
  `activity` text DEFAULT NULL,
  `module` varchar(255) DEFAULT NULL,
  `action` enum('create','update','delete','view') DEFAULT NULL,
  `module_id` bigint(20) unsigned DEFAULT NULL,
  `user_id` bigint(20) unsigned DEFAULT NULL,
  `status` enum('active','inactive','deleted') NOT NULL DEFAULT 'active',
  `created_by` bigint(20) unsigned DEFAULT NULL,
  `updated_by` bigint(20) unsigned DEFAULT NULL,
  `created_at` datetime NOT NULL,
  `updated_at` int(11) NOT NULL,
  PRIMARY KEY (`id`)
) ENGINE=InnoDB AUTO_INCREMENT=101 DEFAULT CHARSET=utf8mb4 COLLATE=utf8mb4_general_ci;

INSERT INTO `user_activity_logs` (`id`, `date`, `activity`, `module`, `action`, `module_id`, `user_id`, `status`, `created_by`, `updated_by`, `created_at`, `updated_at`) VALUES
(1,	'2024-07-01',	'Speed Input',	'speed',	'',	NULL,	105,	'active',	105,	105,	'2024-07-01 12:57:17',	2024),
(2,	'2024-07-01',	'Speed Input',	'speed',	'',	NULL,	104,	'active',	104,	104,	'2024-07-01 12:57:55',	2024),
(3,	'2024-07-01',	'Speed Input',	'speed',	'',	NULL,	104,	'active',	104,	104,	'2024-07-01 12:58:10',	2024),
(4,	'2024-07-01',	'Speed Input',	'speed',	'',	NULL,	104,	'active',	104,	104,	'2024-07-01 12:58:27',	2024),
(5,	'2024-07-01',	'Speed Input',	'speed',	'',	NULL,	104,	'active',	104,	104,	'2024-07-01 12:58:55',	2024),
(6,	'2024-07-01',	'Speed Input',	'speed',	'',	NULL,	104,	'active',	104,	104,	'2024-07-01 12:59:24',	2024),
(7,	'2024-07-01',	'Speed Input',	'speed',	'',	NULL,	105,	'active',	105,	105,	'2024-07-01 13:01:42',	2024),
(8,	'2024-07-01',	'Health Marker Input',	'health-marker',	'',	28,	71,	'active',	71,	71,	'2024-07-01 13:42:00',	2024),
(9,	'2024-07-02',	'Health Marker Input',	'health-marker',	'',	29,	71,	'active',	71,	71,	'2024-07-02 06:02:05',	2024),
(10,	'2024-07-02',	'Health Marker Input',	'health-marker',	'',	29,	71,	'active',	71,	71,	'2024-07-02 06:05:29',	2024),
(11,	'2024-07-02',	'Health Marker Input',	'health-marker',	'',	30,	100,	'active',	100,	100,	'2024-07-02 07:05:36',	2024),
(12,	'2024-07-02',	'Viewed Training test - VP',	'viewed-recipe',	'',	15,	71,	'active',	71,	71,	'2024-07-02 11:03:06',	2024),
(13,	'2024-07-02',	'Health Marker Input',	'health-marker',	'',	29,	71,	'active',	71,	71,	'2024-07-02 11:32:29',	2024),
(14,	'2024-07-02',	'Health Marker Input',	'health-marker',	'',	29,	71,	'active',	71,	71,	'2024-07-02 11:42:32',	2024),
(15,	'2024-07-02',	'Health Measurement Input',	'health-measurement',	'',	17,	71,	'active',	71,	71,	'2024-07-02 11:46:31',	2024),
(16,	'2024-07-02',	'Health Marker Input',	'health-marker',	'',	29,	71,	'active',	71,	71,	'2024-07-02 11:49:17',	2024),
(17,	'2024-07-02',	'Health Measurement Input',	'health-measurement',	'',	17,	71,	'active',	71,	71,	'2024-07-02 12:04:46',	2024),
(18,	'2024-07-02',	'Water Input 25 ounces',	'water-tracker',	'',	21,	71,	'active',	71,	71,	'2024-07-02 12:07:35',	2024),
(19,	'2024-07-02',	'Viewed Training test - VP',	'viewed-recipe',	'',	15,	71,	'active',	71,	71,	'2024-07-02 12:27:31',	2024),
(20,	'2024-07-02',	'Water Input 250 ounces',	'water-tracker',	'',	21,	71,	'active',	71,	71,	'2024-07-02 12:33:24',	2024),
(21,	'2024-07-02',	'Water Input 20 ounces',	'water-tracker',	'',	21,	71,	'active',	71,	71,	'2024-07-02 12:34:29',	2024),
(22,	'2024-07-02',	'Water Input 158 ounces',	'water-tracker',	'',	21,	71,	'active',	71,	71,	'2024-07-02 12:41:49',	2024),
(23,	'2024-07-02',	'Health Measurement Input',	'health-measurement',	'',	18,	100,	'active',	100,	100,	'2024-07-02 12:46:38',	2024),
(24,	'2024-07-02',	'Health Measurement Input',	'health-measurement',	'',	18,	100,	'active',	100,	100,	'2024-07-02 13:05:53',	2024),
(25,	'2024-07-02',	'Health Measurement Input',	'health-measurement',	'',	18,	100,	'active',	100,	100,	'2024-07-02 13:22:28',	2024),
(26,	'2024-07-03',	'Viewed Training test -V',	'viewed-recipe',	'',	14,	100,	'active',	100,	100,	'2024-07-03 05:18:25',	2024),
(27,	'2024-07-03',	'Viewed Training test -V',	'viewed-recipe',	'',	14,	100,	'active',	100,	100,	'2024-07-03 05:18:42',	2024),
(28,	'2024-07-03',	'Viewed Training test -V',	'viewed-recipe',	'',	14,	100,	'active',	100,	100,	'2024-07-03 05:57:48',	2024),
(29,	'2024-07-03',	'Viewed Recipe Paneer',	'viewed-recipe',	'',	2,	2,	'active',	2,	2,	'2024-07-03 07:08:36',	2024),
(30,	'2024-07-03',	'Viewed Recipe Paneer',	'viewed-recipe',	'',	2,	71,	'active',	71,	71,	'2024-07-03 09:39:56',	2024),
(31,	'2024-07-03',	'Viewed Recipe Paneer',	'viewed-recipe',	'',	2,	71,	'active',	71,	71,	'2024-07-03 09:52:44',	2024),
(32,	'2024-07-03',	'Health Marker Input',	'health-marker',	'',	31,	71,	'active',	71,	71,	'2024-07-03 10:26:13',	2024),
(33,	'2024-07-03',	'Health Marker Input',	'health-marker',	'',	31,	71,	'active',	71,	71,	'2024-07-03 10:26:24',	2024),
(34,	'2024-07-03',	'Health Measurement Input',	'health-measurement',	'',	19,	71,	'active',	71,	71,	'2024-07-03 10:26:32',	2024),
(35,	'2024-07-03',	'Health Marker Input',	'health-marker',	'',	31,	71,	'active',	71,	71,	'2024-07-03 10:26:56',	2024),
(36,	'2024-07-03',	'Viewed Recipe Paneer',	'viewed-recipe',	'',	2,	2,	'active',	2,	2,	'2024-07-03 11:32:50',	2024),
(37,	'2024-07-03',	'Viewed Recipe Paneer',	'viewed-recipe',	'',	2,	2,	'active',	2,	2,	'2024-07-03 11:33:33',	2024),
(38,	'2024-07-03',	'Viewed Recipe Paneer',	'viewed-recipe',	'',	2,	71,	'active',	71,	71,	'2024-07-03 11:43:46',	2024),
(39,	'2024-07-03',	'Health Measurement Input',	'health-measurement',	'',	20,	100,	'active',	100,	100,	'2024-07-03 21:39:00',	2024),
(40,	'2024-07-03',	'Speed Input',	'speed',	'',	NULL,	100,	'active',	100,	100,	'2024-07-03 21:45:32',	2024),
(41,	'2024-07-03',	'Speed Input',	'speed',	'',	NULL,	100,	'active',	100,	100,	'2024-07-03 21:45:42',	2024),
(42,	'2024-07-04',	'Viewed Recipe Paneer',	'viewed-recipe',	'',	2,	71,	'active',	71,	71,	'2024-07-04 05:54:35',	2024),
(43,	'2024-07-04',	'Viewed Training Training Video',	'viewed-recipe',	'',	11,	71,	'active',	71,	71,	'2024-07-04 07:26:22',	2024),
(44,	'2024-07-04',	'Viewed Recipe Paneer',	'viewed-recipe',	'',	2,	71,	'active',	71,	71,	'2024-07-04 08:27:15',	2024),
(45,	'2024-07-05',	'Health Marker Input',	'health-marker',	'',	32,	71,	'active',	71,	71,	'2024-07-05 04:56:14',	2024),
(46,	'2024-07-05',	'Water Input 545 ounces',	'water-tracker',	'',	22,	71,	'active',	71,	71,	'2024-07-05 05:01:13',	2024),
(47,	'2024-07-05',	'Water Input 25 ounces',	'water-tracker',	'',	22,	71,	'active',	71,	71,	'2024-07-05 07:07:05',	2024),
(48,	'2024-07-09',	'Viewed Recipe Test Recipe',	'viewed-recipe',	'',	1,	71,	'active',	71,	71,	'2024-07-09 11:27:21',	2024),
(49,	'2024-07-09',	'Viewed Recipe Test Recipe',	'viewed-recipe',	'',	1,	71,	'active',	71,	71,	'2024-07-09 11:27:46',	2024),
(50,	'2024-07-09',	'Viewed Training test - VP',	'viewed-recipe',	'',	15,	73,	'active',	73,	73,	'2024-07-09 11:37:44',	2024),
(51,	'2024-07-09',	'Viewed Training test - VP',	'viewed-recipe',	'',	15,	88,	'active',	88,	88,	'2024-07-09 11:47:58',	2024),
(52,	'2024-07-09',	'Viewed Training test - VP',	'viewed-recipe',	'',	15,	71,	'active',	71,	71,	'2024-07-09 12:14:19',	2024),
(53,	'2024-07-09',	'Water Input 25 ounces',	'water-tracker',	'',	23,	71,	'active',	71,	71,	'2024-07-09 13:12:48',	2024),
(54,	'2024-07-10',	'Health Marker Input',	'health-marker',	'',	33,	71,	'active',	71,	71,	'2024-07-10 03:54:09',	2024),
(55,	'2024-07-10',	'Health Measurement Input',	'health-measurement',	'',	21,	71,	'active',	71,	71,	'2024-07-10 03:54:21',	2024),
(56,	'2024-07-10',	'Health Marker Input',	'health-marker',	'',	33,	71,	'active',	71,	71,	'2024-07-10 05:24:25',	2024),
(57,	'2024-07-10',	'Health Measurement Input',	'health-measurement',	'',	21,	71,	'active',	71,	71,	'2024-07-10 05:24:48',	2024),
(58,	'2024-07-10',	'Health Measurement Input',	'health-measurement',	'',	21,	71,	'active',	71,	71,	'2024-07-10 05:25:22',	2024),
(59,	'2024-07-10',	'Health Measurement Input',	'health-measurement',	'',	21,	71,	'active',	71,	71,	'2024-07-10 05:25:47',	2024),
(60,	'2024-07-10',	'Health Measurement Input',	'health-measurement',	'',	21,	71,	'active',	71,	71,	'2024-07-10 05:25:48',	2024),
(61,	'2024-07-10',	'Health Measurement Input',	'health-measurement',	'',	21,	71,	'active',	71,	71,	'2024-07-10 05:25:48',	2024),
(62,	'2024-07-10',	'Health Marker Input',	'health-marker',	'',	33,	71,	'active',	71,	71,	'2024-07-10 05:27:38',	2024),
(63,	'2024-07-10',	'Health Marker Input',	'health-marker',	'',	33,	71,	'active',	71,	71,	'2024-07-10 05:28:05',	2024),
(64,	'2024-07-10',	'Health Marker Input',	'health-marker',	'',	33,	71,	'active',	71,	71,	'2024-07-10 05:29:10',	2024),
(65,	'2024-07-10',	'Health Marker Input',	'health-marker',	'',	33,	71,	'active',	71,	71,	'2024-07-10 05:29:29',	2024),
(66,	'2024-07-10',	'Health Marker Input',	'health-marker',	'',	33,	71,	'active',	71,	71,	'2024-07-10 05:30:38',	2024),
(67,	'2024-07-10',	'Health Marker Input',	'health-marker',	'',	33,	71,	'active',	71,	71,	'2024-07-10 05:33:35',	2024),
(68,	'2024-07-10',	'Health Marker Input',	'health-marker',	'',	33,	71,	'active',	71,	71,	'2024-07-10 05:34:03',	2024),
(69,	'2024-07-10',	'Health Marker Input',	'health-marker',	'',	33,	71,	'active',	71,	71,	'2024-07-10 05:35:38',	2024),
(70,	'2024-07-10',	'Health Marker Input',	'health-marker',	'',	33,	71,	'active',	71,	71,	'2024-07-10 05:35:55',	2024),
(71,	'2024-07-10',	'Health Marker Input',	'health-marker',	'',	33,	71,	'active',	71,	71,	'2024-07-10 05:37:00',	2024),
(72,	'2024-07-10',	'Health Marker Input',	'health-marker',	'',	33,	71,	'active',	71,	71,	'2024-07-10 05:37:15',	2024),
(73,	'2024-07-10',	'Health Marker Input',	'health-marker',	'',	33,	71,	'active',	71,	71,	'2024-07-10 05:38:02',	2024),
(74,	'2024-07-10',	'Speed Input',	'speed',	'',	NULL,	71,	'active',	71,	71,	'2024-07-10 06:57:00',	2024),
(75,	'2024-07-10',	'Speed Input',	'speed',	'',	NULL,	71,	'active',	71,	71,	'2024-07-10 06:57:52',	2024),
(76,	'2024-07-10',	'Speed Input',	'speed',	'',	NULL,	105,	'active',	105,	105,	'2024-07-10 06:58:59',	2024),
(77,	'2024-07-10',	'Speed Input',	'speed',	'',	NULL,	105,	'active',	105,	105,	'2024-07-10 06:59:33',	2024),
(78,	'2024-07-10',	'Speed Input',	'speed',	'',	NULL,	100,	'active',	100,	100,	'2024-07-10 07:02:03',	2024),
(79,	'2024-07-10',	'Speed Input',	'speed',	'',	NULL,	100,	'active',	100,	100,	'2024-07-10 07:08:09',	2024),
(80,	'2024-07-10',	'Speed Input',	'speed',	'',	NULL,	106,	'active',	106,	106,	'2024-07-10 08:00:06',	2024),
(81,	'2024-07-10',	'Speed Input',	'speed',	'',	NULL,	100,	'active',	100,	100,	'2024-07-10 08:02:42',	2024),
(82,	'2024-07-10',	'Speed Input',	'speed',	'',	NULL,	106,	'active',	106,	106,	'2024-07-10 09:36:24',	2024),
(83,	'2024-07-10',	'Viewed Training test - VP',	'viewed-recipe',	'',	15,	71,	'active',	71,	71,	'2024-07-10 09:54:43',	2024),
(84,	'2024-07-10',	'Viewed Training test - VP',	'viewed-recipe',	'',	15,	71,	'active',	71,	71,	'2024-07-10 10:01:18',	2024),
(85,	'2024-07-10',	'Viewed Training test - VP',	'viewed-recipe',	'',	15,	71,	'active',	71,	71,	'2024-07-10 10:02:29',	2024),
(86,	'2024-07-10',	'Viewed Training test - VP',	'viewed-recipe',	'',	15,	71,	'active',	71,	71,	'2024-07-10 10:03:26',	2024),
(87,	'2024-07-10',	'Viewed Training checking',	'viewed-recipe',	'',	12,	100,	'active',	100,	100,	'2024-07-10 10:15:59',	2024),
(88,	'2024-07-10',	'Viewed Training checking',	'viewed-recipe',	'',	12,	100,	'active',	100,	100,	'2024-07-10 10:16:27',	2024),
(89,	'2024-07-10',	'Water Input 989 ounces',	'water-tracker',	'',	24,	106,	'active',	106,	106,	'2024-07-10 10:17:01',	2024),
(90,	'2024-07-10',	'Viewed Training test -V',	'viewed-recipe',	'',	14,	71,	'active',	71,	71,	'2024-07-10 11:11:36',	2024),
(91,	'2024-07-10',	'Health Marker Input',	'health-marker',	'',	34,	106,	'active',	106,	106,	'2024-07-10 12:36:15',	2024),
(92,	'2024-07-10',	'Health Marker Input',	'health-marker',	'',	34,	106,	'active',	106,	106,	'2024-07-10 12:36:51',	2024),
(93,	'2024-07-10',	'Health Marker Input',	'health-marker',	'',	34,	106,	'active',	106,	106,	'2024-07-10 12:37:27',	2024),
(94,	'2024-07-10',	'Health Marker Input',	'health-marker',	'',	34,	106,	'active',	106,	106,	'2024-07-10 12:37:55',	2024),
(95,	'2024-07-10',	'Speed Input',	'speed',	'',	NULL,	105,	'active',	105,	105,	'2024-07-10 14:32:32',	2024),
(96,	'2024-07-11',	'Speed Input',	'speed',	'',	NULL,	100,	'active',	100,	100,	'2024-07-11 05:58:24',	2024),
(97,	'2024-07-11',	'Speed Input',	'speed',	'',	NULL,	100,	'active',	100,	100,	'2024-07-11 05:59:11',	2024),
(98,	'2024-07-11',	'Speed Input',	'speed',	'',	NULL,	100,	'active',	100,	100,	'2024-07-11 06:03:37',	2024),
(99,	'2024-07-11',	'Speed Input',	'speed',	'',	NULL,	100,	'active',	100,	100,	'2024-07-11 06:04:04',	2024),
(100,	'2024-07-11',	'Speed Input',	'speed',	'',	NULL,	100,	'active',	100,	100,	'2024-07-11 06:05:14',	2024);

DROP TABLE IF EXISTS `user_device_tokens`;
CREATE TABLE `user_device_tokens` (
  `id` int(10) unsigned NOT NULL AUTO_INCREMENT,
  `device_id` text DEFAULT NULL,
  `user_id` int(10) unsigned NOT NULL,
  `token` text DEFAULT NULL,
  `device_type` enum('android','ios','web') DEFAULT NULL,
  `certification_type` enum('distribution','development') NOT NULL DEFAULT 'development',
  `created_at` datetime NOT NULL DEFAULT current_timestamp(),
  `updated_at` datetime NOT NULL DEFAULT current_timestamp(),
  PRIMARY KEY (`id`),
  KEY `user_id` (`user_id`)
) ENGINE=InnoDB AUTO_INCREMENT=879 DEFAULT CHARSET=latin1 COLLATE=latin1_swedish_ci;

INSERT INTO `user_device_tokens` (`id`, `device_id`, `user_id`, `token`, `device_type`, `certification_type`, `created_at`, `updated_at`) VALUES
(86,	'bengal',	89,	'eyJ0eXAiOiJKV1QiLCJhbGciOiJIUzI1NiJ9.eyJpc3MiOiJodHRwczovL3N0YWdpbmcudHVyYm9jaGFyZ2VkYXRobGV0aWNzLmNvbS9hcGkvYWNjb3VudC9sb2dpbiIsImlhdCI6MTcxODAxMjcyNiwiZXhwIjoxNzE4MDE2MzI2LCJuYmYiOjE3MTgwMTI3MjYsImp0aSI6IjEzZVZPbEw4QTZBSkZTOFMiLCJzdWIiOiI4OSIsInBydiI6IjIzYmQ1Yzg5NDlmNjAwYWRiMzllNzAxYzQwMDg3MmRiN2E1OTc2ZjcifQ.xsT-_O54y9SipAt5Y5tq6Q3Hzd_x6X-dqJsxoOrStL4',	'',	'development',	'2024-06-10 09:45:26',	'2024-06-10 09:45:26'),
(122,	'goldfish_x86_64',	2,	'eyJ0eXAiOiJKV1QiLCJhbGciOiJIUzI1NiJ9.eyJpc3MiOiJodHRwczovL3N0YWdpbmcudHVyYm9jaGFyZ2VkYXRobGV0aWNzLmNvbS9hcGkvYWNjb3VudC9sb2dpbiIsImlhdCI6MTcxODIwMDI2NCwiZXhwIjoxNzE4MjAwMzI0LCJuYmYiOjE3MTgyMDAyNjQsImp0aSI6IkRlYW9HODVYTUJ1aTg3Zk8iLCJzdWIiOiIyIiwicHJ2IjoiMjNiZDVjODk0OWY2MDBhZGIzOWU3MDFjNDAwODcyZGI3YTU5NzZmNyJ9.cPLNDJ4pBWlLRAK40W88b8ISR2PfDc9-dKwTx8Mo1iM',	'',	'development',	'2024-06-12 13:51:04',	'2024-06-12 13:51:04'),
(134,	'goldfish_x86_64',	72,	'eyJ0eXAiOiJKV1QiLCJhbGciOiJIUzI1NiJ9.eyJpc3MiOiJodHRwczovL3N0YWdpbmcudHVyYm9jaGFyZ2VkYXRobGV0aWNzLmNvbS9hcGkvYWNjb3VudC9sb2dpbiIsImlhdCI6MTcxODM2NDYwMiwiZXhwIjoxNzE4MzY4MjAyLCJuYmYiOjE3MTgzNjQ2MDIsImp0aSI6ImNqd0RvckE5NGc5Y2djUHYiLCJzdWIiOiI3MiIsInBydiI6IjIzYmQ1Yzg5NDlmNjAwYWRiMzllNzAxYzQwMDg3MmRiN2E1OTc2ZjcifQ.Li1nniOdrwYMDRJGRHf7446BNiupH-oOlnlavr-YJ_U',	'',	'development',	'2024-06-14 11:30:02',	'2024-06-14 11:30:02'),
(324,	'iPhone15,2',	104,	'eyJ0eXAiOiJKV1QiLCJhbGciOiJIUzI1NiJ9.eyJpc3MiOiJodHRwczovL3N0YWdpbmcudHVyYm9jaGFyZ2VkYXRobGV0aWNzLmNvbS9hcGkvYWNjb3VudC9sb2dpbiIsImlhdCI6MTcxOTMxMjQ1NSwiZXhwIjoxNzE5MzE2MDU1LCJuYmYiOjE3MTkzMTI0NTUsImp0aSI6IktrY0h1S1BNdzZ2b2NWNHIiLCJzdWIiOiIxMDQiLCJwcnYiOiIyM2JkNWM4OTQ5ZjYwMGFkYjM5ZTcwMWM0MDA4NzJkYjdhNTk3NmY3In0.lOdq5XCEu4j-g3Ebgj0R5DpsIYG0CBkfajpmA9ym2m4',	'',	'development',	'2024-06-25 10:47:35',	'2024-06-25 10:47:35'),
(871,	'goldfish_x86_64',	100,	'eyJ0eXAiOiJKV1QiLCJhbGciOiJIUzI1NiJ9.eyJpc3MiOiJodHRwczovL3N0YWdpbmcudHVyYm9jaGFyZ2VkYXRobGV0aWNzLmNvbS9hcGkvYWNjb3VudC9sb2dpbiIsImlhdCI6MTcyMDQxOTg0NywiZXhwIjoxNzIwNjM1ODQ3LCJuYmYiOjE3MjA0MTk4NDcsImp0aSI6InlaenRibE14anRNYkFLTUIiLCJzdWIiOiIxMDAiLCJwcnYiOiIyM2JkNWM4OTQ5ZjYwMGFkYjM5ZTcwMWM0MDA4NzJkYjdhNTk3NmY3In0.icIOlQj2L9Guh-AXvrqSCyiV8sINiDS9LIFlo64RRPs',	'',	'development',	'2024-07-08 06:24:07',	'2024-07-08 06:24:07'),
(874,	'goldfish_x86_64',	73,	'eyJ0eXAiOiJKV1QiLCJhbGciOiJIUzI1NiJ9.eyJpc3MiOiJodHRwczovL3N0YWdpbmcudHVyYm9jaGFyZ2VkYXRobGV0aWNzLmNvbS9hcGkvYWNjb3VudC9sb2dpbiIsImlhdCI6MTcyMDUyNTM5MiwiZXhwIjoxNzIwNzQxMzkyLCJuYmYiOjE3MjA1MjUzOTIsImp0aSI6IlB6ZTJHbjFYTFg5SUF3cEgiLCJzdWIiOiI3MyIsInBydiI6IjIzYmQ1Yzg5NDlmNjAwYWRiMzllNzAxYzQwMDg3MmRiN2E1OTc2ZjcifQ.BIqdAF8j8L9npX07j0Vss98OgK0CADwq5sQctV5Ek7g',	'',	'development',	'2024-07-09 11:43:12',	'2024-07-09 11:43:12'),
(878,	'goldfish_x86_64',	71,	'eyJ0eXAiOiJKV1QiLCJhbGciOiJIUzI1NiJ9.eyJpc3MiOiJodHRwczovL3N0YWdpbmcudHVyYm9jaGFyZ2VkYXRobGV0aWNzLmNvbS9hcGkvYWNjb3VudC9sb2dpbiIsImlhdCI6MTcyMDYxODQ3MCwiZXhwIjoxNzIwODM0NDcwLCJuYmYiOjE3MjA2MTg0NzAsImp0aSI6Ik1KdEpDRGJQZlluSkNSM1MiLCJzdWIiOiI3MSIsInBydiI6IjIzYmQ1Yzg5NDlmNjAwYWRiMzllNzAxYzQwMDg3MmRiN2E1OTc2ZjcifQ.pH7-4wxl9v4OsxFWgUrrbjxCRJRViR9qSjylcZAk0Ww',	'',	'development',	'2024-07-10 13:34:30',	'2024-07-10 13:34:30');

DROP TABLE IF EXISTS `user_payment_refunds`;
CREATE TABLE `user_payment_refunds` (
  `id` bigint(20) unsigned NOT NULL AUTO_INCREMENT,
  `user_subscription_id` bigint(20) unsigned NOT NULL,
  `refund_id` varchar(255) DEFAULT NULL,
  `refund_amount` decimal(10,2) NOT NULL DEFAULT 0.00,
  `refund_reason_type` varchar(255) DEFAULT NULL,
  `refund_reason` varchar(255) DEFAULT NULL,
  `refund_status` varchar(255) DEFAULT NULL,
  `refund_log` text DEFAULT NULL,
  `status` enum('active','inactive','deleted') NOT NULL DEFAULT 'active',
  `created_by` bigint(20) unsigned NOT NULL,
  `updated_by` bigint(20) unsigned NOT NULL,
  `created_at` datetime NOT NULL,
  `updated_at` datetime NOT NULL,
  PRIMARY KEY (`id`)
) ENGINE=InnoDB DEFAULT CHARSET=utf8mb4 COLLATE=utf8mb4_general_ci;


DROP TABLE IF EXISTS `user_roles`;
CREATE TABLE `user_roles` (
  `id` bigint(20) unsigned NOT NULL AUTO_INCREMENT,
  `name` varchar(255) DEFAULT NULL,
  `user_type` varchar(255) DEFAULT NULL,
  `status` enum('active','inactive','deleted') NOT NULL DEFAULT 'active',
  `created_by` bigint(20) unsigned DEFAULT NULL,
  `updated_by` bigint(20) unsigned DEFAULT NULL,
  `created_at` datetime DEFAULT current_timestamp(),
  `updated_at` datetime NOT NULL DEFAULT current_timestamp(),
  PRIMARY KEY (`id`)
) ENGINE=InnoDB AUTO_INCREMENT=6 DEFAULT CHARSET=utf8mb4 COLLATE=utf8mb4_general_ci;

INSERT INTO `user_roles` (`id`, `name`, `user_type`, `status`, `created_by`, `updated_by`, `created_at`, `updated_at`) VALUES
(1,	'Admin',	'admin',	'active',	1,	1,	'2024-03-01 07:33:40',	'2024-03-01 07:33:53'),
(2,	' Content Creator',	'content-creator',	'active',	1,	1,	'2024-03-01 07:33:40',	'2024-03-01 07:33:53'),
(3,	'Parent',	'parent',	'active',	1,	1,	'2024-03-01 07:33:40',	'2024-03-01 07:33:53'),
(4,	'Coach',	'coach',	'active',	1,	1,	'2024-03-01 07:33:40',	'2024-03-01 07:33:53'),
(5,	'Athlete',	'athlete',	'active',	1,	1,	'2024-03-01 07:33:40',	'2024-03-01 07:33:53');

DROP TABLE IF EXISTS `user_role_module_permissions`;
CREATE TABLE `user_role_module_permissions` (
  `id` bigint(20) unsigned NOT NULL AUTO_INCREMENT,
  `module_id` bigint(20) unsigned NOT NULL,
  `user_role_id` bigint(20) unsigned NOT NULL,
  `status` enum('active','inactive','deleted') NOT NULL DEFAULT 'active',
  `created_by` bigint(20) unsigned NOT NULL,
  `updated_by` bigint(20) unsigned NOT NULL,
  `created_at` datetime DEFAULT NULL,
  `updated_at` datetime DEFAULT NULL,
  PRIMARY KEY (`id`)
) ENGINE=InnoDB AUTO_INCREMENT=42 DEFAULT CHARSET=utf8mb4 COLLATE=utf8mb4_general_ci;

INSERT INTO `user_role_module_permissions` (`id`, `module_id`, `user_role_id`, `status`, `created_by`, `updated_by`, `created_at`, `updated_at`) VALUES
(27,	1,	3,	'active',	72,	72,	'2024-06-14 09:39:46',	'2024-06-14 09:39:46'),
(28,	2,	3,	'active',	72,	72,	'2024-06-14 09:39:46',	'2024-06-14 09:39:46'),
(29,	3,	3,	'active',	72,	72,	'2024-06-14 09:39:46',	'2024-06-14 09:39:46'),
(30,	4,	3,	'active',	72,	72,	'2024-06-14 09:39:46',	'2024-06-14 09:39:46'),
(31,	5,	3,	'active',	72,	72,	'2024-06-14 09:39:46',	'2024-06-14 09:39:46'),
(32,	6,	3,	'active',	72,	72,	'2024-06-14 09:39:46',	'2024-06-14 09:39:46'),
(33,	7,	3,	'active',	72,	72,	'2024-06-14 09:39:46',	'2024-06-14 09:39:46'),
(34,	8,	3,	'active',	72,	72,	'2024-06-14 09:39:46',	'2024-06-14 09:39:46'),
(35,	9,	3,	'active',	72,	72,	'2024-06-14 09:39:46',	'2024-06-14 09:39:46'),
(36,	10,	3,	'active',	72,	72,	'2024-06-14 09:39:46',	'2024-06-14 09:39:46'),
(37,	11,	3,	'active',	72,	72,	'2024-06-14 09:39:46',	'2024-06-14 09:39:46'),
(38,	12,	3,	'active',	72,	72,	'2024-06-14 09:39:46',	'2024-06-14 09:39:46'),
(39,	13,	3,	'active',	72,	72,	'2024-06-14 09:39:46',	'2024-06-14 09:39:46'),
(40,	5,	5,	'active',	1,	1,	'2024-06-24 12:39:50',	'2024-06-24 12:39:50'),
(41,	8,	5,	'active',	1,	1,	'2024-06-24 12:39:50',	'2024-06-24 12:39:50');

DROP TABLE IF EXISTS `user_sports`;
CREATE TABLE `user_sports` (
  `id` bigint(20) unsigned NOT NULL AUTO_INCREMENT,
  `sport_id` bigint(20) unsigned DEFAULT NULL,
  `user_id` bigint(20) unsigned DEFAULT NULL,
  `status` enum('active','inactive','deleted') NOT NULL DEFAULT 'active',
  `created_by` bigint(20) unsigned DEFAULT NULL,
  `updated_by` bigint(20) unsigned DEFAULT NULL,
  `created_at` datetime DEFAULT NULL,
  `updated_at` datetime DEFAULT NULL,
  PRIMARY KEY (`id`)
) ENGINE=InnoDB AUTO_INCREMENT=197 DEFAULT CHARSET=utf8mb4 COLLATE=utf8mb4_general_ci;

INSERT INTO `user_sports` (`id`, `sport_id`, `user_id`, `status`, `created_by`, `updated_by`, `created_at`, `updated_at`) VALUES
(7,	32,	2,	'active',	2,	2,	'2024-05-27 12:30:45',	'2024-05-27 12:30:45'),
(8,	2,	2,	'active',	2,	2,	'2024-05-27 12:30:45',	'2024-05-27 12:30:45'),
(9,	16,	2,	'active',	2,	2,	'2024-05-27 12:30:45',	'2024-05-27 12:30:45'),
(53,	4,	75,	'active',	75,	75,	'2024-06-04 10:01:33',	'2024-06-04 10:01:33'),
(183,	2,	104,	'active',	104,	104,	'2024-06-25 12:47:30',	'2024-06-25 12:47:30'),
(190,	3,	71,	'active',	71,	71,	'2024-07-03 05:51:24',	'2024-07-03 05:51:24'),
(191,	4,	71,	'active',	71,	71,	'2024-07-03 05:51:24',	'2024-07-03 05:51:24'),
(192,	7,	71,	'active',	71,	71,	'2024-07-03 05:51:24',	'2024-07-03 05:51:24'),
(195,	2,	106,	'active',	72,	72,	'2024-07-04 09:49:57',	'2024-07-04 09:49:57'),
(196,	3,	106,	'active',	72,	72,	'2024-07-04 09:49:57',	'2024-07-04 09:49:57');

DROP TABLE IF EXISTS `user_subscriptions`;
CREATE TABLE `user_subscriptions` (
  `id` bigint(20) unsigned NOT NULL AUTO_INCREMENT,
  `plan_name` varchar(255) DEFAULT NULL,
  `plan_key` varchar(255) DEFAULT NULL,
  `cost_per_month` double(10,2) NOT NULL DEFAULT 0.00,
  `cost_per_year` decimal(10,2) NOT NULL DEFAULT 0.00,
  `description` text DEFAULT NULL,
  `visibility` enum('active','disabled') NOT NULL DEFAULT 'active',
  `is_free_plan` tinyint(4) NOT NULL DEFAULT 0,
  `free_trial_days` int(11) NOT NULL DEFAULT 0,
  `subscription_type` varchar(255) DEFAULT NULL,
  `is_amount_refunded` tinyint(4) NOT NULL DEFAULT 0,
  `refund_id` varchar(255) DEFAULT NULL,
  `refund_amount` decimal(10,2) NOT NULL DEFAULT 0.00,
  `refund_reason_type` varchar(255) DEFAULT NULL,
  `refund_reason` text DEFAULT NULL,
  `refund_status` varchar(255) DEFAULT NULL,
  `is_amount_refund` tinyint(4) NOT NULL DEFAULT 0,
  `stripe_invoice_id` varchar(255) DEFAULT NULL,
  `stripe_product_id` varchar(255) DEFAULT NULL,
  `stripe_monthly_price_id` varchar(255) DEFAULT NULL,
  `stripe_yearly_price_id` varchar(255) DEFAULT NULL,
  `stripe_status` varchar(255) DEFAULT NULL,
  `stripe_subscription_id` varchar(255) DEFAULT NULL,
  `subscription_date` datetime DEFAULT NULL,
  `is_subscribed` tinyint(4) NOT NULL DEFAULT 0,
  `status` enum('active','Inactive','deleted') NOT NULL DEFAULT 'active',
  `plan_id` bigint(20) unsigned DEFAULT NULL,
  `user_id` bigint(20) unsigned DEFAULT NULL,
  `created_by` bigint(20) unsigned DEFAULT NULL,
  `updated_by` bigint(20) unsigned DEFAULT NULL,
  `created_at` datetime NOT NULL,
  `updated_at` datetime NOT NULL,
  `refund_log` text DEFAULT NULL,
  PRIMARY KEY (`id`)
) ENGINE=InnoDB AUTO_INCREMENT=35 DEFAULT CHARSET=utf8mb4 COLLATE=utf8mb4_general_ci;

INSERT INTO `user_subscriptions` (`id`, `plan_name`, `plan_key`, `cost_per_month`, `cost_per_year`, `description`, `visibility`, `is_free_plan`, `free_trial_days`, `subscription_type`, `is_amount_refunded`, `refund_id`, `refund_amount`, `refund_reason_type`, `refund_reason`, `refund_status`, `is_amount_refund`, `stripe_invoice_id`, `stripe_product_id`, `stripe_monthly_price_id`, `stripe_yearly_price_id`, `stripe_status`, `stripe_subscription_id`, `subscription_date`, `is_subscribed`, `status`, `plan_id`, `user_id`, `created_by`, `updated_by`, `created_at`, `updated_at`, `refund_log`) VALUES
(1,	'Test - free - plan',	'free - basic - plan',	500.00,	500.00,	'test - free -plan description',	'active',	1,	60,	'free',	0,	NULL,	0.00,	NULL,	NULL,	NULL,	0,	NULL,	'prod_QBIP9EuPMjJsLj',	'price_1PKvoxHvhoh1Of67eoMgnd1Y',	'price_1PKvoyHvhoh1Of67457CsZxQ',	'complete',	NULL,	NULL,	1,	'active',	2,	71,	71,	71,	'2024-05-27 07:58:56',	'2024-05-27 07:58:56',	NULL),
(2,	'Test - free - plan',	'free - basic - plan',	500.00,	500.00,	'test - free -plan description',	'active',	1,	60,	'free',	0,	NULL,	0.00,	NULL,	NULL,	NULL,	0,	NULL,	'prod_QBIP9EuPMjJsLj',	'price_1PKvoxHvhoh1Of67eoMgnd1Y',	'price_1PKvoyHvhoh1Of67457CsZxQ',	'complete',	NULL,	NULL,	1,	'active',	2,	72,	72,	72,	'2024-05-27 10:32:02',	'2024-05-27 10:32:02',	NULL),
(3,	'Test - free - plan',	'free - basic - plan',	500.00,	500.00,	'test - free -plan description',	'active',	1,	60,	'free',	0,	NULL,	0.00,	NULL,	NULL,	NULL,	0,	NULL,	'prod_QBIP9EuPMjJsLj',	'price_1PKvoxHvhoh1Of67eoMgnd1Y',	'price_1PKvoyHvhoh1Of67457CsZxQ',	'complete',	NULL,	NULL,	1,	'active',	2,	74,	74,	74,	'2024-05-31 09:46:31',	'2024-05-31 09:46:31',	NULL),
(4,	'Test - free - plan',	'free - basic - plan',	500.00,	500.00,	'test - free -plan description',	'active',	1,	60,	'free',	0,	NULL,	0.00,	NULL,	NULL,	NULL,	0,	NULL,	'prod_QBIP9EuPMjJsLj',	'price_1PKvoxHvhoh1Of67eoMgnd1Y',	'price_1PKvoyHvhoh1Of67457CsZxQ',	'complete',	NULL,	NULL,	1,	'active',	2,	75,	75,	75,	'2024-06-04 08:27:25',	'2024-06-04 08:27:25',	NULL),
(5,	'Test - free - plan',	'free - basic - plan',	500.00,	500.00,	'test - free -plan description',	'active',	1,	60,	'free',	0,	NULL,	0.00,	NULL,	NULL,	NULL,	0,	NULL,	'prod_QBIP9EuPMjJsLj',	'price_1PKvoxHvhoh1Of67eoMgnd1Y',	'price_1PKvoyHvhoh1Of67457CsZxQ',	'complete',	NULL,	NULL,	1,	'active',	2,	76,	76,	76,	'2024-06-04 12:05:27',	'2024-06-04 12:05:27',	NULL),
(10,	'Test - free - plan',	'free - basic - plan',	500.00,	500.00,	'test - free -plan description',	'active',	1,	60,	'free',	0,	NULL,	0.00,	NULL,	NULL,	NULL,	0,	NULL,	'prod_QBIP9EuPMjJsLj',	'price_1PKvoxHvhoh1Of67eoMgnd1Y',	'price_1PKvoyHvhoh1Of67457CsZxQ',	'complete',	NULL,	NULL,	1,	'active',	2,	81,	81,	81,	'2024-06-05 09:44:41',	'2024-06-05 09:44:41',	NULL),
(15,	'Test - plan',	'basic-monthly',	500.00,	5000.00,	'Just for testing use...',	'active',	0,	60,	'monthly',	0,	NULL,	0.00,	NULL,	NULL,	NULL,	0,	NULL,	'prod_QBIMyjZDDDGYma',	'price_1PKvlyHvhoh1Of67wJdpXdVT',	'price_1PKvlyHvhoh1Of67GGmmTlya',	NULL,	NULL,	NULL,	0,	'active',	1,	86,	86,	86,	'2024-06-05 10:02:24',	'2024-06-05 10:02:24',	NULL),
(16,	'Test - plan',	'basic-monthly',	500.00,	5000.00,	'Just for testing use...',	'active',	0,	60,	'monthly',	0,	NULL,	0.00,	NULL,	NULL,	NULL,	0,	NULL,	'prod_QBIMyjZDDDGYma',	'price_1PKvlyHvhoh1Of67wJdpXdVT',	'price_1PKvlyHvhoh1Of67GGmmTlya',	NULL,	NULL,	NULL,	0,	'active',	1,	87,	87,	87,	'2024-06-05 10:08:43',	'2024-06-05 10:08:43',	NULL),
(17,	'Test - plan',	'basic-monthly',	500.00,	5000.00,	'Just for testing use...',	'active',	0,	60,	'monthly',	0,	NULL,	0.00,	NULL,	NULL,	NULL,	0,	'in_1POGzlHvhoh1Of67BPCMHddx',	'prod_QBIMyjZDDDGYma',	'price_1PKvlyHvhoh1Of67wJdpXdVT',	'price_1PKvlyHvhoh1Of67GGmmTlya',	'complete',	'sub_1POGzlHvhoh1Of67AwUVBFpt',	'2024-06-05 10:32:27',	1,	'active',	1,	88,	88,	88,	'2024-06-05 10:22:01',	'2024-06-05 10:32:27',	NULL),
(18,	'Test - plan',	'basic-monthly',	500.00,	5000.00,	'Just for testing use...',	'active',	0,	60,	'monthly',	0,	NULL,	0.00,	NULL,	NULL,	NULL,	0,	'in_1POH87Hvhoh1Of67hnASGE2x',	'prod_QBIMyjZDDDGYma',	'price_1PKvlyHvhoh1Of67wJdpXdVT',	'price_1PKvlyHvhoh1Of67GGmmTlya',	'complete',	'sub_1POH87Hvhoh1Of67iv67jsSt',	'2024-06-05 10:32:13',	1,	'active',	1,	89,	89,	89,	'2024-06-05 10:31:18',	'2024-06-05 10:32:13',	NULL),
(19,	'Test - free - plan',	'free - basic - plan',	500.00,	500.00,	'test - free -plan description',	'active',	1,	60,	'free',	0,	NULL,	0.00,	NULL,	NULL,	NULL,	0,	NULL,	'prod_QBIP9EuPMjJsLj',	'price_1PKvoxHvhoh1Of67eoMgnd1Y',	'price_1PKvoyHvhoh1Of67457CsZxQ',	'complete',	NULL,	NULL,	1,	'active',	2,	90,	90,	90,	'2024-06-06 07:18:08',	'2024-06-06 07:18:08',	NULL),
(29,	'Combo Plan',	'combo-plan',	500.00,	6000.00,	'Testing Plan',	'active',	0,	30,	'monthly',	0,	NULL,	0.00,	NULL,	NULL,	NULL,	0,	'in_1POdPvLaz1e579ovdDjVIIt0',	'prod_QF7ddE5InV1dvy',	'price_1POdOILaz1e579ovYvEL2NJa',	'price_1POdOILaz1e579ov2MT9kb67',	'complete',	'sub_1POdPvLaz1e579ovUf07x8xw',	'2024-06-06 10:19:40',	1,	'active',	3,	100,	100,	100,	'2024-06-06 10:18:50',	'2024-06-06 10:19:40',	NULL),
(30,	'Combo Plan',	'combo-plan',	500.00,	6000.00,	'Testing Plan',	'active',	0,	30,	'monthly',	0,	NULL,	0.00,	NULL,	NULL,	NULL,	0,	'in_1POe1bLaz1e579ov3vr1JXRz',	'prod_QF7ddE5InV1dvy',	'price_1POdOILaz1e579ovYvEL2NJa',	'price_1POdOILaz1e579ov2MT9kb67',	'complete',	'sub_1POe1bLaz1e579ovTUGagkQC',	'2024-06-06 10:58:36',	1,	'active',	3,	101,	101,	101,	'2024-06-06 10:57:59',	'2024-06-06 10:58:36',	NULL),
(31,	'Combo Plan',	'combo-plan',	500.00,	6000.00,	'Testing Plan',	'active',	0,	30,	'monthly',	0,	NULL,	0.00,	NULL,	NULL,	NULL,	0,	'in_1POe57Laz1e579ovoHHm4qHZ',	'prod_QF7ddE5InV1dvy',	'price_1POdOILaz1e579ovYvEL2NJa',	'price_1POdOILaz1e579ov2MT9kb67',	'complete',	'sub_1POe57Laz1e579ov2kAXoEFs',	'2024-06-06 11:02:14',	1,	'active',	3,	102,	102,	102,	'2024-06-06 11:00:15',	'2024-06-06 11:02:14',	NULL),
(32,	'Combo Plan',	'combo-plan',	500.00,	6000.00,	'Testing Plan',	'active',	0,	30,	'monthly',	0,	NULL,	0.00,	NULL,	NULL,	NULL,	0,	'in_1POe7oLaz1e579ovexxJNiJz',	'prod_QF7ddE5InV1dvy',	'price_1POdOILaz1e579ovYvEL2NJa',	'price_1POdOILaz1e579ov2MT9kb67',	'complete',	'sub_1POe7oLaz1e579ovtF3rvs4t',	'2024-06-06 11:05:02',	1,	'active',	3,	103,	103,	103,	'2024-06-06 11:01:05',	'2024-06-06 11:05:02',	NULL),
(33,	'Combo Plan',	'combo-plan',	500.00,	6000.00,	'Testing Plan',	'active',	0,	30,	'monthly',	0,	NULL,	0.00,	NULL,	NULL,	NULL,	0,	'in_1PTOg3Laz1e579ovCu3rUlPN',	'prod_QF7ddE5InV1dvy',	'price_1POdOILaz1e579ovYvEL2NJa',	'price_1POdOILaz1e579ov2MT9kb67',	'complete',	'sub_1PTOg3Laz1e579ovJC9xiiL3',	'2024-06-19 13:35:59',	1,	'active',	3,	104,	104,	104,	'2024-06-19 13:35:06',	'2024-06-19 13:36:00',	NULL),
(34,	'Combo Plan',	'combo-plan',	500.00,	6000.00,	'Testing Plan',	'active',	0,	30,	'monthly',	0,	NULL,	0.00,	NULL,	NULL,	NULL,	0,	'in_1PVvJJLaz1e579ovcBwfBbHu',	'prod_QF7ddE5InV1dvy',	'price_1POdOILaz1e579ovYvEL2NJa',	'price_1POdOILaz1e579ov2MT9kb67',	'complete',	'sub_1PVvJJLaz1e579ovpmRH0lcY',	'2024-06-26 12:50:58',	1,	'active',	3,	105,	105,	105,	'2024-06-26 12:50:36',	'2024-06-26 12:50:58',	NULL);

DROP TABLE IF EXISTS `user_subscription_logs`;
CREATE TABLE `user_subscription_logs` (
  `id` bigint(20) unsigned NOT NULL AUTO_INCREMENT,
  `user_subscription_id` bigint(20) unsigned DEFAULT NULL,
  `start_date` datetime DEFAULT NULL,
  `end_date` datetime DEFAULT NULL,
  `stripe_status` varchar(255) DEFAULT NULL,
  `api_log` text DEFAULT NULL,
  `status` enum('active','inactive','deleted') NOT NULL DEFAULT 'active',
  `created_at` datetime DEFAULT NULL,
  `updated_at` datetime DEFAULT NULL,
  PRIMARY KEY (`id`)
) ENGINE=InnoDB AUTO_INCREMENT=9 DEFAULT CHARSET=utf8mb4 COLLATE=utf8mb4_general_ci;

INSERT INTO `user_subscription_logs` (`id`, `user_subscription_id`, `start_date`, `end_date`, `stripe_status`, `api_log`, `status`, `created_at`, `updated_at`) VALUES
(1,	18,	'2024-06-05 10:32:13',	NULL,	'complete',	'a:8:{s:8:\"\0*\0_opts\";O:26:\"Stripe\\Util\\RequestOptions\":3:{s:7:\"headers\";a:0:{}s:6:\"apiKey\";s:107:\"sk_test_51Op5fyHvhoh1Of67rONefEys12CAhlQBeuKjgSMBSW2qnSAZFWO3CmNuSxKO1oahwRaIaAl4FjO9jSRzjwacKwjv00T6HhcEs3\";s:7:\"apiBase\";N;}s:18:\"\0*\0_originalValues\";a:51:{s:2:\"id\";s:66:\"cs_test_a1jU17tgsYYztBIAVh449s5crbpnBGkYMbLN4kfjN39wQGjXNCaC17fBYB\";s:6:\"object\";s:16:\"checkout.session\";s:16:\"after_expiration\";N;s:21:\"allow_promotion_codes\";N;s:15:\"amount_subtotal\";i:50000;s:12:\"amount_total\";i:50000;s:13:\"automatic_tax\";a:3:{s:7:\"enabled\";b:0;s:9:\"liability\";N;s:6:\"status\";N;}s:26:\"billing_address_collection\";N;s:10:\"cancel_url\";s:58:\"https://staging.turbochargedathletics.com//register-cancel\";s:19:\"client_reference_id\";N;s:13:\"client_secret\";N;s:7:\"consent\";N;s:18:\"consent_collection\";N;s:7:\"created\";i:1717583478;s:8:\"currency\";s:3:\"usd\";s:19:\"currency_conversion\";N;s:13:\"custom_fields\";a:0:{}s:11:\"custom_text\";a:4:{s:12:\"after_submit\";N;s:16:\"shipping_address\";N;s:6:\"submit\";N;s:27:\"terms_of_service_acceptance\";N;}s:8:\"customer\";s:18:\"cus_QEkdAGeKd6jxSs\";s:17:\"customer_creation\";s:6:\"always\";s:16:\"customer_details\";a:6:{s:7:\"address\";a:6:{s:4:\"city\";N;s:7:\"country\";s:2:\"IN\";s:5:\"line1\";N;s:5:\"line2\";N;s:11:\"postal_code\";N;s:5:\"state\";N;}s:5:\"email\";s:23:\"testuser@mailinator.com\";s:4:\"name\";s:4:\"test\";s:5:\"phone\";N;s:10:\"tax_exempt\";s:4:\"none\";s:7:\"tax_ids\";a:0:{}}s:14:\"customer_email\";s:23:\"testuser@mailinator.com\";s:10:\"expires_at\";i:1717669878;s:7:\"invoice\";s:27:\"in_1POH87Hvhoh1Of67hnASGE2x\";s:16:\"invoice_creation\";N;s:8:\"livemode\";b:0;s:6:\"locale\";N;s:8:\"metadata\";a:0:{}s:4:\"mode\";s:12:\"subscription\";s:14:\"payment_intent\";N;s:12:\"payment_link\";N;s:25:\"payment_method_collection\";s:6:\"always\";s:36:\"payment_method_configuration_details\";N;s:22:\"payment_method_options\";a:1:{s:4:\"card\";a:1:{s:22:\"request_three_d_secure\";s:9:\"automatic\";}}s:20:\"payment_method_types\";a:1:{i:0;s:4:\"card\";}s:14:\"payment_status\";s:4:\"paid\";s:23:\"phone_number_collection\";a:1:{s:7:\"enabled\";b:0;}s:14:\"recovered_from\";N;s:28:\"saved_payment_method_options\";a:3:{s:23:\"allow_redisplay_filters\";a:1:{i:0;s:6:\"always\";}s:21:\"payment_method_remove\";N;s:19:\"payment_method_save\";N;}s:12:\"setup_intent\";N;s:27:\"shipping_address_collection\";N;s:13:\"shipping_cost\";N;s:16:\"shipping_details\";N;s:16:\"shipping_options\";a:0:{}s:6:\"status\";s:8:\"complete\";s:11:\"submit_type\";N;s:12:\"subscription\";s:28:\"sub_1POH87Hvhoh1Of67iv67jsSt\";s:11:\"success_url\";s:111:\"https://staging.turbochargedathletics.com//register-success?session_id={CHECKOUT_SESSION_ID}&subscription_id=18\";s:13:\"total_details\";a:3:{s:15:\"amount_discount\";i:0;s:15:\"amount_shipping\";i:0;s:10:\"amount_tax\";i:0;}s:7:\"ui_mode\";s:6:\"hosted\";s:3:\"url\";N;}s:10:\"\0*\0_values\";a:51:{s:2:\"id\";s:66:\"cs_test_a1jU17tgsYYztBIAVh449s5crbpnBGkYMbLN4kfjN39wQGjXNCaC17fBYB\";s:6:\"object\";s:16:\"checkout.session\";s:16:\"after_expiration\";N;s:21:\"allow_promotion_codes\";N;s:15:\"amount_subtotal\";i:50000;s:12:\"amount_total\";i:50000;s:13:\"automatic_tax\";O:19:\"Stripe\\StripeObject\":7:{s:8:\"\0*\0_opts\";O:26:\"Stripe\\Util\\RequestOptions\":3:{s:7:\"headers\";a:0:{}s:6:\"apiKey\";s:107:\"sk_test_51Op5fyHvhoh1Of67rONefEys12CAhlQBeuKjgSMBSW2qnSAZFWO3CmNuSxKO1oahwRaIaAl4FjO9jSRzjwacKwjv00T6HhcEs3\";s:7:\"apiBase\";N;}s:18:\"\0*\0_originalValues\";a:3:{s:7:\"enabled\";b:0;s:9:\"liability\";N;s:6:\"status\";N;}s:10:\"\0*\0_values\";a:3:{s:7:\"enabled\";b:0;s:9:\"liability\";N;s:6:\"status\";N;}s:17:\"\0*\0_unsavedValues\";O:15:\"Stripe\\Util\\Set\":1:{s:22:\"\0Stripe\\Util\\Set\0_elts\";a:0:{}}s:19:\"\0*\0_transientValues\";O:15:\"Stripe\\Util\\Set\":1:{s:22:\"\0Stripe\\Util\\Set\0_elts\";a:0:{}}s:19:\"\0*\0_retrieveOptions\";a:0:{}s:16:\"\0*\0_lastResponse\";N;}s:26:\"billing_address_collection\";N;s:10:\"cancel_url\";s:58:\"https://staging.turbochargedathletics.com//register-cancel\";s:19:\"client_reference_id\";N;s:13:\"client_secret\";N;s:7:\"consent\";N;s:18:\"consent_collection\";N;s:7:\"created\";i:1717583478;s:8:\"currency\";s:3:\"usd\";s:19:\"currency_conversion\";N;s:13:\"custom_fields\";a:0:{}s:11:\"custom_text\";O:19:\"Stripe\\StripeObject\":7:{s:8:\"\0*\0_opts\";O:26:\"Stripe\\Util\\RequestOptions\":3:{s:7:\"headers\";a:0:{}s:6:\"apiKey\";s:107:\"sk_test_51Op5fyHvhoh1Of67rONefEys12CAhlQBeuKjgSMBSW2qnSAZFWO3CmNuSxKO1oahwRaIaAl4FjO9jSRzjwacKwjv00T6HhcEs3\";s:7:\"apiBase\";N;}s:18:\"\0*\0_originalValues\";a:4:{s:12:\"after_submit\";N;s:16:\"shipping_address\";N;s:6:\"submit\";N;s:27:\"terms_of_service_acceptance\";N;}s:10:\"\0*\0_values\";a:4:{s:12:\"after_submit\";N;s:16:\"shipping_address\";N;s:6:\"submit\";N;s:27:\"terms_of_service_acceptance\";N;}s:17:\"\0*\0_unsavedValues\";O:15:\"Stripe\\Util\\Set\":1:{s:22:\"\0Stripe\\Util\\Set\0_elts\";a:0:{}}s:19:\"\0*\0_transientValues\";O:15:\"Stripe\\Util\\Set\":1:{s:22:\"\0Stripe\\Util\\Set\0_elts\";a:0:{}}s:19:\"\0*\0_retrieveOptions\";a:0:{}s:16:\"\0*\0_lastResponse\";N;}s:8:\"customer\";s:18:\"cus_QEkdAGeKd6jxSs\";s:17:\"customer_creation\";s:6:\"always\";s:16:\"customer_details\";O:19:\"Stripe\\StripeObject\":7:{s:8:\"\0*\0_opts\";O:26:\"Stripe\\Util\\RequestOptions\":3:{s:7:\"headers\";a:0:{}s:6:\"apiKey\";s:107:\"sk_test_51Op5fyHvhoh1Of67rONefEys12CAhlQBeuKjgSMBSW2qnSAZFWO3CmNuSxKO1oahwRaIaAl4FjO9jSRzjwacKwjv00T6HhcEs3\";s:7:\"apiBase\";N;}s:18:\"\0*\0_originalValues\";a:6:{s:7:\"address\";a:6:{s:4:\"city\";N;s:7:\"country\";s:2:\"IN\";s:5:\"line1\";N;s:5:\"line2\";N;s:11:\"postal_code\";N;s:5:\"state\";N;}s:5:\"email\";s:23:\"testuser@mailinator.com\";s:4:\"name\";s:4:\"test\";s:5:\"phone\";N;s:10:\"tax_exempt\";s:4:\"none\";s:7:\"tax_ids\";a:0:{}}s:10:\"\0*\0_values\";a:6:{s:7:\"address\";O:19:\"Stripe\\StripeObject\":7:{s:8:\"\0*\0_opts\";O:26:\"Stripe\\Util\\RequestOptions\":3:{s:7:\"headers\";a:0:{}s:6:\"apiKey\";s:107:\"sk_test_51Op5fyHvhoh1Of67rONefEys12CAhlQBeuKjgSMBSW2qnSAZFWO3CmNuSxKO1oahwRaIaAl4FjO9jSRzjwacKwjv00T6HhcEs3\";s:7:\"apiBase\";N;}s:18:\"\0*\0_originalValues\";a:6:{s:4:\"city\";N;s:7:\"country\";s:2:\"IN\";s:5:\"line1\";N;s:5:\"line2\";N;s:11:\"postal_code\";N;s:5:\"state\";N;}s:10:\"\0*\0_values\";a:6:{s:4:\"city\";N;s:7:\"country\";s:2:\"IN\";s:5:\"line1\";N;s:5:\"line2\";N;s:11:\"postal_code\";N;s:5:\"state\";N;}s:17:\"\0*\0_unsavedValues\";O:15:\"Stripe\\Util\\Set\":1:{s:22:\"\0Stripe\\Util\\Set\0_elts\";a:0:{}}s:19:\"\0*\0_transientValues\";O:15:\"Stripe\\Util\\Set\":1:{s:22:\"\0Stripe\\Util\\Set\0_elts\";a:0:{}}s:19:\"\0*\0_retrieveOptions\";a:0:{}s:16:\"\0*\0_lastResponse\";N;}s:5:\"email\";s:23:\"testuser@mailinator.com\";s:4:\"name\";s:4:\"test\";s:5:\"phone\";N;s:10:\"tax_exempt\";s:4:\"none\";s:7:\"tax_ids\";a:0:{}}s:17:\"\0*\0_unsavedValues\";O:15:\"Stripe\\Util\\Set\":1:{s:22:\"\0Stripe\\Util\\Set\0_elts\";a:0:{}}s:19:\"\0*\0_transientValues\";O:15:\"Stripe\\Util\\Set\":1:{s:22:\"\0Stripe\\Util\\Set\0_elts\";a:0:{}}s:19:\"\0*\0_retrieveOptions\";a:0:{}s:16:\"\0*\0_lastResponse\";N;}s:14:\"customer_email\";s:23:\"testuser@mailinator.com\";s:10:\"expires_at\";i:1717669878;s:7:\"invoice\";s:27:\"in_1POH87Hvhoh1Of67hnASGE2x\";s:16:\"invoice_creation\";N;s:8:\"livemode\";b:0;s:6:\"locale\";N;s:8:\"metadata\";O:19:\"Stripe\\StripeObject\":7:{s:8:\"\0*\0_opts\";O:26:\"Stripe\\Util\\RequestOptions\":3:{s:7:\"headers\";a:0:{}s:6:\"apiKey\";s:107:\"sk_test_51Op5fyHvhoh1Of67rONefEys12CAhlQBeuKjgSMBSW2qnSAZFWO3CmNuSxKO1oahwRaIaAl4FjO9jSRzjwacKwjv00T6HhcEs3\";s:7:\"apiBase\";N;}s:18:\"\0*\0_originalValues\";a:0:{}s:10:\"\0*\0_values\";a:0:{}s:17:\"\0*\0_unsavedValues\";O:15:\"Stripe\\Util\\Set\":1:{s:22:\"\0Stripe\\Util\\Set\0_elts\";a:0:{}}s:19:\"\0*\0_transientValues\";O:15:\"Stripe\\Util\\Set\":1:{s:22:\"\0Stripe\\Util\\Set\0_elts\";a:0:{}}s:19:\"\0*\0_retrieveOptions\";a:0:{}s:16:\"\0*\0_lastResponse\";N;}s:4:\"mode\";s:12:\"subscription\";s:14:\"payment_intent\";N;s:12:\"payment_link\";N;s:25:\"payment_method_collection\";s:6:\"always\";s:36:\"payment_method_configuration_details\";N;s:22:\"payment_method_options\";O:19:\"Stripe\\StripeObject\":7:{s:8:\"\0*\0_opts\";O:26:\"Stripe\\Util\\RequestOptions\":3:{s:7:\"headers\";a:0:{}s:6:\"apiKey\";s:107:\"sk_test_51Op5fyHvhoh1Of67rONefEys12CAhlQBeuKjgSMBSW2qnSAZFWO3CmNuSxKO1oahwRaIaAl4FjO9jSRzjwacKwjv00T6HhcEs3\";s:7:\"apiBase\";N;}s:18:\"\0*\0_originalValues\";a:1:{s:4:\"card\";a:1:{s:22:\"request_three_d_secure\";s:9:\"automatic\";}}s:10:\"\0*\0_values\";a:1:{s:4:\"card\";O:19:\"Stripe\\StripeObject\":7:{s:8:\"\0*\0_opts\";O:26:\"Stripe\\Util\\RequestOptions\":3:{s:7:\"headers\";a:0:{}s:6:\"apiKey\";s:107:\"sk_test_51Op5fyHvhoh1Of67rONefEys12CAhlQBeuKjgSMBSW2qnSAZFWO3CmNuSxKO1oahwRaIaAl4FjO9jSRzjwacKwjv00T6HhcEs3\";s:7:\"apiBase\";N;}s:18:\"\0*\0_originalValues\";a:1:{s:22:\"request_three_d_secure\";s:9:\"automatic\";}s:10:\"\0*\0_values\";a:1:{s:22:\"request_three_d_secure\";s:9:\"automatic\";}s:17:\"\0*\0_unsavedValues\";O:15:\"Stripe\\Util\\Set\":1:{s:22:\"\0Stripe\\Util\\Set\0_elts\";a:0:{}}s:19:\"\0*\0_transientValues\";O:15:\"Stripe\\Util\\Set\":1:{s:22:\"\0Stripe\\Util\\Set\0_elts\";a:0:{}}s:19:\"\0*\0_retrieveOptions\";a:0:{}s:16:\"\0*\0_lastResponse\";N;}}s:17:\"\0*\0_unsavedValues\";O:15:\"Stripe\\Util\\Set\":1:{s:22:\"\0Stripe\\Util\\Set\0_elts\";a:0:{}}s:19:\"\0*\0_transientValues\";O:15:\"Stripe\\Util\\Set\":1:{s:22:\"\0Stripe\\Util\\Set\0_elts\";a:0:{}}s:19:\"\0*\0_retrieveOptions\";a:0:{}s:16:\"\0*\0_lastResponse\";N;}s:20:\"payment_method_types\";a:1:{i:0;s:4:\"card\";}s:14:\"payment_status\";s:4:\"paid\";s:23:\"phone_number_collection\";O:19:\"Stripe\\StripeObject\":7:{s:8:\"\0*\0_opts\";O:26:\"Stripe\\Util\\RequestOptions\":3:{s:7:\"headers\";a:0:{}s:6:\"apiKey\";s:107:\"sk_test_51Op5fyHvhoh1Of67rONefEys12CAhlQBeuKjgSMBSW2qnSAZFWO3CmNuSxKO1oahwRaIaAl4FjO9jSRzjwacKwjv00T6HhcEs3\";s:7:\"apiBase\";N;}s:18:\"\0*\0_originalValues\";a:1:{s:7:\"enabled\";b:0;}s:10:\"\0*\0_values\";a:1:{s:7:\"enabled\";b:0;}s:17:\"\0*\0_unsavedValues\";O:15:\"Stripe\\Util\\Set\":1:{s:22:\"\0Stripe\\Util\\Set\0_elts\";a:0:{}}s:19:\"\0*\0_transientValues\";O:15:\"Stripe\\Util\\Set\":1:{s:22:\"\0Stripe\\Util\\Set\0_elts\";a:0:{}}s:19:\"\0*\0_retrieveOptions\";a:0:{}s:16:\"\0*\0_lastResponse\";N;}s:14:\"recovered_from\";N;s:28:\"saved_payment_method_options\";O:19:\"Stripe\\StripeObject\":7:{s:8:\"\0*\0_opts\";O:26:\"Stripe\\Util\\RequestOptions\":3:{s:7:\"headers\";a:0:{}s:6:\"apiKey\";s:107:\"sk_test_51Op5fyHvhoh1Of67rONefEys12CAhlQBeuKjgSMBSW2qnSAZFWO3CmNuSxKO1oahwRaIaAl4FjO9jSRzjwacKwjv00T6HhcEs3\";s:7:\"apiBase\";N;}s:18:\"\0*\0_originalValues\";a:3:{s:23:\"allow_redisplay_filters\";a:1:{i:0;s:6:\"always\";}s:21:\"payment_method_remove\";N;s:19:\"payment_method_save\";N;}s:10:\"\0*\0_values\";a:3:{s:23:\"allow_redisplay_filters\";a:1:{i:0;s:6:\"always\";}s:21:\"payment_method_remove\";N;s:19:\"payment_method_save\";N;}s:17:\"\0*\0_unsavedValues\";O:15:\"Stripe\\Util\\Set\":1:{s:22:\"\0Stripe\\Util\\Set\0_elts\";a:0:{}}s:19:\"\0*\0_transientValues\";O:15:\"Stripe\\Util\\Set\":1:{s:22:\"\0Stripe\\Util\\Set\0_elts\";a:0:{}}s:19:\"\0*\0_retrieveOptions\";a:0:{}s:16:\"\0*\0_lastResponse\";N;}s:12:\"setup_intent\";N;s:27:\"shipping_address_collection\";N;s:13:\"shipping_cost\";N;s:16:\"shipping_details\";N;s:16:\"shipping_options\";a:0:{}s:6:\"status\";s:8:\"complete\";s:11:\"submit_type\";N;s:12:\"subscription\";s:28:\"sub_1POH87Hvhoh1Of67iv67jsSt\";s:11:\"success_url\";s:111:\"https://staging.turbochargedathletics.com//register-success?session_id={CHECKOUT_SESSION_ID}&subscription_id=18\";s:13:\"total_details\";O:19:\"Stripe\\StripeObject\":7:{s:8:\"\0*\0_opts\";O:26:\"Stripe\\Util\\RequestOptions\":3:{s:7:\"headers\";a:0:{}s:6:\"apiKey\";s:107:\"sk_test_51Op5fyHvhoh1Of67rONefEys12CAhlQBeuKjgSMBSW2qnSAZFWO3CmNuSxKO1oahwRaIaAl4FjO9jSRzjwacKwjv00T6HhcEs3\";s:7:\"apiBase\";N;}s:18:\"\0*\0_originalValues\";a:3:{s:15:\"amount_discount\";i:0;s:15:\"amount_shipping\";i:0;s:10:\"amount_tax\";i:0;}s:10:\"\0*\0_values\";a:3:{s:15:\"amount_discount\";i:0;s:15:\"amount_shipping\";i:0;s:10:\"amount_tax\";i:0;}s:17:\"\0*\0_unsavedValues\";O:15:\"Stripe\\Util\\Set\":1:{s:22:\"\0Stripe\\Util\\Set\0_elts\";a:0:{}}s:19:\"\0*\0_transientValues\";O:15:\"Stripe\\Util\\Set\":1:{s:22:\"\0Stripe\\Util\\Set\0_elts\";a:0:{}}s:19:\"\0*\0_retrieveOptions\";a:0:{}s:16:\"\0*\0_lastResponse\";N;}s:7:\"ui_mode\";s:6:\"hosted\";s:3:\"url\";N;}s:17:\"\0*\0_unsavedValues\";O:15:\"Stripe\\Util\\Set\":1:{s:22:\"\0Stripe\\Util\\Set\0_elts\";a:0:{}}s:19:\"\0*\0_transientValues\";O:15:\"Stripe\\Util\\Set\":1:{s:22:\"\0Stripe\\Util\\Set\0_elts\";a:0:{}}s:19:\"\0*\0_retrieveOptions\";a:0:{}s:16:\"\0*\0_lastResponse\";O:18:\"Stripe\\ApiResponse\":4:{s:7:\"headers\";O:32:\"Stripe\\Util\\CaseInsensitiveArray\":1:{s:43:\"\0Stripe\\Util\\CaseInsensitiveArray\0container\";a:20:{s:6:\"server\";s:5:\"nginx\";s:4:\"date\";s:29:\"Wed, 05 Jun 2024 10:32:13 GMT\";s:12:\"content-type\";s:16:\"application/json\";s:14:\"content-length\";s:4:\"2447\";s:32:\"access-control-allow-credentials\";s:4:\"true\";s:28:\"access-control-allow-methods\";s:30:\"GET,HEAD,PUT,PATCH,POST,DELETE\";s:27:\"access-control-allow-origin\";s:1:\"*\";s:29:\"access-control-expose-headers\";s:125:\"Request-Id, Stripe-Manage-Version, Stripe-Should-Retry, X-Stripe-External-Auth-Required, X-Stripe-Privileged-Session-Required\";s:22:\"access-control-max-age\";s:3:\"300\";s:13:\"cache-control\";s:18:\"no-cache, no-store\";s:23:\"content-security-policy\";s:257:\"report-uri https://q.stripe.com/csp-report?p=v1%2Fcheckout%2Fsessions%2F%3Asession; block-all-mixed-content; default-src \'none\'; base-uri \'none\'; form-action \'none\'; frame-ancestors \'none\'; img-src \'self\'; script-src \'self\' \'report-sample\'; style-src \'self\'\";s:38:\"cross-origin-opener-policy-report-only\";s:29:\"same-origin; report-to=\"coop\"\";s:9:\"report-to\";s:130:\"{\"group\":\"coop\",\"max_age\":8640,\"endpoints\":[{\"url\":\"https://q.stripe.com/coop-report?s=mono-bapi-srv\"}],\"include_subdomains\":true}\";s:19:\"reporting-endpoints\";s:55:\"coop=\"https://q.stripe.com/coop-report?s=mono-bapi-srv\"\";s:10:\"request-id\";s:18:\"req_2WFmD3i6Ap0hLP\";s:14:\"stripe-version\";s:10:\"2023-10-16\";s:4:\"vary\";s:6:\"Origin\";s:22:\"x-content-type-options\";s:7:\"nosniff\";s:38:\"x-stripe-routing-context-priority-tier\";s:12:\"api-testmode\";s:25:\"strict-transport-security\";s:44:\"max-age=63072000; includeSubDomains; preload\";}}s:4:\"body\";s:2447:\"{\n  \"id\": \"cs_test_a1jU17tgsYYztBIAVh449s5crbpnBGkYMbLN4kfjN39wQGjXNCaC17fBYB\",\n  \"object\": \"checkout.session\",\n  \"after_expiration\": null,\n  \"allow_promotion_codes\": null,\n  \"amount_subtotal\": 50000,\n  \"amount_total\": 50000,\n  \"automatic_tax\": {\n    \"enabled\": false,\n    \"liability\": null,\n    \"status\": null\n  },\n  \"billing_address_collection\": null,\n  \"cancel_url\": \"https://staging.turbochargedathletics.com//register-cancel\",\n  \"client_reference_id\": null,\n  \"client_secret\": null,\n  \"consent\": null,\n  \"consent_collection\": null,\n  \"created\": 1717583478,\n  \"currency\": \"usd\",\n  \"currency_conversion\": null,\n  \"custom_fields\": [],\n  \"custom_text\": {\n    \"after_submit\": null,\n    \"shipping_address\": null,\n    \"submit\": null,\n    \"terms_of_service_acceptance\": null\n  },\n  \"customer\": \"cus_QEkdAGeKd6jxSs\",\n  \"customer_creation\": \"always\",\n  \"customer_details\": {\n    \"address\": {\n      \"city\": null,\n      \"country\": \"IN\",\n      \"line1\": null,\n      \"line2\": null,\n      \"postal_code\": null,\n      \"state\": null\n    },\n    \"email\": \"testuser@mailinator.com\",\n    \"name\": \"test\",\n    \"phone\": null,\n    \"tax_exempt\": \"none\",\n    \"tax_ids\": []\n  },\n  \"customer_email\": \"testuser@mailinator.com\",\n  \"expires_at\": 1717669878,\n  \"invoice\": \"in_1POH87Hvhoh1Of67hnASGE2x\",\n  \"invoice_creation\": null,\n  \"livemode\": false,\n  \"locale\": null,\n  \"metadata\": {},\n  \"mode\": \"subscription\",\n  \"payment_intent\": null,\n  \"payment_link\": null,\n  \"payment_method_collection\": \"always\",\n  \"payment_method_configuration_details\": null,\n  \"payment_method_options\": {\n    \"card\": {\n      \"request_three_d_secure\": \"automatic\"\n    }\n  },\n  \"payment_method_types\": [\n    \"card\"\n  ],\n  \"payment_status\": \"paid\",\n  \"phone_number_collection\": {\n    \"enabled\": false\n  },\n  \"recovered_from\": null,\n  \"saved_payment_method_options\": {\n    \"allow_redisplay_filters\": [\n      \"always\"\n    ],\n    \"payment_method_remove\": null,\n    \"payment_method_save\": null\n  },\n  \"setup_intent\": null,\n  \"shipping_address_collection\": null,\n  \"shipping_cost\": null,\n  \"shipping_details\": null,\n  \"shipping_options\": [],\n  \"status\": \"complete\",\n  \"submit_type\": null,\n  \"subscription\": \"sub_1POH87Hvhoh1Of67iv67jsSt\",\n  \"success_url\": \"https://staging.turbochargedathletics.com//register-success?session_id={CHECKOUT_SESSION_ID}&subscription_id=18\",\n  \"total_details\": {\n    \"amount_discount\": 0,\n    \"amount_shipping\": 0,\n    \"amount_tax\": 0\n  },\n  \"ui_mode\": \"hosted\",\n  \"url\": null\n}\";s:4:\"json\";a:51:{s:2:\"id\";s:66:\"cs_test_a1jU17tgsYYztBIAVh449s5crbpnBGkYMbLN4kfjN39wQGjXNCaC17fBYB\";s:6:\"object\";s:16:\"checkout.session\";s:16:\"after_expiration\";N;s:21:\"allow_promotion_codes\";N;s:15:\"amount_subtotal\";i:50000;s:12:\"amount_total\";i:50000;s:13:\"automatic_tax\";a:3:{s:7:\"enabled\";b:0;s:9:\"liability\";N;s:6:\"status\";N;}s:26:\"billing_address_collection\";N;s:10:\"cancel_url\";s:58:\"https://staging.turbochargedathletics.com//register-cancel\";s:19:\"client_reference_id\";N;s:13:\"client_secret\";N;s:7:\"consent\";N;s:18:\"consent_collection\";N;s:7:\"created\";i:1717583478;s:8:\"currency\";s:3:\"usd\";s:19:\"currency_conversion\";N;s:13:\"custom_fields\";a:0:{}s:11:\"custom_text\";a:4:{s:12:\"after_submit\";N;s:16:\"shipping_address\";N;s:6:\"submit\";N;s:27:\"terms_of_service_acceptance\";N;}s:8:\"customer\";s:18:\"cus_QEkdAGeKd6jxSs\";s:17:\"customer_creation\";s:6:\"always\";s:16:\"customer_details\";a:6:{s:7:\"address\";a:6:{s:4:\"city\";N;s:7:\"country\";s:2:\"IN\";s:5:\"line1\";N;s:5:\"line2\";N;s:11:\"postal_code\";N;s:5:\"state\";N;}s:5:\"email\";s:23:\"testuser@mailinator.com\";s:4:\"name\";s:4:\"test\";s:5:\"phone\";N;s:10:\"tax_exempt\";s:4:\"none\";s:7:\"tax_ids\";a:0:{}}s:14:\"customer_email\";s:23:\"testuser@mailinator.com\";s:10:\"expires_at\";i:1717669878;s:7:\"invoice\";s:27:\"in_1POH87Hvhoh1Of67hnASGE2x\";s:16:\"invoice_creation\";N;s:8:\"livemode\";b:0;s:6:\"locale\";N;s:8:\"metadata\";a:0:{}s:4:\"mode\";s:12:\"subscription\";s:14:\"payment_intent\";N;s:12:\"payment_link\";N;s:25:\"payment_method_collection\";s:6:\"always\";s:36:\"payment_method_configuration_details\";N;s:22:\"payment_method_options\";a:1:{s:4:\"card\";a:1:{s:22:\"request_three_d_secure\";s:9:\"automatic\";}}s:20:\"payment_method_types\";a:1:{i:0;s:4:\"card\";}s:14:\"payment_status\";s:4:\"paid\";s:23:\"phone_number_collection\";a:1:{s:7:\"enabled\";b:0;}s:14:\"recovered_from\";N;s:28:\"saved_payment_method_options\";a:3:{s:23:\"allow_redisplay_filters\";a:1:{i:0;s:6:\"always\";}s:21:\"payment_method_remove\";N;s:19:\"payment_method_save\";N;}s:12:\"setup_intent\";N;s:27:\"shipping_address_collection\";N;s:13:\"shipping_cost\";N;s:16:\"shipping_details\";N;s:16:\"shipping_options\";a:0:{}s:6:\"status\";s:8:\"complete\";s:11:\"submit_type\";N;s:12:\"subscription\";s:28:\"sub_1POH87Hvhoh1Of67iv67jsSt\";s:11:\"success_url\";s:111:\"https://staging.turbochargedathletics.com//register-success?session_id={CHECKOUT_SESSION_ID}&subscription_id=18\";s:13:\"total_details\";a:3:{s:15:\"amount_discount\";i:0;s:15:\"amount_shipping\";i:0;s:10:\"amount_tax\";i:0;}s:7:\"ui_mode\";s:6:\"hosted\";s:3:\"url\";N;}s:4:\"code\";i:200;}s:14:\"saveWithParent\";b:0;}',	'active',	'2024-06-05 10:32:13',	'2024-06-05 10:32:13'),
(2,	17,	'2024-06-05 10:32:27',	NULL,	'complete',	'a:8:{s:8:\"\0*\0_opts\";O:26:\"Stripe\\Util\\RequestOptions\":3:{s:7:\"headers\";a:0:{}s:6:\"apiKey\";s:107:\"sk_test_51Op5fyHvhoh1Of67rONefEys12CAhlQBeuKjgSMBSW2qnSAZFWO3CmNuSxKO1oahwRaIaAl4FjO9jSRzjwacKwjv00T6HhcEs3\";s:7:\"apiBase\";N;}s:18:\"\0*\0_originalValues\";a:51:{s:2:\"id\";s:66:\"cs_test_a1ApyQVSNdeWYzphelkyWYYPGcsQHnNlLX8eeVyLUUnOlMJBFq8Z3NALRq\";s:6:\"object\";s:16:\"checkout.session\";s:16:\"after_expiration\";N;s:21:\"allow_promotion_codes\";N;s:15:\"amount_subtotal\";i:50000;s:12:\"amount_total\";i:50000;s:13:\"automatic_tax\";a:3:{s:7:\"enabled\";b:0;s:9:\"liability\";N;s:6:\"status\";N;}s:26:\"billing_address_collection\";N;s:10:\"cancel_url\";s:58:\"https://staging.turbochargedathletics.com//register-cancel\";s:19:\"client_reference_id\";N;s:13:\"client_secret\";N;s:7:\"consent\";N;s:18:\"consent_collection\";N;s:7:\"created\";i:1717582921;s:8:\"currency\";s:3:\"usd\";s:19:\"currency_conversion\";N;s:13:\"custom_fields\";a:0:{}s:11:\"custom_text\";a:4:{s:12:\"after_submit\";N;s:16:\"shipping_address\";N;s:6:\"submit\";N;s:27:\"terms_of_service_acceptance\";N;}s:8:\"customer\";s:18:\"cus_QEkUQlgT7mNIiz\";s:17:\"customer_creation\";s:6:\"always\";s:16:\"customer_details\";a:6:{s:7:\"address\";a:6:{s:4:\"city\";N;s:7:\"country\";s:2:\"IN\";s:5:\"line1\";N;s:5:\"line2\";N;s:11:\"postal_code\";N;s:5:\"state\";N;}s:5:\"email\";s:19:\"shem@mailinator.com\";s:4:\"name\";s:12:\"Savan Kushwh\";s:5:\"phone\";N;s:10:\"tax_exempt\";s:4:\"none\";s:7:\"tax_ids\";a:0:{}}s:14:\"customer_email\";s:19:\"shem@mailinator.com\";s:10:\"expires_at\";i:1717669321;s:7:\"invoice\";s:27:\"in_1POGzlHvhoh1Of67BPCMHddx\";s:16:\"invoice_creation\";N;s:8:\"livemode\";b:0;s:6:\"locale\";N;s:8:\"metadata\";a:0:{}s:4:\"mode\";s:12:\"subscription\";s:14:\"payment_intent\";N;s:12:\"payment_link\";N;s:25:\"payment_method_collection\";s:6:\"always\";s:36:\"payment_method_configuration_details\";N;s:22:\"payment_method_options\";a:1:{s:4:\"card\";a:1:{s:22:\"request_three_d_secure\";s:9:\"automatic\";}}s:20:\"payment_method_types\";a:1:{i:0;s:4:\"card\";}s:14:\"payment_status\";s:4:\"paid\";s:23:\"phone_number_collection\";a:1:{s:7:\"enabled\";b:0;}s:14:\"recovered_from\";N;s:28:\"saved_payment_method_options\";a:3:{s:23:\"allow_redisplay_filters\";a:1:{i:0;s:6:\"always\";}s:21:\"payment_method_remove\";N;s:19:\"payment_method_save\";N;}s:12:\"setup_intent\";N;s:27:\"shipping_address_collection\";N;s:13:\"shipping_cost\";N;s:16:\"shipping_details\";N;s:16:\"shipping_options\";a:0:{}s:6:\"status\";s:8:\"complete\";s:11:\"submit_type\";N;s:12:\"subscription\";s:28:\"sub_1POGzlHvhoh1Of67AwUVBFpt\";s:11:\"success_url\";s:111:\"https://staging.turbochargedathletics.com//register-success?session_id={CHECKOUT_SESSION_ID}&subscription_id=17\";s:13:\"total_details\";a:3:{s:15:\"amount_discount\";i:0;s:15:\"amount_shipping\";i:0;s:10:\"amount_tax\";i:0;}s:7:\"ui_mode\";s:6:\"hosted\";s:3:\"url\";N;}s:10:\"\0*\0_values\";a:51:{s:2:\"id\";s:66:\"cs_test_a1ApyQVSNdeWYzphelkyWYYPGcsQHnNlLX8eeVyLUUnOlMJBFq8Z3NALRq\";s:6:\"object\";s:16:\"checkout.session\";s:16:\"after_expiration\";N;s:21:\"allow_promotion_codes\";N;s:15:\"amount_subtotal\";i:50000;s:12:\"amount_total\";i:50000;s:13:\"automatic_tax\";O:19:\"Stripe\\StripeObject\":7:{s:8:\"\0*\0_opts\";O:26:\"Stripe\\Util\\RequestOptions\":3:{s:7:\"headers\";a:0:{}s:6:\"apiKey\";s:107:\"sk_test_51Op5fyHvhoh1Of67rONefEys12CAhlQBeuKjgSMBSW2qnSAZFWO3CmNuSxKO1oahwRaIaAl4FjO9jSRzjwacKwjv00T6HhcEs3\";s:7:\"apiBase\";N;}s:18:\"\0*\0_originalValues\";a:3:{s:7:\"enabled\";b:0;s:9:\"liability\";N;s:6:\"status\";N;}s:10:\"\0*\0_values\";a:3:{s:7:\"enabled\";b:0;s:9:\"liability\";N;s:6:\"status\";N;}s:17:\"\0*\0_unsavedValues\";O:15:\"Stripe\\Util\\Set\":1:{s:22:\"\0Stripe\\Util\\Set\0_elts\";a:0:{}}s:19:\"\0*\0_transientValues\";O:15:\"Stripe\\Util\\Set\":1:{s:22:\"\0Stripe\\Util\\Set\0_elts\";a:0:{}}s:19:\"\0*\0_retrieveOptions\";a:0:{}s:16:\"\0*\0_lastResponse\";N;}s:26:\"billing_address_collection\";N;s:10:\"cancel_url\";s:58:\"https://staging.turbochargedathletics.com//register-cancel\";s:19:\"client_reference_id\";N;s:13:\"client_secret\";N;s:7:\"consent\";N;s:18:\"consent_collection\";N;s:7:\"created\";i:1717582921;s:8:\"currency\";s:3:\"usd\";s:19:\"currency_conversion\";N;s:13:\"custom_fields\";a:0:{}s:11:\"custom_text\";O:19:\"Stripe\\StripeObject\":7:{s:8:\"\0*\0_opts\";O:26:\"Stripe\\Util\\RequestOptions\":3:{s:7:\"headers\";a:0:{}s:6:\"apiKey\";s:107:\"sk_test_51Op5fyHvhoh1Of67rONefEys12CAhlQBeuKjgSMBSW2qnSAZFWO3CmNuSxKO1oahwRaIaAl4FjO9jSRzjwacKwjv00T6HhcEs3\";s:7:\"apiBase\";N;}s:18:\"\0*\0_originalValues\";a:4:{s:12:\"after_submit\";N;s:16:\"shipping_address\";N;s:6:\"submit\";N;s:27:\"terms_of_service_acceptance\";N;}s:10:\"\0*\0_values\";a:4:{s:12:\"after_submit\";N;s:16:\"shipping_address\";N;s:6:\"submit\";N;s:27:\"terms_of_service_acceptance\";N;}s:17:\"\0*\0_unsavedValues\";O:15:\"Stripe\\Util\\Set\":1:{s:22:\"\0Stripe\\Util\\Set\0_elts\";a:0:{}}s:19:\"\0*\0_transientValues\";O:15:\"Stripe\\Util\\Set\":1:{s:22:\"\0Stripe\\Util\\Set\0_elts\";a:0:{}}s:19:\"\0*\0_retrieveOptions\";a:0:{}s:16:\"\0*\0_lastResponse\";N;}s:8:\"customer\";s:18:\"cus_QEkUQlgT7mNIiz\";s:17:\"customer_creation\";s:6:\"always\";s:16:\"customer_details\";O:19:\"Stripe\\StripeObject\":7:{s:8:\"\0*\0_opts\";O:26:\"Stripe\\Util\\RequestOptions\":3:{s:7:\"headers\";a:0:{}s:6:\"apiKey\";s:107:\"sk_test_51Op5fyHvhoh1Of67rONefEys12CAhlQBeuKjgSMBSW2qnSAZFWO3CmNuSxKO1oahwRaIaAl4FjO9jSRzjwacKwjv00T6HhcEs3\";s:7:\"apiBase\";N;}s:18:\"\0*\0_originalValues\";a:6:{s:7:\"address\";a:6:{s:4:\"city\";N;s:7:\"country\";s:2:\"IN\";s:5:\"line1\";N;s:5:\"line2\";N;s:11:\"postal_code\";N;s:5:\"state\";N;}s:5:\"email\";s:19:\"shem@mailinator.com\";s:4:\"name\";s:12:\"Savan Kushwh\";s:5:\"phone\";N;s:10:\"tax_exempt\";s:4:\"none\";s:7:\"tax_ids\";a:0:{}}s:10:\"\0*\0_values\";a:6:{s:7:\"address\";O:19:\"Stripe\\StripeObject\":7:{s:8:\"\0*\0_opts\";O:26:\"Stripe\\Util\\RequestOptions\":3:{s:7:\"headers\";a:0:{}s:6:\"apiKey\";s:107:\"sk_test_51Op5fyHvhoh1Of67rONefEys12CAhlQBeuKjgSMBSW2qnSAZFWO3CmNuSxKO1oahwRaIaAl4FjO9jSRzjwacKwjv00T6HhcEs3\";s:7:\"apiBase\";N;}s:18:\"\0*\0_originalValues\";a:6:{s:4:\"city\";N;s:7:\"country\";s:2:\"IN\";s:5:\"line1\";N;s:5:\"line2\";N;s:11:\"postal_code\";N;s:5:\"state\";N;}s:10:\"\0*\0_values\";a:6:{s:4:\"city\";N;s:7:\"country\";s:2:\"IN\";s:5:\"line1\";N;s:5:\"line2\";N;s:11:\"postal_code\";N;s:5:\"state\";N;}s:17:\"\0*\0_unsavedValues\";O:15:\"Stripe\\Util\\Set\":1:{s:22:\"\0Stripe\\Util\\Set\0_elts\";a:0:{}}s:19:\"\0*\0_transientValues\";O:15:\"Stripe\\Util\\Set\":1:{s:22:\"\0Stripe\\Util\\Set\0_elts\";a:0:{}}s:19:\"\0*\0_retrieveOptions\";a:0:{}s:16:\"\0*\0_lastResponse\";N;}s:5:\"email\";s:19:\"shem@mailinator.com\";s:4:\"name\";s:12:\"Savan Kushwh\";s:5:\"phone\";N;s:10:\"tax_exempt\";s:4:\"none\";s:7:\"tax_ids\";a:0:{}}s:17:\"\0*\0_unsavedValues\";O:15:\"Stripe\\Util\\Set\":1:{s:22:\"\0Stripe\\Util\\Set\0_elts\";a:0:{}}s:19:\"\0*\0_transientValues\";O:15:\"Stripe\\Util\\Set\":1:{s:22:\"\0Stripe\\Util\\Set\0_elts\";a:0:{}}s:19:\"\0*\0_retrieveOptions\";a:0:{}s:16:\"\0*\0_lastResponse\";N;}s:14:\"customer_email\";s:19:\"shem@mailinator.com\";s:10:\"expires_at\";i:1717669321;s:7:\"invoice\";s:27:\"in_1POGzlHvhoh1Of67BPCMHddx\";s:16:\"invoice_creation\";N;s:8:\"livemode\";b:0;s:6:\"locale\";N;s:8:\"metadata\";O:19:\"Stripe\\StripeObject\":7:{s:8:\"\0*\0_opts\";O:26:\"Stripe\\Util\\RequestOptions\":3:{s:7:\"headers\";a:0:{}s:6:\"apiKey\";s:107:\"sk_test_51Op5fyHvhoh1Of67rONefEys12CAhlQBeuKjgSMBSW2qnSAZFWO3CmNuSxKO1oahwRaIaAl4FjO9jSRzjwacKwjv00T6HhcEs3\";s:7:\"apiBase\";N;}s:18:\"\0*\0_originalValues\";a:0:{}s:10:\"\0*\0_values\";a:0:{}s:17:\"\0*\0_unsavedValues\";O:15:\"Stripe\\Util\\Set\":1:{s:22:\"\0Stripe\\Util\\Set\0_elts\";a:0:{}}s:19:\"\0*\0_transientValues\";O:15:\"Stripe\\Util\\Set\":1:{s:22:\"\0Stripe\\Util\\Set\0_elts\";a:0:{}}s:19:\"\0*\0_retrieveOptions\";a:0:{}s:16:\"\0*\0_lastResponse\";N;}s:4:\"mode\";s:12:\"subscription\";s:14:\"payment_intent\";N;s:12:\"payment_link\";N;s:25:\"payment_method_collection\";s:6:\"always\";s:36:\"payment_method_configuration_details\";N;s:22:\"payment_method_options\";O:19:\"Stripe\\StripeObject\":7:{s:8:\"\0*\0_opts\";O:26:\"Stripe\\Util\\RequestOptions\":3:{s:7:\"headers\";a:0:{}s:6:\"apiKey\";s:107:\"sk_test_51Op5fyHvhoh1Of67rONefEys12CAhlQBeuKjgSMBSW2qnSAZFWO3CmNuSxKO1oahwRaIaAl4FjO9jSRzjwacKwjv00T6HhcEs3\";s:7:\"apiBase\";N;}s:18:\"\0*\0_originalValues\";a:1:{s:4:\"card\";a:1:{s:22:\"request_three_d_secure\";s:9:\"automatic\";}}s:10:\"\0*\0_values\";a:1:{s:4:\"card\";O:19:\"Stripe\\StripeObject\":7:{s:8:\"\0*\0_opts\";O:26:\"Stripe\\Util\\RequestOptions\":3:{s:7:\"headers\";a:0:{}s:6:\"apiKey\";s:107:\"sk_test_51Op5fyHvhoh1Of67rONefEys12CAhlQBeuKjgSMBSW2qnSAZFWO3CmNuSxKO1oahwRaIaAl4FjO9jSRzjwacKwjv00T6HhcEs3\";s:7:\"apiBase\";N;}s:18:\"\0*\0_originalValues\";a:1:{s:22:\"request_three_d_secure\";s:9:\"automatic\";}s:10:\"\0*\0_values\";a:1:{s:22:\"request_three_d_secure\";s:9:\"automatic\";}s:17:\"\0*\0_unsavedValues\";O:15:\"Stripe\\Util\\Set\":1:{s:22:\"\0Stripe\\Util\\Set\0_elts\";a:0:{}}s:19:\"\0*\0_transientValues\";O:15:\"Stripe\\Util\\Set\":1:{s:22:\"\0Stripe\\Util\\Set\0_elts\";a:0:{}}s:19:\"\0*\0_retrieveOptions\";a:0:{}s:16:\"\0*\0_lastResponse\";N;}}s:17:\"\0*\0_unsavedValues\";O:15:\"Stripe\\Util\\Set\":1:{s:22:\"\0Stripe\\Util\\Set\0_elts\";a:0:{}}s:19:\"\0*\0_transientValues\";O:15:\"Stripe\\Util\\Set\":1:{s:22:\"\0Stripe\\Util\\Set\0_elts\";a:0:{}}s:19:\"\0*\0_retrieveOptions\";a:0:{}s:16:\"\0*\0_lastResponse\";N;}s:20:\"payment_method_types\";a:1:{i:0;s:4:\"card\";}s:14:\"payment_status\";s:4:\"paid\";s:23:\"phone_number_collection\";O:19:\"Stripe\\StripeObject\":7:{s:8:\"\0*\0_opts\";O:26:\"Stripe\\Util\\RequestOptions\":3:{s:7:\"headers\";a:0:{}s:6:\"apiKey\";s:107:\"sk_test_51Op5fyHvhoh1Of67rONefEys12CAhlQBeuKjgSMBSW2qnSAZFWO3CmNuSxKO1oahwRaIaAl4FjO9jSRzjwacKwjv00T6HhcEs3\";s:7:\"apiBase\";N;}s:18:\"\0*\0_originalValues\";a:1:{s:7:\"enabled\";b:0;}s:10:\"\0*\0_values\";a:1:{s:7:\"enabled\";b:0;}s:17:\"\0*\0_unsavedValues\";O:15:\"Stripe\\Util\\Set\":1:{s:22:\"\0Stripe\\Util\\Set\0_elts\";a:0:{}}s:19:\"\0*\0_transientValues\";O:15:\"Stripe\\Util\\Set\":1:{s:22:\"\0Stripe\\Util\\Set\0_elts\";a:0:{}}s:19:\"\0*\0_retrieveOptions\";a:0:{}s:16:\"\0*\0_lastResponse\";N;}s:14:\"recovered_from\";N;s:28:\"saved_payment_method_options\";O:19:\"Stripe\\StripeObject\":7:{s:8:\"\0*\0_opts\";O:26:\"Stripe\\Util\\RequestOptions\":3:{s:7:\"headers\";a:0:{}s:6:\"apiKey\";s:107:\"sk_test_51Op5fyHvhoh1Of67rONefEys12CAhlQBeuKjgSMBSW2qnSAZFWO3CmNuSxKO1oahwRaIaAl4FjO9jSRzjwacKwjv00T6HhcEs3\";s:7:\"apiBase\";N;}s:18:\"\0*\0_originalValues\";a:3:{s:23:\"allow_redisplay_filters\";a:1:{i:0;s:6:\"always\";}s:21:\"payment_method_remove\";N;s:19:\"payment_method_save\";N;}s:10:\"\0*\0_values\";a:3:{s:23:\"allow_redisplay_filters\";a:1:{i:0;s:6:\"always\";}s:21:\"payment_method_remove\";N;s:19:\"payment_method_save\";N;}s:17:\"\0*\0_unsavedValues\";O:15:\"Stripe\\Util\\Set\":1:{s:22:\"\0Stripe\\Util\\Set\0_elts\";a:0:{}}s:19:\"\0*\0_transientValues\";O:15:\"Stripe\\Util\\Set\":1:{s:22:\"\0Stripe\\Util\\Set\0_elts\";a:0:{}}s:19:\"\0*\0_retrieveOptions\";a:0:{}s:16:\"\0*\0_lastResponse\";N;}s:12:\"setup_intent\";N;s:27:\"shipping_address_collection\";N;s:13:\"shipping_cost\";N;s:16:\"shipping_details\";N;s:16:\"shipping_options\";a:0:{}s:6:\"status\";s:8:\"complete\";s:11:\"submit_type\";N;s:12:\"subscription\";s:28:\"sub_1POGzlHvhoh1Of67AwUVBFpt\";s:11:\"success_url\";s:111:\"https://staging.turbochargedathletics.com//register-success?session_id={CHECKOUT_SESSION_ID}&subscription_id=17\";s:13:\"total_details\";O:19:\"Stripe\\StripeObject\":7:{s:8:\"\0*\0_opts\";O:26:\"Stripe\\Util\\RequestOptions\":3:{s:7:\"headers\";a:0:{}s:6:\"apiKey\";s:107:\"sk_test_51Op5fyHvhoh1Of67rONefEys12CAhlQBeuKjgSMBSW2qnSAZFWO3CmNuSxKO1oahwRaIaAl4FjO9jSRzjwacKwjv00T6HhcEs3\";s:7:\"apiBase\";N;}s:18:\"\0*\0_originalValues\";a:3:{s:15:\"amount_discount\";i:0;s:15:\"amount_shipping\";i:0;s:10:\"amount_tax\";i:0;}s:10:\"\0*\0_values\";a:3:{s:15:\"amount_discount\";i:0;s:15:\"amount_shipping\";i:0;s:10:\"amount_tax\";i:0;}s:17:\"\0*\0_unsavedValues\";O:15:\"Stripe\\Util\\Set\":1:{s:22:\"\0Stripe\\Util\\Set\0_elts\";a:0:{}}s:19:\"\0*\0_transientValues\";O:15:\"Stripe\\Util\\Set\":1:{s:22:\"\0Stripe\\Util\\Set\0_elts\";a:0:{}}s:19:\"\0*\0_retrieveOptions\";a:0:{}s:16:\"\0*\0_lastResponse\";N;}s:7:\"ui_mode\";s:6:\"hosted\";s:3:\"url\";N;}s:17:\"\0*\0_unsavedValues\";O:15:\"Stripe\\Util\\Set\":1:{s:22:\"\0Stripe\\Util\\Set\0_elts\";a:0:{}}s:19:\"\0*\0_transientValues\";O:15:\"Stripe\\Util\\Set\":1:{s:22:\"\0Stripe\\Util\\Set\0_elts\";a:0:{}}s:19:\"\0*\0_retrieveOptions\";a:0:{}s:16:\"\0*\0_lastResponse\";O:18:\"Stripe\\ApiResponse\":4:{s:7:\"headers\";O:32:\"Stripe\\Util\\CaseInsensitiveArray\":1:{s:43:\"\0Stripe\\Util\\CaseInsensitiveArray\0container\";a:20:{s:6:\"server\";s:5:\"nginx\";s:4:\"date\";s:29:\"Wed, 05 Jun 2024 10:32:27 GMT\";s:12:\"content-type\";s:16:\"application/json\";s:14:\"content-length\";s:4:\"2447\";s:32:\"access-control-allow-credentials\";s:4:\"true\";s:28:\"access-control-allow-methods\";s:30:\"GET,HEAD,PUT,PATCH,POST,DELETE\";s:27:\"access-control-allow-origin\";s:1:\"*\";s:29:\"access-control-expose-headers\";s:125:\"Request-Id, Stripe-Manage-Version, Stripe-Should-Retry, X-Stripe-External-Auth-Required, X-Stripe-Privileged-Session-Required\";s:22:\"access-control-max-age\";s:3:\"300\";s:13:\"cache-control\";s:18:\"no-cache, no-store\";s:23:\"content-security-policy\";s:257:\"report-uri https://q.stripe.com/csp-report?p=v1%2Fcheckout%2Fsessions%2F%3Asession; block-all-mixed-content; default-src \'none\'; base-uri \'none\'; form-action \'none\'; frame-ancestors \'none\'; img-src \'self\'; script-src \'self\' \'report-sample\'; style-src \'self\'\";s:38:\"cross-origin-opener-policy-report-only\";s:29:\"same-origin; report-to=\"coop\"\";s:9:\"report-to\";s:130:\"{\"group\":\"coop\",\"max_age\":8640,\"endpoints\":[{\"url\":\"https://q.stripe.com/coop-report?s=mono-bapi-srv\"}],\"include_subdomains\":true}\";s:19:\"reporting-endpoints\";s:55:\"coop=\"https://q.stripe.com/coop-report?s=mono-bapi-srv\"\";s:10:\"request-id\";s:18:\"req_W5I61rHa8jMbGg\";s:14:\"stripe-version\";s:10:\"2023-10-16\";s:4:\"vary\";s:6:\"Origin\";s:22:\"x-content-type-options\";s:7:\"nosniff\";s:38:\"x-stripe-routing-context-priority-tier\";s:12:\"api-testmode\";s:25:\"strict-transport-security\";s:44:\"max-age=63072000; includeSubDomains; preload\";}}s:4:\"body\";s:2447:\"{\n  \"id\": \"cs_test_a1ApyQVSNdeWYzphelkyWYYPGcsQHnNlLX8eeVyLUUnOlMJBFq8Z3NALRq\",\n  \"object\": \"checkout.session\",\n  \"after_expiration\": null,\n  \"allow_promotion_codes\": null,\n  \"amount_subtotal\": 50000,\n  \"amount_total\": 50000,\n  \"automatic_tax\": {\n    \"enabled\": false,\n    \"liability\": null,\n    \"status\": null\n  },\n  \"billing_address_collection\": null,\n  \"cancel_url\": \"https://staging.turbochargedathletics.com//register-cancel\",\n  \"client_reference_id\": null,\n  \"client_secret\": null,\n  \"consent\": null,\n  \"consent_collection\": null,\n  \"created\": 1717582921,\n  \"currency\": \"usd\",\n  \"currency_conversion\": null,\n  \"custom_fields\": [],\n  \"custom_text\": {\n    \"after_submit\": null,\n    \"shipping_address\": null,\n    \"submit\": null,\n    \"terms_of_service_acceptance\": null\n  },\n  \"customer\": \"cus_QEkUQlgT7mNIiz\",\n  \"customer_creation\": \"always\",\n  \"customer_details\": {\n    \"address\": {\n      \"city\": null,\n      \"country\": \"IN\",\n      \"line1\": null,\n      \"line2\": null,\n      \"postal_code\": null,\n      \"state\": null\n    },\n    \"email\": \"shem@mailinator.com\",\n    \"name\": \"Savan Kushwh\",\n    \"phone\": null,\n    \"tax_exempt\": \"none\",\n    \"tax_ids\": []\n  },\n  \"customer_email\": \"shem@mailinator.com\",\n  \"expires_at\": 1717669321,\n  \"invoice\": \"in_1POGzlHvhoh1Of67BPCMHddx\",\n  \"invoice_creation\": null,\n  \"livemode\": false,\n  \"locale\": null,\n  \"metadata\": {},\n  \"mode\": \"subscription\",\n  \"payment_intent\": null,\n  \"payment_link\": null,\n  \"payment_method_collection\": \"always\",\n  \"payment_method_configuration_details\": null,\n  \"payment_method_options\": {\n    \"card\": {\n      \"request_three_d_secure\": \"automatic\"\n    }\n  },\n  \"payment_method_types\": [\n    \"card\"\n  ],\n  \"payment_status\": \"paid\",\n  \"phone_number_collection\": {\n    \"enabled\": false\n  },\n  \"recovered_from\": null,\n  \"saved_payment_method_options\": {\n    \"allow_redisplay_filters\": [\n      \"always\"\n    ],\n    \"payment_method_remove\": null,\n    \"payment_method_save\": null\n  },\n  \"setup_intent\": null,\n  \"shipping_address_collection\": null,\n  \"shipping_cost\": null,\n  \"shipping_details\": null,\n  \"shipping_options\": [],\n  \"status\": \"complete\",\n  \"submit_type\": null,\n  \"subscription\": \"sub_1POGzlHvhoh1Of67AwUVBFpt\",\n  \"success_url\": \"https://staging.turbochargedathletics.com//register-success?session_id={CHECKOUT_SESSION_ID}&subscription_id=17\",\n  \"total_details\": {\n    \"amount_discount\": 0,\n    \"amount_shipping\": 0,\n    \"amount_tax\": 0\n  },\n  \"ui_mode\": \"hosted\",\n  \"url\": null\n}\";s:4:\"json\";a:51:{s:2:\"id\";s:66:\"cs_test_a1ApyQVSNdeWYzphelkyWYYPGcsQHnNlLX8eeVyLUUnOlMJBFq8Z3NALRq\";s:6:\"object\";s:16:\"checkout.session\";s:16:\"after_expiration\";N;s:21:\"allow_promotion_codes\";N;s:15:\"amount_subtotal\";i:50000;s:12:\"amount_total\";i:50000;s:13:\"automatic_tax\";a:3:{s:7:\"enabled\";b:0;s:9:\"liability\";N;s:6:\"status\";N;}s:26:\"billing_address_collection\";N;s:10:\"cancel_url\";s:58:\"https://staging.turbochargedathletics.com//register-cancel\";s:19:\"client_reference_id\";N;s:13:\"client_secret\";N;s:7:\"consent\";N;s:18:\"consent_collection\";N;s:7:\"created\";i:1717582921;s:8:\"currency\";s:3:\"usd\";s:19:\"currency_conversion\";N;s:13:\"custom_fields\";a:0:{}s:11:\"custom_text\";a:4:{s:12:\"after_submit\";N;s:16:\"shipping_address\";N;s:6:\"submit\";N;s:27:\"terms_of_service_acceptance\";N;}s:8:\"customer\";s:18:\"cus_QEkUQlgT7mNIiz\";s:17:\"customer_creation\";s:6:\"always\";s:16:\"customer_details\";a:6:{s:7:\"address\";a:6:{s:4:\"city\";N;s:7:\"country\";s:2:\"IN\";s:5:\"line1\";N;s:5:\"line2\";N;s:11:\"postal_code\";N;s:5:\"state\";N;}s:5:\"email\";s:19:\"shem@mailinator.com\";s:4:\"name\";s:12:\"Savan Kushwh\";s:5:\"phone\";N;s:10:\"tax_exempt\";s:4:\"none\";s:7:\"tax_ids\";a:0:{}}s:14:\"customer_email\";s:19:\"shem@mailinator.com\";s:10:\"expires_at\";i:1717669321;s:7:\"invoice\";s:27:\"in_1POGzlHvhoh1Of67BPCMHddx\";s:16:\"invoice_creation\";N;s:8:\"livemode\";b:0;s:6:\"locale\";N;s:8:\"metadata\";a:0:{}s:4:\"mode\";s:12:\"subscription\";s:14:\"payment_intent\";N;s:12:\"payment_link\";N;s:25:\"payment_method_collection\";s:6:\"always\";s:36:\"payment_method_configuration_details\";N;s:22:\"payment_method_options\";a:1:{s:4:\"card\";a:1:{s:22:\"request_three_d_secure\";s:9:\"automatic\";}}s:20:\"payment_method_types\";a:1:{i:0;s:4:\"card\";}s:14:\"payment_status\";s:4:\"paid\";s:23:\"phone_number_collection\";a:1:{s:7:\"enabled\";b:0;}s:14:\"recovered_from\";N;s:28:\"saved_payment_method_options\";a:3:{s:23:\"allow_redisplay_filters\";a:1:{i:0;s:6:\"always\";}s:21:\"payment_method_remove\";N;s:19:\"payment_method_save\";N;}s:12:\"setup_intent\";N;s:27:\"shipping_address_collection\";N;s:13:\"shipping_cost\";N;s:16:\"shipping_details\";N;s:16:\"shipping_options\";a:0:{}s:6:\"status\";s:8:\"complete\";s:11:\"submit_type\";N;s:12:\"subscription\";s:28:\"sub_1POGzlHvhoh1Of67AwUVBFpt\";s:11:\"success_url\";s:111:\"https://staging.turbochargedathletics.com//register-success?session_id={CHECKOUT_SESSION_ID}&subscription_id=17\";s:13:\"total_details\";a:3:{s:15:\"amount_discount\";i:0;s:15:\"amount_shipping\";i:0;s:10:\"amount_tax\";i:0;}s:7:\"ui_mode\";s:6:\"hosted\";s:3:\"url\";N;}s:4:\"code\";i:200;}s:14:\"saveWithParent\";b:0;}',	'active',	'2024-06-05 10:32:27',	'2024-06-05 10:32:27'),
(3,	29,	'2024-06-06 10:19:40',	NULL,	'complete',	'a:8:{s:8:\"\0*\0_opts\";O:26:\"Stripe\\Util\\RequestOptions\":3:{s:7:\"headers\";a:0:{}s:6:\"apiKey\";s:107:\"sk_test_51POMStLaz1e579ovYHOMTdJfMJobNUwOkAu0VKv4vuKzwWYm486RmGZrRjvimOocYWyYXcyCih0nzhJ8F6LKdoam00Tct6eKFH\";s:7:\"apiBase\";N;}s:18:\"\0*\0_originalValues\";a:51:{s:2:\"id\";s:66:\"cs_test_a12btpxGjyiIdCKjckYC1KGWTmbaCVvfON0A1knQsNVHthshMQQmSzpUj6\";s:6:\"object\";s:16:\"checkout.session\";s:16:\"after_expiration\";N;s:21:\"allow_promotion_codes\";N;s:15:\"amount_subtotal\";i:50000;s:12:\"amount_total\";i:50000;s:13:\"automatic_tax\";a:3:{s:7:\"enabled\";b:0;s:9:\"liability\";N;s:6:\"status\";N;}s:26:\"billing_address_collection\";N;s:10:\"cancel_url\";s:57:\"https://staging.turbochargedathletics.com/register-cancel\";s:19:\"client_reference_id\";N;s:13:\"client_secret\";N;s:7:\"consent\";N;s:18:\"consent_collection\";N;s:7:\"created\";i:1717669132;s:8:\"currency\";s:3:\"usd\";s:19:\"currency_conversion\";N;s:13:\"custom_fields\";a:0:{}s:11:\"custom_text\";a:4:{s:12:\"after_submit\";N;s:16:\"shipping_address\";N;s:6:\"submit\";N;s:27:\"terms_of_service_acceptance\";N;}s:8:\"customer\";s:18:\"cus_QF7fImrTQrT7Ia\";s:17:\"customer_creation\";s:6:\"always\";s:16:\"customer_details\";a:6:{s:7:\"address\";a:6:{s:4:\"city\";N;s:7:\"country\";s:2:\"IN\";s:5:\"line1\";N;s:5:\"line2\";N;s:11:\"postal_code\";N;s:5:\"state\";N;}s:5:\"email\";s:21:\"robert@mailinator.com\";s:4:\"name\";s:13:\"Savan Kushwha\";s:5:\"phone\";N;s:10:\"tax_exempt\";s:4:\"none\";s:7:\"tax_ids\";a:0:{}}s:14:\"customer_email\";s:21:\"robert@mailinator.com\";s:10:\"expires_at\";i:1717755531;s:7:\"invoice\";s:27:\"in_1POdPvLaz1e579ovdDjVIIt0\";s:16:\"invoice_creation\";N;s:8:\"livemode\";b:0;s:6:\"locale\";N;s:8:\"metadata\";a:0:{}s:4:\"mode\";s:12:\"subscription\";s:14:\"payment_intent\";N;s:12:\"payment_link\";N;s:25:\"payment_method_collection\";s:6:\"always\";s:36:\"payment_method_configuration_details\";N;s:22:\"payment_method_options\";a:1:{s:4:\"card\";a:1:{s:22:\"request_three_d_secure\";s:9:\"automatic\";}}s:20:\"payment_method_types\";a:1:{i:0;s:4:\"card\";}s:14:\"payment_status\";s:4:\"paid\";s:23:\"phone_number_collection\";a:1:{s:7:\"enabled\";b:0;}s:14:\"recovered_from\";N;s:28:\"saved_payment_method_options\";a:3:{s:23:\"allow_redisplay_filters\";a:1:{i:0;s:6:\"always\";}s:21:\"payment_method_remove\";N;s:19:\"payment_method_save\";N;}s:12:\"setup_intent\";N;s:27:\"shipping_address_collection\";N;s:13:\"shipping_cost\";N;s:16:\"shipping_details\";N;s:16:\"shipping_options\";a:0:{}s:6:\"status\";s:8:\"complete\";s:11:\"submit_type\";N;s:12:\"subscription\";s:28:\"sub_1POdPvLaz1e579ovUf07x8xw\";s:11:\"success_url\";s:110:\"https://staging.turbochargedathletics.com/register-success?session_id={CHECKOUT_SESSION_ID}&subscription_id=29\";s:13:\"total_details\";a:3:{s:15:\"amount_discount\";i:0;s:15:\"amount_shipping\";i:0;s:10:\"amount_tax\";i:0;}s:7:\"ui_mode\";s:6:\"hosted\";s:3:\"url\";N;}s:10:\"\0*\0_values\";a:51:{s:2:\"id\";s:66:\"cs_test_a12btpxGjyiIdCKjckYC1KGWTmbaCVvfON0A1knQsNVHthshMQQmSzpUj6\";s:6:\"object\";s:16:\"checkout.session\";s:16:\"after_expiration\";N;s:21:\"allow_promotion_codes\";N;s:15:\"amount_subtotal\";i:50000;s:12:\"amount_total\";i:50000;s:13:\"automatic_tax\";O:19:\"Stripe\\StripeObject\":7:{s:8:\"\0*\0_opts\";O:26:\"Stripe\\Util\\RequestOptions\":3:{s:7:\"headers\";a:0:{}s:6:\"apiKey\";s:107:\"sk_test_51POMStLaz1e579ovYHOMTdJfMJobNUwOkAu0VKv4vuKzwWYm486RmGZrRjvimOocYWyYXcyCih0nzhJ8F6LKdoam00Tct6eKFH\";s:7:\"apiBase\";N;}s:18:\"\0*\0_originalValues\";a:3:{s:7:\"enabled\";b:0;s:9:\"liability\";N;s:6:\"status\";N;}s:10:\"\0*\0_values\";a:3:{s:7:\"enabled\";b:0;s:9:\"liability\";N;s:6:\"status\";N;}s:17:\"\0*\0_unsavedValues\";O:15:\"Stripe\\Util\\Set\":1:{s:22:\"\0Stripe\\Util\\Set\0_elts\";a:0:{}}s:19:\"\0*\0_transientValues\";O:15:\"Stripe\\Util\\Set\":1:{s:22:\"\0Stripe\\Util\\Set\0_elts\";a:0:{}}s:19:\"\0*\0_retrieveOptions\";a:0:{}s:16:\"\0*\0_lastResponse\";N;}s:26:\"billing_address_collection\";N;s:10:\"cancel_url\";s:57:\"https://staging.turbochargedathletics.com/register-cancel\";s:19:\"client_reference_id\";N;s:13:\"client_secret\";N;s:7:\"consent\";N;s:18:\"consent_collection\";N;s:7:\"created\";i:1717669132;s:8:\"currency\";s:3:\"usd\";s:19:\"currency_conversion\";N;s:13:\"custom_fields\";a:0:{}s:11:\"custom_text\";O:19:\"Stripe\\StripeObject\":7:{s:8:\"\0*\0_opts\";O:26:\"Stripe\\Util\\RequestOptions\":3:{s:7:\"headers\";a:0:{}s:6:\"apiKey\";s:107:\"sk_test_51POMStLaz1e579ovYHOMTdJfMJobNUwOkAu0VKv4vuKzwWYm486RmGZrRjvimOocYWyYXcyCih0nzhJ8F6LKdoam00Tct6eKFH\";s:7:\"apiBase\";N;}s:18:\"\0*\0_originalValues\";a:4:{s:12:\"after_submit\";N;s:16:\"shipping_address\";N;s:6:\"submit\";N;s:27:\"terms_of_service_acceptance\";N;}s:10:\"\0*\0_values\";a:4:{s:12:\"after_submit\";N;s:16:\"shipping_address\";N;s:6:\"submit\";N;s:27:\"terms_of_service_acceptance\";N;}s:17:\"\0*\0_unsavedValues\";O:15:\"Stripe\\Util\\Set\":1:{s:22:\"\0Stripe\\Util\\Set\0_elts\";a:0:{}}s:19:\"\0*\0_transientValues\";O:15:\"Stripe\\Util\\Set\":1:{s:22:\"\0Stripe\\Util\\Set\0_elts\";a:0:{}}s:19:\"\0*\0_retrieveOptions\";a:0:{}s:16:\"\0*\0_lastResponse\";N;}s:8:\"customer\";s:18:\"cus_QF7fImrTQrT7Ia\";s:17:\"customer_creation\";s:6:\"always\";s:16:\"customer_details\";O:19:\"Stripe\\StripeObject\":7:{s:8:\"\0*\0_opts\";O:26:\"Stripe\\Util\\RequestOptions\":3:{s:7:\"headers\";a:0:{}s:6:\"apiKey\";s:107:\"sk_test_51POMStLaz1e579ovYHOMTdJfMJobNUwOkAu0VKv4vuKzwWYm486RmGZrRjvimOocYWyYXcyCih0nzhJ8F6LKdoam00Tct6eKFH\";s:7:\"apiBase\";N;}s:18:\"\0*\0_originalValues\";a:6:{s:7:\"address\";a:6:{s:4:\"city\";N;s:7:\"country\";s:2:\"IN\";s:5:\"line1\";N;s:5:\"line2\";N;s:11:\"postal_code\";N;s:5:\"state\";N;}s:5:\"email\";s:21:\"robert@mailinator.com\";s:4:\"name\";s:13:\"Savan Kushwha\";s:5:\"phone\";N;s:10:\"tax_exempt\";s:4:\"none\";s:7:\"tax_ids\";a:0:{}}s:10:\"\0*\0_values\";a:6:{s:7:\"address\";O:19:\"Stripe\\StripeObject\":7:{s:8:\"\0*\0_opts\";O:26:\"Stripe\\Util\\RequestOptions\":3:{s:7:\"headers\";a:0:{}s:6:\"apiKey\";s:107:\"sk_test_51POMStLaz1e579ovYHOMTdJfMJobNUwOkAu0VKv4vuKzwWYm486RmGZrRjvimOocYWyYXcyCih0nzhJ8F6LKdoam00Tct6eKFH\";s:7:\"apiBase\";N;}s:18:\"\0*\0_originalValues\";a:6:{s:4:\"city\";N;s:7:\"country\";s:2:\"IN\";s:5:\"line1\";N;s:5:\"line2\";N;s:11:\"postal_code\";N;s:5:\"state\";N;}s:10:\"\0*\0_values\";a:6:{s:4:\"city\";N;s:7:\"country\";s:2:\"IN\";s:5:\"line1\";N;s:5:\"line2\";N;s:11:\"postal_code\";N;s:5:\"state\";N;}s:17:\"\0*\0_unsavedValues\";O:15:\"Stripe\\Util\\Set\":1:{s:22:\"\0Stripe\\Util\\Set\0_elts\";a:0:{}}s:19:\"\0*\0_transientValues\";O:15:\"Stripe\\Util\\Set\":1:{s:22:\"\0Stripe\\Util\\Set\0_elts\";a:0:{}}s:19:\"\0*\0_retrieveOptions\";a:0:{}s:16:\"\0*\0_lastResponse\";N;}s:5:\"email\";s:21:\"robert@mailinator.com\";s:4:\"name\";s:13:\"Savan Kushwha\";s:5:\"phone\";N;s:10:\"tax_exempt\";s:4:\"none\";s:7:\"tax_ids\";a:0:{}}s:17:\"\0*\0_unsavedValues\";O:15:\"Stripe\\Util\\Set\":1:{s:22:\"\0Stripe\\Util\\Set\0_elts\";a:0:{}}s:19:\"\0*\0_transientValues\";O:15:\"Stripe\\Util\\Set\":1:{s:22:\"\0Stripe\\Util\\Set\0_elts\";a:0:{}}s:19:\"\0*\0_retrieveOptions\";a:0:{}s:16:\"\0*\0_lastResponse\";N;}s:14:\"customer_email\";s:21:\"robert@mailinator.com\";s:10:\"expires_at\";i:1717755531;s:7:\"invoice\";s:27:\"in_1POdPvLaz1e579ovdDjVIIt0\";s:16:\"invoice_creation\";N;s:8:\"livemode\";b:0;s:6:\"locale\";N;s:8:\"metadata\";O:19:\"Stripe\\StripeObject\":7:{s:8:\"\0*\0_opts\";O:26:\"Stripe\\Util\\RequestOptions\":3:{s:7:\"headers\";a:0:{}s:6:\"apiKey\";s:107:\"sk_test_51POMStLaz1e579ovYHOMTdJfMJobNUwOkAu0VKv4vuKzwWYm486RmGZrRjvimOocYWyYXcyCih0nzhJ8F6LKdoam00Tct6eKFH\";s:7:\"apiBase\";N;}s:18:\"\0*\0_originalValues\";a:0:{}s:10:\"\0*\0_values\";a:0:{}s:17:\"\0*\0_unsavedValues\";O:15:\"Stripe\\Util\\Set\":1:{s:22:\"\0Stripe\\Util\\Set\0_elts\";a:0:{}}s:19:\"\0*\0_transientValues\";O:15:\"Stripe\\Util\\Set\":1:{s:22:\"\0Stripe\\Util\\Set\0_elts\";a:0:{}}s:19:\"\0*\0_retrieveOptions\";a:0:{}s:16:\"\0*\0_lastResponse\";N;}s:4:\"mode\";s:12:\"subscription\";s:14:\"payment_intent\";N;s:12:\"payment_link\";N;s:25:\"payment_method_collection\";s:6:\"always\";s:36:\"payment_method_configuration_details\";N;s:22:\"payment_method_options\";O:19:\"Stripe\\StripeObject\":7:{s:8:\"\0*\0_opts\";O:26:\"Stripe\\Util\\RequestOptions\":3:{s:7:\"headers\";a:0:{}s:6:\"apiKey\";s:107:\"sk_test_51POMStLaz1e579ovYHOMTdJfMJobNUwOkAu0VKv4vuKzwWYm486RmGZrRjvimOocYWyYXcyCih0nzhJ8F6LKdoam00Tct6eKFH\";s:7:\"apiBase\";N;}s:18:\"\0*\0_originalValues\";a:1:{s:4:\"card\";a:1:{s:22:\"request_three_d_secure\";s:9:\"automatic\";}}s:10:\"\0*\0_values\";a:1:{s:4:\"card\";O:19:\"Stripe\\StripeObject\":7:{s:8:\"\0*\0_opts\";O:26:\"Stripe\\Util\\RequestOptions\":3:{s:7:\"headers\";a:0:{}s:6:\"apiKey\";s:107:\"sk_test_51POMStLaz1e579ovYHOMTdJfMJobNUwOkAu0VKv4vuKzwWYm486RmGZrRjvimOocYWyYXcyCih0nzhJ8F6LKdoam00Tct6eKFH\";s:7:\"apiBase\";N;}s:18:\"\0*\0_originalValues\";a:1:{s:22:\"request_three_d_secure\";s:9:\"automatic\";}s:10:\"\0*\0_values\";a:1:{s:22:\"request_three_d_secure\";s:9:\"automatic\";}s:17:\"\0*\0_unsavedValues\";O:15:\"Stripe\\Util\\Set\":1:{s:22:\"\0Stripe\\Util\\Set\0_elts\";a:0:{}}s:19:\"\0*\0_transientValues\";O:15:\"Stripe\\Util\\Set\":1:{s:22:\"\0Stripe\\Util\\Set\0_elts\";a:0:{}}s:19:\"\0*\0_retrieveOptions\";a:0:{}s:16:\"\0*\0_lastResponse\";N;}}s:17:\"\0*\0_unsavedValues\";O:15:\"Stripe\\Util\\Set\":1:{s:22:\"\0Stripe\\Util\\Set\0_elts\";a:0:{}}s:19:\"\0*\0_transientValues\";O:15:\"Stripe\\Util\\Set\":1:{s:22:\"\0Stripe\\Util\\Set\0_elts\";a:0:{}}s:19:\"\0*\0_retrieveOptions\";a:0:{}s:16:\"\0*\0_lastResponse\";N;}s:20:\"payment_method_types\";a:1:{i:0;s:4:\"card\";}s:14:\"payment_status\";s:4:\"paid\";s:23:\"phone_number_collection\";O:19:\"Stripe\\StripeObject\":7:{s:8:\"\0*\0_opts\";O:26:\"Stripe\\Util\\RequestOptions\":3:{s:7:\"headers\";a:0:{}s:6:\"apiKey\";s:107:\"sk_test_51POMStLaz1e579ovYHOMTdJfMJobNUwOkAu0VKv4vuKzwWYm486RmGZrRjvimOocYWyYXcyCih0nzhJ8F6LKdoam00Tct6eKFH\";s:7:\"apiBase\";N;}s:18:\"\0*\0_originalValues\";a:1:{s:7:\"enabled\";b:0;}s:10:\"\0*\0_values\";a:1:{s:7:\"enabled\";b:0;}s:17:\"\0*\0_unsavedValues\";O:15:\"Stripe\\Util\\Set\":1:{s:22:\"\0Stripe\\Util\\Set\0_elts\";a:0:{}}s:19:\"\0*\0_transientValues\";O:15:\"Stripe\\Util\\Set\":1:{s:22:\"\0Stripe\\Util\\Set\0_elts\";a:0:{}}s:19:\"\0*\0_retrieveOptions\";a:0:{}s:16:\"\0*\0_lastResponse\";N;}s:14:\"recovered_from\";N;s:28:\"saved_payment_method_options\";O:19:\"Stripe\\StripeObject\":7:{s:8:\"\0*\0_opts\";O:26:\"Stripe\\Util\\RequestOptions\":3:{s:7:\"headers\";a:0:{}s:6:\"apiKey\";s:107:\"sk_test_51POMStLaz1e579ovYHOMTdJfMJobNUwOkAu0VKv4vuKzwWYm486RmGZrRjvimOocYWyYXcyCih0nzhJ8F6LKdoam00Tct6eKFH\";s:7:\"apiBase\";N;}s:18:\"\0*\0_originalValues\";a:3:{s:23:\"allow_redisplay_filters\";a:1:{i:0;s:6:\"always\";}s:21:\"payment_method_remove\";N;s:19:\"payment_method_save\";N;}s:10:\"\0*\0_values\";a:3:{s:23:\"allow_redisplay_filters\";a:1:{i:0;s:6:\"always\";}s:21:\"payment_method_remove\";N;s:19:\"payment_method_save\";N;}s:17:\"\0*\0_unsavedValues\";O:15:\"Stripe\\Util\\Set\":1:{s:22:\"\0Stripe\\Util\\Set\0_elts\";a:0:{}}s:19:\"\0*\0_transientValues\";O:15:\"Stripe\\Util\\Set\":1:{s:22:\"\0Stripe\\Util\\Set\0_elts\";a:0:{}}s:19:\"\0*\0_retrieveOptions\";a:0:{}s:16:\"\0*\0_lastResponse\";N;}s:12:\"setup_intent\";N;s:27:\"shipping_address_collection\";N;s:13:\"shipping_cost\";N;s:16:\"shipping_details\";N;s:16:\"shipping_options\";a:0:{}s:6:\"status\";s:8:\"complete\";s:11:\"submit_type\";N;s:12:\"subscription\";s:28:\"sub_1POdPvLaz1e579ovUf07x8xw\";s:11:\"success_url\";s:110:\"https://staging.turbochargedathletics.com/register-success?session_id={CHECKOUT_SESSION_ID}&subscription_id=29\";s:13:\"total_details\";O:19:\"Stripe\\StripeObject\":7:{s:8:\"\0*\0_opts\";O:26:\"Stripe\\Util\\RequestOptions\":3:{s:7:\"headers\";a:0:{}s:6:\"apiKey\";s:107:\"sk_test_51POMStLaz1e579ovYHOMTdJfMJobNUwOkAu0VKv4vuKzwWYm486RmGZrRjvimOocYWyYXcyCih0nzhJ8F6LKdoam00Tct6eKFH\";s:7:\"apiBase\";N;}s:18:\"\0*\0_originalValues\";a:3:{s:15:\"amount_discount\";i:0;s:15:\"amount_shipping\";i:0;s:10:\"amount_tax\";i:0;}s:10:\"\0*\0_values\";a:3:{s:15:\"amount_discount\";i:0;s:15:\"amount_shipping\";i:0;s:10:\"amount_tax\";i:0;}s:17:\"\0*\0_unsavedValues\";O:15:\"Stripe\\Util\\Set\":1:{s:22:\"\0Stripe\\Util\\Set\0_elts\";a:0:{}}s:19:\"\0*\0_transientValues\";O:15:\"Stripe\\Util\\Set\":1:{s:22:\"\0Stripe\\Util\\Set\0_elts\";a:0:{}}s:19:\"\0*\0_retrieveOptions\";a:0:{}s:16:\"\0*\0_lastResponse\";N;}s:7:\"ui_mode\";s:6:\"hosted\";s:3:\"url\";N;}s:17:\"\0*\0_unsavedValues\";O:15:\"Stripe\\Util\\Set\":1:{s:22:\"\0Stripe\\Util\\Set\0_elts\";a:0:{}}s:19:\"\0*\0_transientValues\";O:15:\"Stripe\\Util\\Set\":1:{s:22:\"\0Stripe\\Util\\Set\0_elts\";a:0:{}}s:19:\"\0*\0_retrieveOptions\";a:0:{}s:16:\"\0*\0_lastResponse\";O:18:\"Stripe\\ApiResponse\":4:{s:7:\"headers\";O:32:\"Stripe\\Util\\CaseInsensitiveArray\":1:{s:43:\"\0Stripe\\Util\\CaseInsensitiveArray\0container\";a:20:{s:6:\"server\";s:5:\"nginx\";s:4:\"date\";s:29:\"Thu, 06 Jun 2024 10:19:40 GMT\";s:12:\"content-type\";s:16:\"application/json\";s:14:\"content-length\";s:4:\"2450\";s:32:\"access-control-allow-credentials\";s:4:\"true\";s:28:\"access-control-allow-methods\";s:30:\"GET,HEAD,PUT,PATCH,POST,DELETE\";s:27:\"access-control-allow-origin\";s:1:\"*\";s:29:\"access-control-expose-headers\";s:125:\"Request-Id, Stripe-Manage-Version, Stripe-Should-Retry, X-Stripe-External-Auth-Required, X-Stripe-Privileged-Session-Required\";s:22:\"access-control-max-age\";s:3:\"300\";s:13:\"cache-control\";s:18:\"no-cache, no-store\";s:23:\"content-security-policy\";s:257:\"report-uri https://q.stripe.com/csp-report?p=v1%2Fcheckout%2Fsessions%2F%3Asession; block-all-mixed-content; default-src \'none\'; base-uri \'none\'; form-action \'none\'; frame-ancestors \'none\'; img-src \'self\'; script-src \'self\' \'report-sample\'; style-src \'self\'\";s:38:\"cross-origin-opener-policy-report-only\";s:29:\"same-origin; report-to=\"coop\"\";s:9:\"report-to\";s:130:\"{\"group\":\"coop\",\"max_age\":8640,\"endpoints\":[{\"url\":\"https://q.stripe.com/coop-report?s=mono-bapi-srv\"}],\"include_subdomains\":true}\";s:19:\"reporting-endpoints\";s:55:\"coop=\"https://q.stripe.com/coop-report?s=mono-bapi-srv\"\";s:10:\"request-id\";s:18:\"req_FWpx5X7jEIFIJu\";s:14:\"stripe-version\";s:10:\"2023-10-16\";s:4:\"vary\";s:6:\"Origin\";s:22:\"x-content-type-options\";s:7:\"nosniff\";s:38:\"x-stripe-routing-context-priority-tier\";s:12:\"api-testmode\";s:25:\"strict-transport-security\";s:44:\"max-age=63072000; includeSubDomains; preload\";}}s:4:\"body\";s:2450:\"{\n  \"id\": \"cs_test_a12btpxGjyiIdCKjckYC1KGWTmbaCVvfON0A1knQsNVHthshMQQmSzpUj6\",\n  \"object\": \"checkout.session\",\n  \"after_expiration\": null,\n  \"allow_promotion_codes\": null,\n  \"amount_subtotal\": 50000,\n  \"amount_total\": 50000,\n  \"automatic_tax\": {\n    \"enabled\": false,\n    \"liability\": null,\n    \"status\": null\n  },\n  \"billing_address_collection\": null,\n  \"cancel_url\": \"https://staging.turbochargedathletics.com/register-cancel\",\n  \"client_reference_id\": null,\n  \"client_secret\": null,\n  \"consent\": null,\n  \"consent_collection\": null,\n  \"created\": 1717669132,\n  \"currency\": \"usd\",\n  \"currency_conversion\": null,\n  \"custom_fields\": [],\n  \"custom_text\": {\n    \"after_submit\": null,\n    \"shipping_address\": null,\n    \"submit\": null,\n    \"terms_of_service_acceptance\": null\n  },\n  \"customer\": \"cus_QF7fImrTQrT7Ia\",\n  \"customer_creation\": \"always\",\n  \"customer_details\": {\n    \"address\": {\n      \"city\": null,\n      \"country\": \"IN\",\n      \"line1\": null,\n      \"line2\": null,\n      \"postal_code\": null,\n      \"state\": null\n    },\n    \"email\": \"robert@mailinator.com\",\n    \"name\": \"Savan Kushwha\",\n    \"phone\": null,\n    \"tax_exempt\": \"none\",\n    \"tax_ids\": []\n  },\n  \"customer_email\": \"robert@mailinator.com\",\n  \"expires_at\": 1717755531,\n  \"invoice\": \"in_1POdPvLaz1e579ovdDjVIIt0\",\n  \"invoice_creation\": null,\n  \"livemode\": false,\n  \"locale\": null,\n  \"metadata\": {},\n  \"mode\": \"subscription\",\n  \"payment_intent\": null,\n  \"payment_link\": null,\n  \"payment_method_collection\": \"always\",\n  \"payment_method_configuration_details\": null,\n  \"payment_method_options\": {\n    \"card\": {\n      \"request_three_d_secure\": \"automatic\"\n    }\n  },\n  \"payment_method_types\": [\n    \"card\"\n  ],\n  \"payment_status\": \"paid\",\n  \"phone_number_collection\": {\n    \"enabled\": false\n  },\n  \"recovered_from\": null,\n  \"saved_payment_method_options\": {\n    \"allow_redisplay_filters\": [\n      \"always\"\n    ],\n    \"payment_method_remove\": null,\n    \"payment_method_save\": null\n  },\n  \"setup_intent\": null,\n  \"shipping_address_collection\": null,\n  \"shipping_cost\": null,\n  \"shipping_details\": null,\n  \"shipping_options\": [],\n  \"status\": \"complete\",\n  \"submit_type\": null,\n  \"subscription\": \"sub_1POdPvLaz1e579ovUf07x8xw\",\n  \"success_url\": \"https://staging.turbochargedathletics.com/register-success?session_id={CHECKOUT_SESSION_ID}&subscription_id=29\",\n  \"total_details\": {\n    \"amount_discount\": 0,\n    \"amount_shipping\": 0,\n    \"amount_tax\": 0\n  },\n  \"ui_mode\": \"hosted\",\n  \"url\": null\n}\";s:4:\"json\";a:51:{s:2:\"id\";s:66:\"cs_test_a12btpxGjyiIdCKjckYC1KGWTmbaCVvfON0A1knQsNVHthshMQQmSzpUj6\";s:6:\"object\";s:16:\"checkout.session\";s:16:\"after_expiration\";N;s:21:\"allow_promotion_codes\";N;s:15:\"amount_subtotal\";i:50000;s:12:\"amount_total\";i:50000;s:13:\"automatic_tax\";a:3:{s:7:\"enabled\";b:0;s:9:\"liability\";N;s:6:\"status\";N;}s:26:\"billing_address_collection\";N;s:10:\"cancel_url\";s:57:\"https://staging.turbochargedathletics.com/register-cancel\";s:19:\"client_reference_id\";N;s:13:\"client_secret\";N;s:7:\"consent\";N;s:18:\"consent_collection\";N;s:7:\"created\";i:1717669132;s:8:\"currency\";s:3:\"usd\";s:19:\"currency_conversion\";N;s:13:\"custom_fields\";a:0:{}s:11:\"custom_text\";a:4:{s:12:\"after_submit\";N;s:16:\"shipping_address\";N;s:6:\"submit\";N;s:27:\"terms_of_service_acceptance\";N;}s:8:\"customer\";s:18:\"cus_QF7fImrTQrT7Ia\";s:17:\"customer_creation\";s:6:\"always\";s:16:\"customer_details\";a:6:{s:7:\"address\";a:6:{s:4:\"city\";N;s:7:\"country\";s:2:\"IN\";s:5:\"line1\";N;s:5:\"line2\";N;s:11:\"postal_code\";N;s:5:\"state\";N;}s:5:\"email\";s:21:\"robert@mailinator.com\";s:4:\"name\";s:13:\"Savan Kushwha\";s:5:\"phone\";N;s:10:\"tax_exempt\";s:4:\"none\";s:7:\"tax_ids\";a:0:{}}s:14:\"customer_email\";s:21:\"robert@mailinator.com\";s:10:\"expires_at\";i:1717755531;s:7:\"invoice\";s:27:\"in_1POdPvLaz1e579ovdDjVIIt0\";s:16:\"invoice_creation\";N;s:8:\"livemode\";b:0;s:6:\"locale\";N;s:8:\"metadata\";a:0:{}s:4:\"mode\";s:12:\"subscription\";s:14:\"payment_intent\";N;s:12:\"payment_link\";N;s:25:\"payment_method_collection\";s:6:\"always\";s:36:\"payment_method_configuration_details\";N;s:22:\"payment_method_options\";a:1:{s:4:\"card\";a:1:{s:22:\"request_three_d_secure\";s:9:\"automatic\";}}s:20:\"payment_method_types\";a:1:{i:0;s:4:\"card\";}s:14:\"payment_status\";s:4:\"paid\";s:23:\"phone_number_collection\";a:1:{s:7:\"enabled\";b:0;}s:14:\"recovered_from\";N;s:28:\"saved_payment_method_options\";a:3:{s:23:\"allow_redisplay_filters\";a:1:{i:0;s:6:\"always\";}s:21:\"payment_method_remove\";N;s:19:\"payment_method_save\";N;}s:12:\"setup_intent\";N;s:27:\"shipping_address_collection\";N;s:13:\"shipping_cost\";N;s:16:\"shipping_details\";N;s:16:\"shipping_options\";a:0:{}s:6:\"status\";s:8:\"complete\";s:11:\"submit_type\";N;s:12:\"subscription\";s:28:\"sub_1POdPvLaz1e579ovUf07x8xw\";s:11:\"success_url\";s:110:\"https://staging.turbochargedathletics.com/register-success?session_id={CHECKOUT_SESSION_ID}&subscription_id=29\";s:13:\"total_details\";a:3:{s:15:\"amount_discount\";i:0;s:15:\"amount_shipping\";i:0;s:10:\"amount_tax\";i:0;}s:7:\"ui_mode\";s:6:\"hosted\";s:3:\"url\";N;}s:4:\"code\";i:200;}s:14:\"saveWithParent\";b:0;}',	'active',	'2024-06-06 10:19:40',	'2024-06-06 10:19:40'),
(4,	30,	'2024-06-06 10:58:36',	NULL,	'complete',	'a:8:{s:8:\"\0*\0_opts\";O:26:\"Stripe\\Util\\RequestOptions\":3:{s:7:\"headers\";a:0:{}s:6:\"apiKey\";s:107:\"sk_test_51POMStLaz1e579ovYHOMTdJfMJobNUwOkAu0VKv4vuKzwWYm486RmGZrRjvimOocYWyYXcyCih0nzhJ8F6LKdoam00Tct6eKFH\";s:7:\"apiBase\";N;}s:18:\"\0*\0_originalValues\";a:51:{s:2:\"id\";s:66:\"cs_test_a1d6s5oSQrXPTBnw8Yj8bqR1VAgLZEOEA31GnFqZ0Zcvq2LTyHlDFJGDbP\";s:6:\"object\";s:16:\"checkout.session\";s:16:\"after_expiration\";N;s:21:\"allow_promotion_codes\";N;s:15:\"amount_subtotal\";i:50000;s:12:\"amount_total\";i:50000;s:13:\"automatic_tax\";a:3:{s:7:\"enabled\";b:0;s:9:\"liability\";N;s:6:\"status\";N;}s:26:\"billing_address_collection\";N;s:10:\"cancel_url\";s:57:\"https://staging.turbochargedathletics.com/register-cancel\";s:19:\"client_reference_id\";N;s:13:\"client_secret\";N;s:7:\"consent\";N;s:18:\"consent_collection\";N;s:7:\"created\";i:1717671480;s:8:\"currency\";s:3:\"usd\";s:19:\"currency_conversion\";N;s:13:\"custom_fields\";a:0:{}s:11:\"custom_text\";a:4:{s:12:\"after_submit\";N;s:16:\"shipping_address\";N;s:6:\"submit\";N;s:27:\"terms_of_service_acceptance\";N;}s:8:\"customer\";s:18:\"cus_QF8ITyZ2n5uIv8\";s:17:\"customer_creation\";s:6:\"always\";s:16:\"customer_details\";a:6:{s:7:\"address\";a:6:{s:4:\"city\";N;s:7:\"country\";s:2:\"IN\";s:5:\"line1\";N;s:5:\"line2\";N;s:11:\"postal_code\";N;s:5:\"state\";N;}s:5:\"email\";s:16:\"test+0@gmail.com\";s:4:\"name\";s:4:\"test\";s:5:\"phone\";N;s:10:\"tax_exempt\";s:4:\"none\";s:7:\"tax_ids\";a:0:{}}s:14:\"customer_email\";s:16:\"test+0@gmail.com\";s:10:\"expires_at\";i:1717757880;s:7:\"invoice\";s:27:\"in_1POe1bLaz1e579ov3vr1JXRz\";s:16:\"invoice_creation\";N;s:8:\"livemode\";b:0;s:6:\"locale\";N;s:8:\"metadata\";a:0:{}s:4:\"mode\";s:12:\"subscription\";s:14:\"payment_intent\";N;s:12:\"payment_link\";N;s:25:\"payment_method_collection\";s:6:\"always\";s:36:\"payment_method_configuration_details\";N;s:22:\"payment_method_options\";a:1:{s:4:\"card\";a:1:{s:22:\"request_three_d_secure\";s:9:\"automatic\";}}s:20:\"payment_method_types\";a:1:{i:0;s:4:\"card\";}s:14:\"payment_status\";s:4:\"paid\";s:23:\"phone_number_collection\";a:1:{s:7:\"enabled\";b:0;}s:14:\"recovered_from\";N;s:28:\"saved_payment_method_options\";a:3:{s:23:\"allow_redisplay_filters\";a:1:{i:0;s:6:\"always\";}s:21:\"payment_method_remove\";N;s:19:\"payment_method_save\";N;}s:12:\"setup_intent\";N;s:27:\"shipping_address_collection\";N;s:13:\"shipping_cost\";N;s:16:\"shipping_details\";N;s:16:\"shipping_options\";a:0:{}s:6:\"status\";s:8:\"complete\";s:11:\"submit_type\";N;s:12:\"subscription\";s:28:\"sub_1POe1bLaz1e579ovTUGagkQC\";s:11:\"success_url\";s:110:\"https://staging.turbochargedathletics.com/register-success?session_id={CHECKOUT_SESSION_ID}&subscription_id=30\";s:13:\"total_details\";a:3:{s:15:\"amount_discount\";i:0;s:15:\"amount_shipping\";i:0;s:10:\"amount_tax\";i:0;}s:7:\"ui_mode\";s:6:\"hosted\";s:3:\"url\";N;}s:10:\"\0*\0_values\";a:51:{s:2:\"id\";s:66:\"cs_test_a1d6s5oSQrXPTBnw8Yj8bqR1VAgLZEOEA31GnFqZ0Zcvq2LTyHlDFJGDbP\";s:6:\"object\";s:16:\"checkout.session\";s:16:\"after_expiration\";N;s:21:\"allow_promotion_codes\";N;s:15:\"amount_subtotal\";i:50000;s:12:\"amount_total\";i:50000;s:13:\"automatic_tax\";O:19:\"Stripe\\StripeObject\":7:{s:8:\"\0*\0_opts\";O:26:\"Stripe\\Util\\RequestOptions\":3:{s:7:\"headers\";a:0:{}s:6:\"apiKey\";s:107:\"sk_test_51POMStLaz1e579ovYHOMTdJfMJobNUwOkAu0VKv4vuKzwWYm486RmGZrRjvimOocYWyYXcyCih0nzhJ8F6LKdoam00Tct6eKFH\";s:7:\"apiBase\";N;}s:18:\"\0*\0_originalValues\";a:3:{s:7:\"enabled\";b:0;s:9:\"liability\";N;s:6:\"status\";N;}s:10:\"\0*\0_values\";a:3:{s:7:\"enabled\";b:0;s:9:\"liability\";N;s:6:\"status\";N;}s:17:\"\0*\0_unsavedValues\";O:15:\"Stripe\\Util\\Set\":1:{s:22:\"\0Stripe\\Util\\Set\0_elts\";a:0:{}}s:19:\"\0*\0_transientValues\";O:15:\"Stripe\\Util\\Set\":1:{s:22:\"\0Stripe\\Util\\Set\0_elts\";a:0:{}}s:19:\"\0*\0_retrieveOptions\";a:0:{}s:16:\"\0*\0_lastResponse\";N;}s:26:\"billing_address_collection\";N;s:10:\"cancel_url\";s:57:\"https://staging.turbochargedathletics.com/register-cancel\";s:19:\"client_reference_id\";N;s:13:\"client_secret\";N;s:7:\"consent\";N;s:18:\"consent_collection\";N;s:7:\"created\";i:1717671480;s:8:\"currency\";s:3:\"usd\";s:19:\"currency_conversion\";N;s:13:\"custom_fields\";a:0:{}s:11:\"custom_text\";O:19:\"Stripe\\StripeObject\":7:{s:8:\"\0*\0_opts\";O:26:\"Stripe\\Util\\RequestOptions\":3:{s:7:\"headers\";a:0:{}s:6:\"apiKey\";s:107:\"sk_test_51POMStLaz1e579ovYHOMTdJfMJobNUwOkAu0VKv4vuKzwWYm486RmGZrRjvimOocYWyYXcyCih0nzhJ8F6LKdoam00Tct6eKFH\";s:7:\"apiBase\";N;}s:18:\"\0*\0_originalValues\";a:4:{s:12:\"after_submit\";N;s:16:\"shipping_address\";N;s:6:\"submit\";N;s:27:\"terms_of_service_acceptance\";N;}s:10:\"\0*\0_values\";a:4:{s:12:\"after_submit\";N;s:16:\"shipping_address\";N;s:6:\"submit\";N;s:27:\"terms_of_service_acceptance\";N;}s:17:\"\0*\0_unsavedValues\";O:15:\"Stripe\\Util\\Set\":1:{s:22:\"\0Stripe\\Util\\Set\0_elts\";a:0:{}}s:19:\"\0*\0_transientValues\";O:15:\"Stripe\\Util\\Set\":1:{s:22:\"\0Stripe\\Util\\Set\0_elts\";a:0:{}}s:19:\"\0*\0_retrieveOptions\";a:0:{}s:16:\"\0*\0_lastResponse\";N;}s:8:\"customer\";s:18:\"cus_QF8ITyZ2n5uIv8\";s:17:\"customer_creation\";s:6:\"always\";s:16:\"customer_details\";O:19:\"Stripe\\StripeObject\":7:{s:8:\"\0*\0_opts\";O:26:\"Stripe\\Util\\RequestOptions\":3:{s:7:\"headers\";a:0:{}s:6:\"apiKey\";s:107:\"sk_test_51POMStLaz1e579ovYHOMTdJfMJobNUwOkAu0VKv4vuKzwWYm486RmGZrRjvimOocYWyYXcyCih0nzhJ8F6LKdoam00Tct6eKFH\";s:7:\"apiBase\";N;}s:18:\"\0*\0_originalValues\";a:6:{s:7:\"address\";a:6:{s:4:\"city\";N;s:7:\"country\";s:2:\"IN\";s:5:\"line1\";N;s:5:\"line2\";N;s:11:\"postal_code\";N;s:5:\"state\";N;}s:5:\"email\";s:16:\"test+0@gmail.com\";s:4:\"name\";s:4:\"test\";s:5:\"phone\";N;s:10:\"tax_exempt\";s:4:\"none\";s:7:\"tax_ids\";a:0:{}}s:10:\"\0*\0_values\";a:6:{s:7:\"address\";O:19:\"Stripe\\StripeObject\":7:{s:8:\"\0*\0_opts\";O:26:\"Stripe\\Util\\RequestOptions\":3:{s:7:\"headers\";a:0:{}s:6:\"apiKey\";s:107:\"sk_test_51POMStLaz1e579ovYHOMTdJfMJobNUwOkAu0VKv4vuKzwWYm486RmGZrRjvimOocYWyYXcyCih0nzhJ8F6LKdoam00Tct6eKFH\";s:7:\"apiBase\";N;}s:18:\"\0*\0_originalValues\";a:6:{s:4:\"city\";N;s:7:\"country\";s:2:\"IN\";s:5:\"line1\";N;s:5:\"line2\";N;s:11:\"postal_code\";N;s:5:\"state\";N;}s:10:\"\0*\0_values\";a:6:{s:4:\"city\";N;s:7:\"country\";s:2:\"IN\";s:5:\"line1\";N;s:5:\"line2\";N;s:11:\"postal_code\";N;s:5:\"state\";N;}s:17:\"\0*\0_unsavedValues\";O:15:\"Stripe\\Util\\Set\":1:{s:22:\"\0Stripe\\Util\\Set\0_elts\";a:0:{}}s:19:\"\0*\0_transientValues\";O:15:\"Stripe\\Util\\Set\":1:{s:22:\"\0Stripe\\Util\\Set\0_elts\";a:0:{}}s:19:\"\0*\0_retrieveOptions\";a:0:{}s:16:\"\0*\0_lastResponse\";N;}s:5:\"email\";s:16:\"test+0@gmail.com\";s:4:\"name\";s:4:\"test\";s:5:\"phone\";N;s:10:\"tax_exempt\";s:4:\"none\";s:7:\"tax_ids\";a:0:{}}s:17:\"\0*\0_unsavedValues\";O:15:\"Stripe\\Util\\Set\":1:{s:22:\"\0Stripe\\Util\\Set\0_elts\";a:0:{}}s:19:\"\0*\0_transientValues\";O:15:\"Stripe\\Util\\Set\":1:{s:22:\"\0Stripe\\Util\\Set\0_elts\";a:0:{}}s:19:\"\0*\0_retrieveOptions\";a:0:{}s:16:\"\0*\0_lastResponse\";N;}s:14:\"customer_email\";s:16:\"test+0@gmail.com\";s:10:\"expires_at\";i:1717757880;s:7:\"invoice\";s:27:\"in_1POe1bLaz1e579ov3vr1JXRz\";s:16:\"invoice_creation\";N;s:8:\"livemode\";b:0;s:6:\"locale\";N;s:8:\"metadata\";O:19:\"Stripe\\StripeObject\":7:{s:8:\"\0*\0_opts\";O:26:\"Stripe\\Util\\RequestOptions\":3:{s:7:\"headers\";a:0:{}s:6:\"apiKey\";s:107:\"sk_test_51POMStLaz1e579ovYHOMTdJfMJobNUwOkAu0VKv4vuKzwWYm486RmGZrRjvimOocYWyYXcyCih0nzhJ8F6LKdoam00Tct6eKFH\";s:7:\"apiBase\";N;}s:18:\"\0*\0_originalValues\";a:0:{}s:10:\"\0*\0_values\";a:0:{}s:17:\"\0*\0_unsavedValues\";O:15:\"Stripe\\Util\\Set\":1:{s:22:\"\0Stripe\\Util\\Set\0_elts\";a:0:{}}s:19:\"\0*\0_transientValues\";O:15:\"Stripe\\Util\\Set\":1:{s:22:\"\0Stripe\\Util\\Set\0_elts\";a:0:{}}s:19:\"\0*\0_retrieveOptions\";a:0:{}s:16:\"\0*\0_lastResponse\";N;}s:4:\"mode\";s:12:\"subscription\";s:14:\"payment_intent\";N;s:12:\"payment_link\";N;s:25:\"payment_method_collection\";s:6:\"always\";s:36:\"payment_method_configuration_details\";N;s:22:\"payment_method_options\";O:19:\"Stripe\\StripeObject\":7:{s:8:\"\0*\0_opts\";O:26:\"Stripe\\Util\\RequestOptions\":3:{s:7:\"headers\";a:0:{}s:6:\"apiKey\";s:107:\"sk_test_51POMStLaz1e579ovYHOMTdJfMJobNUwOkAu0VKv4vuKzwWYm486RmGZrRjvimOocYWyYXcyCih0nzhJ8F6LKdoam00Tct6eKFH\";s:7:\"apiBase\";N;}s:18:\"\0*\0_originalValues\";a:1:{s:4:\"card\";a:1:{s:22:\"request_three_d_secure\";s:9:\"automatic\";}}s:10:\"\0*\0_values\";a:1:{s:4:\"card\";O:19:\"Stripe\\StripeObject\":7:{s:8:\"\0*\0_opts\";O:26:\"Stripe\\Util\\RequestOptions\":3:{s:7:\"headers\";a:0:{}s:6:\"apiKey\";s:107:\"sk_test_51POMStLaz1e579ovYHOMTdJfMJobNUwOkAu0VKv4vuKzwWYm486RmGZrRjvimOocYWyYXcyCih0nzhJ8F6LKdoam00Tct6eKFH\";s:7:\"apiBase\";N;}s:18:\"\0*\0_originalValues\";a:1:{s:22:\"request_three_d_secure\";s:9:\"automatic\";}s:10:\"\0*\0_values\";a:1:{s:22:\"request_three_d_secure\";s:9:\"automatic\";}s:17:\"\0*\0_unsavedValues\";O:15:\"Stripe\\Util\\Set\":1:{s:22:\"\0Stripe\\Util\\Set\0_elts\";a:0:{}}s:19:\"\0*\0_transientValues\";O:15:\"Stripe\\Util\\Set\":1:{s:22:\"\0Stripe\\Util\\Set\0_elts\";a:0:{}}s:19:\"\0*\0_retrieveOptions\";a:0:{}s:16:\"\0*\0_lastResponse\";N;}}s:17:\"\0*\0_unsavedValues\";O:15:\"Stripe\\Util\\Set\":1:{s:22:\"\0Stripe\\Util\\Set\0_elts\";a:0:{}}s:19:\"\0*\0_transientValues\";O:15:\"Stripe\\Util\\Set\":1:{s:22:\"\0Stripe\\Util\\Set\0_elts\";a:0:{}}s:19:\"\0*\0_retrieveOptions\";a:0:{}s:16:\"\0*\0_lastResponse\";N;}s:20:\"payment_method_types\";a:1:{i:0;s:4:\"card\";}s:14:\"payment_status\";s:4:\"paid\";s:23:\"phone_number_collection\";O:19:\"Stripe\\StripeObject\":7:{s:8:\"\0*\0_opts\";O:26:\"Stripe\\Util\\RequestOptions\":3:{s:7:\"headers\";a:0:{}s:6:\"apiKey\";s:107:\"sk_test_51POMStLaz1e579ovYHOMTdJfMJobNUwOkAu0VKv4vuKzwWYm486RmGZrRjvimOocYWyYXcyCih0nzhJ8F6LKdoam00Tct6eKFH\";s:7:\"apiBase\";N;}s:18:\"\0*\0_originalValues\";a:1:{s:7:\"enabled\";b:0;}s:10:\"\0*\0_values\";a:1:{s:7:\"enabled\";b:0;}s:17:\"\0*\0_unsavedValues\";O:15:\"Stripe\\Util\\Set\":1:{s:22:\"\0Stripe\\Util\\Set\0_elts\";a:0:{}}s:19:\"\0*\0_transientValues\";O:15:\"Stripe\\Util\\Set\":1:{s:22:\"\0Stripe\\Util\\Set\0_elts\";a:0:{}}s:19:\"\0*\0_retrieveOptions\";a:0:{}s:16:\"\0*\0_lastResponse\";N;}s:14:\"recovered_from\";N;s:28:\"saved_payment_method_options\";O:19:\"Stripe\\StripeObject\":7:{s:8:\"\0*\0_opts\";O:26:\"Stripe\\Util\\RequestOptions\":3:{s:7:\"headers\";a:0:{}s:6:\"apiKey\";s:107:\"sk_test_51POMStLaz1e579ovYHOMTdJfMJobNUwOkAu0VKv4vuKzwWYm486RmGZrRjvimOocYWyYXcyCih0nzhJ8F6LKdoam00Tct6eKFH\";s:7:\"apiBase\";N;}s:18:\"\0*\0_originalValues\";a:3:{s:23:\"allow_redisplay_filters\";a:1:{i:0;s:6:\"always\";}s:21:\"payment_method_remove\";N;s:19:\"payment_method_save\";N;}s:10:\"\0*\0_values\";a:3:{s:23:\"allow_redisplay_filters\";a:1:{i:0;s:6:\"always\";}s:21:\"payment_method_remove\";N;s:19:\"payment_method_save\";N;}s:17:\"\0*\0_unsavedValues\";O:15:\"Stripe\\Util\\Set\":1:{s:22:\"\0Stripe\\Util\\Set\0_elts\";a:0:{}}s:19:\"\0*\0_transientValues\";O:15:\"Stripe\\Util\\Set\":1:{s:22:\"\0Stripe\\Util\\Set\0_elts\";a:0:{}}s:19:\"\0*\0_retrieveOptions\";a:0:{}s:16:\"\0*\0_lastResponse\";N;}s:12:\"setup_intent\";N;s:27:\"shipping_address_collection\";N;s:13:\"shipping_cost\";N;s:16:\"shipping_details\";N;s:16:\"shipping_options\";a:0:{}s:6:\"status\";s:8:\"complete\";s:11:\"submit_type\";N;s:12:\"subscription\";s:28:\"sub_1POe1bLaz1e579ovTUGagkQC\";s:11:\"success_url\";s:110:\"https://staging.turbochargedathletics.com/register-success?session_id={CHECKOUT_SESSION_ID}&subscription_id=30\";s:13:\"total_details\";O:19:\"Stripe\\StripeObject\":7:{s:8:\"\0*\0_opts\";O:26:\"Stripe\\Util\\RequestOptions\":3:{s:7:\"headers\";a:0:{}s:6:\"apiKey\";s:107:\"sk_test_51POMStLaz1e579ovYHOMTdJfMJobNUwOkAu0VKv4vuKzwWYm486RmGZrRjvimOocYWyYXcyCih0nzhJ8F6LKdoam00Tct6eKFH\";s:7:\"apiBase\";N;}s:18:\"\0*\0_originalValues\";a:3:{s:15:\"amount_discount\";i:0;s:15:\"amount_shipping\";i:0;s:10:\"amount_tax\";i:0;}s:10:\"\0*\0_values\";a:3:{s:15:\"amount_discount\";i:0;s:15:\"amount_shipping\";i:0;s:10:\"amount_tax\";i:0;}s:17:\"\0*\0_unsavedValues\";O:15:\"Stripe\\Util\\Set\":1:{s:22:\"\0Stripe\\Util\\Set\0_elts\";a:0:{}}s:19:\"\0*\0_transientValues\";O:15:\"Stripe\\Util\\Set\":1:{s:22:\"\0Stripe\\Util\\Set\0_elts\";a:0:{}}s:19:\"\0*\0_retrieveOptions\";a:0:{}s:16:\"\0*\0_lastResponse\";N;}s:7:\"ui_mode\";s:6:\"hosted\";s:3:\"url\";N;}s:17:\"\0*\0_unsavedValues\";O:15:\"Stripe\\Util\\Set\":1:{s:22:\"\0Stripe\\Util\\Set\0_elts\";a:0:{}}s:19:\"\0*\0_transientValues\";O:15:\"Stripe\\Util\\Set\":1:{s:22:\"\0Stripe\\Util\\Set\0_elts\";a:0:{}}s:19:\"\0*\0_retrieveOptions\";a:0:{}s:16:\"\0*\0_lastResponse\";O:18:\"Stripe\\ApiResponse\":4:{s:7:\"headers\";O:32:\"Stripe\\Util\\CaseInsensitiveArray\":1:{s:43:\"\0Stripe\\Util\\CaseInsensitiveArray\0container\";a:20:{s:6:\"server\";s:5:\"nginx\";s:4:\"date\";s:29:\"Thu, 06 Jun 2024 10:58:36 GMT\";s:12:\"content-type\";s:16:\"application/json\";s:14:\"content-length\";s:4:\"2431\";s:32:\"access-control-allow-credentials\";s:4:\"true\";s:28:\"access-control-allow-methods\";s:30:\"GET,HEAD,PUT,PATCH,POST,DELETE\";s:27:\"access-control-allow-origin\";s:1:\"*\";s:29:\"access-control-expose-headers\";s:125:\"Request-Id, Stripe-Manage-Version, Stripe-Should-Retry, X-Stripe-External-Auth-Required, X-Stripe-Privileged-Session-Required\";s:22:\"access-control-max-age\";s:3:\"300\";s:13:\"cache-control\";s:18:\"no-cache, no-store\";s:23:\"content-security-policy\";s:257:\"report-uri https://q.stripe.com/csp-report?p=v1%2Fcheckout%2Fsessions%2F%3Asession; block-all-mixed-content; default-src \'none\'; base-uri \'none\'; form-action \'none\'; frame-ancestors \'none\'; img-src \'self\'; script-src \'self\' \'report-sample\'; style-src \'self\'\";s:38:\"cross-origin-opener-policy-report-only\";s:29:\"same-origin; report-to=\"coop\"\";s:9:\"report-to\";s:130:\"{\"group\":\"coop\",\"max_age\":8640,\"endpoints\":[{\"url\":\"https://q.stripe.com/coop-report?s=mono-bapi-srv\"}],\"include_subdomains\":true}\";s:19:\"reporting-endpoints\";s:55:\"coop=\"https://q.stripe.com/coop-report?s=mono-bapi-srv\"\";s:10:\"request-id\";s:18:\"req_FJhDquzuys3wiA\";s:14:\"stripe-version\";s:10:\"2023-10-16\";s:4:\"vary\";s:6:\"Origin\";s:22:\"x-content-type-options\";s:7:\"nosniff\";s:38:\"x-stripe-routing-context-priority-tier\";s:12:\"api-testmode\";s:25:\"strict-transport-security\";s:44:\"max-age=63072000; includeSubDomains; preload\";}}s:4:\"body\";s:2431:\"{\n  \"id\": \"cs_test_a1d6s5oSQrXPTBnw8Yj8bqR1VAgLZEOEA31GnFqZ0Zcvq2LTyHlDFJGDbP\",\n  \"object\": \"checkout.session\",\n  \"after_expiration\": null,\n  \"allow_promotion_codes\": null,\n  \"amount_subtotal\": 50000,\n  \"amount_total\": 50000,\n  \"automatic_tax\": {\n    \"enabled\": false,\n    \"liability\": null,\n    \"status\": null\n  },\n  \"billing_address_collection\": null,\n  \"cancel_url\": \"https://staging.turbochargedathletics.com/register-cancel\",\n  \"client_reference_id\": null,\n  \"client_secret\": null,\n  \"consent\": null,\n  \"consent_collection\": null,\n  \"created\": 1717671480,\n  \"currency\": \"usd\",\n  \"currency_conversion\": null,\n  \"custom_fields\": [],\n  \"custom_text\": {\n    \"after_submit\": null,\n    \"shipping_address\": null,\n    \"submit\": null,\n    \"terms_of_service_acceptance\": null\n  },\n  \"customer\": \"cus_QF8ITyZ2n5uIv8\",\n  \"customer_creation\": \"always\",\n  \"customer_details\": {\n    \"address\": {\n      \"city\": null,\n      \"country\": \"IN\",\n      \"line1\": null,\n      \"line2\": null,\n      \"postal_code\": null,\n      \"state\": null\n    },\n    \"email\": \"test+0@gmail.com\",\n    \"name\": \"test\",\n    \"phone\": null,\n    \"tax_exempt\": \"none\",\n    \"tax_ids\": []\n  },\n  \"customer_email\": \"test+0@gmail.com\",\n  \"expires_at\": 1717757880,\n  \"invoice\": \"in_1POe1bLaz1e579ov3vr1JXRz\",\n  \"invoice_creation\": null,\n  \"livemode\": false,\n  \"locale\": null,\n  \"metadata\": {},\n  \"mode\": \"subscription\",\n  \"payment_intent\": null,\n  \"payment_link\": null,\n  \"payment_method_collection\": \"always\",\n  \"payment_method_configuration_details\": null,\n  \"payment_method_options\": {\n    \"card\": {\n      \"request_three_d_secure\": \"automatic\"\n    }\n  },\n  \"payment_method_types\": [\n    \"card\"\n  ],\n  \"payment_status\": \"paid\",\n  \"phone_number_collection\": {\n    \"enabled\": false\n  },\n  \"recovered_from\": null,\n  \"saved_payment_method_options\": {\n    \"allow_redisplay_filters\": [\n      \"always\"\n    ],\n    \"payment_method_remove\": null,\n    \"payment_method_save\": null\n  },\n  \"setup_intent\": null,\n  \"shipping_address_collection\": null,\n  \"shipping_cost\": null,\n  \"shipping_details\": null,\n  \"shipping_options\": [],\n  \"status\": \"complete\",\n  \"submit_type\": null,\n  \"subscription\": \"sub_1POe1bLaz1e579ovTUGagkQC\",\n  \"success_url\": \"https://staging.turbochargedathletics.com/register-success?session_id={CHECKOUT_SESSION_ID}&subscription_id=30\",\n  \"total_details\": {\n    \"amount_discount\": 0,\n    \"amount_shipping\": 0,\n    \"amount_tax\": 0\n  },\n  \"ui_mode\": \"hosted\",\n  \"url\": null\n}\";s:4:\"json\";a:51:{s:2:\"id\";s:66:\"cs_test_a1d6s5oSQrXPTBnw8Yj8bqR1VAgLZEOEA31GnFqZ0Zcvq2LTyHlDFJGDbP\";s:6:\"object\";s:16:\"checkout.session\";s:16:\"after_expiration\";N;s:21:\"allow_promotion_codes\";N;s:15:\"amount_subtotal\";i:50000;s:12:\"amount_total\";i:50000;s:13:\"automatic_tax\";a:3:{s:7:\"enabled\";b:0;s:9:\"liability\";N;s:6:\"status\";N;}s:26:\"billing_address_collection\";N;s:10:\"cancel_url\";s:57:\"https://staging.turbochargedathletics.com/register-cancel\";s:19:\"client_reference_id\";N;s:13:\"client_secret\";N;s:7:\"consent\";N;s:18:\"consent_collection\";N;s:7:\"created\";i:1717671480;s:8:\"currency\";s:3:\"usd\";s:19:\"currency_conversion\";N;s:13:\"custom_fields\";a:0:{}s:11:\"custom_text\";a:4:{s:12:\"after_submit\";N;s:16:\"shipping_address\";N;s:6:\"submit\";N;s:27:\"terms_of_service_acceptance\";N;}s:8:\"customer\";s:18:\"cus_QF8ITyZ2n5uIv8\";s:17:\"customer_creation\";s:6:\"always\";s:16:\"customer_details\";a:6:{s:7:\"address\";a:6:{s:4:\"city\";N;s:7:\"country\";s:2:\"IN\";s:5:\"line1\";N;s:5:\"line2\";N;s:11:\"postal_code\";N;s:5:\"state\";N;}s:5:\"email\";s:16:\"test+0@gmail.com\";s:4:\"name\";s:4:\"test\";s:5:\"phone\";N;s:10:\"tax_exempt\";s:4:\"none\";s:7:\"tax_ids\";a:0:{}}s:14:\"customer_email\";s:16:\"test+0@gmail.com\";s:10:\"expires_at\";i:1717757880;s:7:\"invoice\";s:27:\"in_1POe1bLaz1e579ov3vr1JXRz\";s:16:\"invoice_creation\";N;s:8:\"livemode\";b:0;s:6:\"locale\";N;s:8:\"metadata\";a:0:{}s:4:\"mode\";s:12:\"subscription\";s:14:\"payment_intent\";N;s:12:\"payment_link\";N;s:25:\"payment_method_collection\";s:6:\"always\";s:36:\"payment_method_configuration_details\";N;s:22:\"payment_method_options\";a:1:{s:4:\"card\";a:1:{s:22:\"request_three_d_secure\";s:9:\"automatic\";}}s:20:\"payment_method_types\";a:1:{i:0;s:4:\"card\";}s:14:\"payment_status\";s:4:\"paid\";s:23:\"phone_number_collection\";a:1:{s:7:\"enabled\";b:0;}s:14:\"recovered_from\";N;s:28:\"saved_payment_method_options\";a:3:{s:23:\"allow_redisplay_filters\";a:1:{i:0;s:6:\"always\";}s:21:\"payment_method_remove\";N;s:19:\"payment_method_save\";N;}s:12:\"setup_intent\";N;s:27:\"shipping_address_collection\";N;s:13:\"shipping_cost\";N;s:16:\"shipping_details\";N;s:16:\"shipping_options\";a:0:{}s:6:\"status\";s:8:\"complete\";s:11:\"submit_type\";N;s:12:\"subscription\";s:28:\"sub_1POe1bLaz1e579ovTUGagkQC\";s:11:\"success_url\";s:110:\"https://staging.turbochargedathletics.com/register-success?session_id={CHECKOUT_SESSION_ID}&subscription_id=30\";s:13:\"total_details\";a:3:{s:15:\"amount_discount\";i:0;s:15:\"amount_shipping\";i:0;s:10:\"amount_tax\";i:0;}s:7:\"ui_mode\";s:6:\"hosted\";s:3:\"url\";N;}s:4:\"code\";i:200;}s:14:\"saveWithParent\";b:0;}',	'active',	'2024-06-06 10:58:36',	'2024-06-06 10:58:36'),
(5,	31,	'2024-06-06 11:02:14',	NULL,	'complete',	'a:8:{s:8:\"\0*\0_opts\";O:26:\"Stripe\\Util\\RequestOptions\":3:{s:7:\"headers\";a:0:{}s:6:\"apiKey\";s:107:\"sk_test_51POMStLaz1e579ovYHOMTdJfMJobNUwOkAu0VKv4vuKzwWYm486RmGZrRjvimOocYWyYXcyCih0nzhJ8F6LKdoam00Tct6eKFH\";s:7:\"apiBase\";N;}s:18:\"\0*\0_originalValues\";a:51:{s:2:\"id\";s:66:\"cs_test_a1tnAUJNee6SaFoSinsxDgSMW2lpsIJ73Z2tYBep5PuWkqD9cbdTnQMT3v\";s:6:\"object\";s:16:\"checkout.session\";s:16:\"after_expiration\";N;s:21:\"allow_promotion_codes\";N;s:15:\"amount_subtotal\";i:50000;s:12:\"amount_total\";i:50000;s:13:\"automatic_tax\";a:3:{s:7:\"enabled\";b:0;s:9:\"liability\";N;s:6:\"status\";N;}s:26:\"billing_address_collection\";N;s:10:\"cancel_url\";s:57:\"https://staging.turbochargedathletics.com/register-cancel\";s:19:\"client_reference_id\";N;s:13:\"client_secret\";N;s:7:\"consent\";N;s:18:\"consent_collection\";N;s:7:\"created\";i:1717671616;s:8:\"currency\";s:3:\"usd\";s:19:\"currency_conversion\";N;s:13:\"custom_fields\";a:0:{}s:11:\"custom_text\";a:4:{s:12:\"after_submit\";N;s:16:\"shipping_address\";N;s:6:\"submit\";N;s:27:\"terms_of_service_acceptance\";N;}s:8:\"customer\";s:18:\"cus_QF8LnW5bERJKJB\";s:17:\"customer_creation\";s:6:\"always\";s:16:\"customer_details\";a:6:{s:7:\"address\";a:6:{s:4:\"city\";N;s:7:\"country\";s:2:\"IN\";s:5:\"line1\";N;s:5:\"line2\";N;s:11:\"postal_code\";N;s:5:\"state\";N;}s:5:\"email\";s:17:\"test+00@gmail.com\";s:4:\"name\";s:4:\"test\";s:5:\"phone\";N;s:10:\"tax_exempt\";s:4:\"none\";s:7:\"tax_ids\";a:0:{}}s:14:\"customer_email\";s:17:\"test+00@gmail.com\";s:10:\"expires_at\";i:1717758015;s:7:\"invoice\";s:27:\"in_1POe57Laz1e579ovoHHm4qHZ\";s:16:\"invoice_creation\";N;s:8:\"livemode\";b:0;s:6:\"locale\";N;s:8:\"metadata\";a:0:{}s:4:\"mode\";s:12:\"subscription\";s:14:\"payment_intent\";N;s:12:\"payment_link\";N;s:25:\"payment_method_collection\";s:6:\"always\";s:36:\"payment_method_configuration_details\";N;s:22:\"payment_method_options\";a:1:{s:4:\"card\";a:1:{s:22:\"request_three_d_secure\";s:9:\"automatic\";}}s:20:\"payment_method_types\";a:1:{i:0;s:4:\"card\";}s:14:\"payment_status\";s:4:\"paid\";s:23:\"phone_number_collection\";a:1:{s:7:\"enabled\";b:0;}s:14:\"recovered_from\";N;s:28:\"saved_payment_method_options\";a:3:{s:23:\"allow_redisplay_filters\";a:1:{i:0;s:6:\"always\";}s:21:\"payment_method_remove\";N;s:19:\"payment_method_save\";N;}s:12:\"setup_intent\";N;s:27:\"shipping_address_collection\";N;s:13:\"shipping_cost\";N;s:16:\"shipping_details\";N;s:16:\"shipping_options\";a:0:{}s:6:\"status\";s:8:\"complete\";s:11:\"submit_type\";N;s:12:\"subscription\";s:28:\"sub_1POe57Laz1e579ov2kAXoEFs\";s:11:\"success_url\";s:110:\"https://staging.turbochargedathletics.com/register-success?session_id={CHECKOUT_SESSION_ID}&subscription_id=31\";s:13:\"total_details\";a:3:{s:15:\"amount_discount\";i:0;s:15:\"amount_shipping\";i:0;s:10:\"amount_tax\";i:0;}s:7:\"ui_mode\";s:6:\"hosted\";s:3:\"url\";N;}s:10:\"\0*\0_values\";a:51:{s:2:\"id\";s:66:\"cs_test_a1tnAUJNee6SaFoSinsxDgSMW2lpsIJ73Z2tYBep5PuWkqD9cbdTnQMT3v\";s:6:\"object\";s:16:\"checkout.session\";s:16:\"after_expiration\";N;s:21:\"allow_promotion_codes\";N;s:15:\"amount_subtotal\";i:50000;s:12:\"amount_total\";i:50000;s:13:\"automatic_tax\";O:19:\"Stripe\\StripeObject\":7:{s:8:\"\0*\0_opts\";O:26:\"Stripe\\Util\\RequestOptions\":3:{s:7:\"headers\";a:0:{}s:6:\"apiKey\";s:107:\"sk_test_51POMStLaz1e579ovYHOMTdJfMJobNUwOkAu0VKv4vuKzwWYm486RmGZrRjvimOocYWyYXcyCih0nzhJ8F6LKdoam00Tct6eKFH\";s:7:\"apiBase\";N;}s:18:\"\0*\0_originalValues\";a:3:{s:7:\"enabled\";b:0;s:9:\"liability\";N;s:6:\"status\";N;}s:10:\"\0*\0_values\";a:3:{s:7:\"enabled\";b:0;s:9:\"liability\";N;s:6:\"status\";N;}s:17:\"\0*\0_unsavedValues\";O:15:\"Stripe\\Util\\Set\":1:{s:22:\"\0Stripe\\Util\\Set\0_elts\";a:0:{}}s:19:\"\0*\0_transientValues\";O:15:\"Stripe\\Util\\Set\":1:{s:22:\"\0Stripe\\Util\\Set\0_elts\";a:0:{}}s:19:\"\0*\0_retrieveOptions\";a:0:{}s:16:\"\0*\0_lastResponse\";N;}s:26:\"billing_address_collection\";N;s:10:\"cancel_url\";s:57:\"https://staging.turbochargedathletics.com/register-cancel\";s:19:\"client_reference_id\";N;s:13:\"client_secret\";N;s:7:\"consent\";N;s:18:\"consent_collection\";N;s:7:\"created\";i:1717671616;s:8:\"currency\";s:3:\"usd\";s:19:\"currency_conversion\";N;s:13:\"custom_fields\";a:0:{}s:11:\"custom_text\";O:19:\"Stripe\\StripeObject\":7:{s:8:\"\0*\0_opts\";O:26:\"Stripe\\Util\\RequestOptions\":3:{s:7:\"headers\";a:0:{}s:6:\"apiKey\";s:107:\"sk_test_51POMStLaz1e579ovYHOMTdJfMJobNUwOkAu0VKv4vuKzwWYm486RmGZrRjvimOocYWyYXcyCih0nzhJ8F6LKdoam00Tct6eKFH\";s:7:\"apiBase\";N;}s:18:\"\0*\0_originalValues\";a:4:{s:12:\"after_submit\";N;s:16:\"shipping_address\";N;s:6:\"submit\";N;s:27:\"terms_of_service_acceptance\";N;}s:10:\"\0*\0_values\";a:4:{s:12:\"after_submit\";N;s:16:\"shipping_address\";N;s:6:\"submit\";N;s:27:\"terms_of_service_acceptance\";N;}s:17:\"\0*\0_unsavedValues\";O:15:\"Stripe\\Util\\Set\":1:{s:22:\"\0Stripe\\Util\\Set\0_elts\";a:0:{}}s:19:\"\0*\0_transientValues\";O:15:\"Stripe\\Util\\Set\":1:{s:22:\"\0Stripe\\Util\\Set\0_elts\";a:0:{}}s:19:\"\0*\0_retrieveOptions\";a:0:{}s:16:\"\0*\0_lastResponse\";N;}s:8:\"customer\";s:18:\"cus_QF8LnW5bERJKJB\";s:17:\"customer_creation\";s:6:\"always\";s:16:\"customer_details\";O:19:\"Stripe\\StripeObject\":7:{s:8:\"\0*\0_opts\";O:26:\"Stripe\\Util\\RequestOptions\":3:{s:7:\"headers\";a:0:{}s:6:\"apiKey\";s:107:\"sk_test_51POMStLaz1e579ovYHOMTdJfMJobNUwOkAu0VKv4vuKzwWYm486RmGZrRjvimOocYWyYXcyCih0nzhJ8F6LKdoam00Tct6eKFH\";s:7:\"apiBase\";N;}s:18:\"\0*\0_originalValues\";a:6:{s:7:\"address\";a:6:{s:4:\"city\";N;s:7:\"country\";s:2:\"IN\";s:5:\"line1\";N;s:5:\"line2\";N;s:11:\"postal_code\";N;s:5:\"state\";N;}s:5:\"email\";s:17:\"test+00@gmail.com\";s:4:\"name\";s:4:\"test\";s:5:\"phone\";N;s:10:\"tax_exempt\";s:4:\"none\";s:7:\"tax_ids\";a:0:{}}s:10:\"\0*\0_values\";a:6:{s:7:\"address\";O:19:\"Stripe\\StripeObject\":7:{s:8:\"\0*\0_opts\";O:26:\"Stripe\\Util\\RequestOptions\":3:{s:7:\"headers\";a:0:{}s:6:\"apiKey\";s:107:\"sk_test_51POMStLaz1e579ovYHOMTdJfMJobNUwOkAu0VKv4vuKzwWYm486RmGZrRjvimOocYWyYXcyCih0nzhJ8F6LKdoam00Tct6eKFH\";s:7:\"apiBase\";N;}s:18:\"\0*\0_originalValues\";a:6:{s:4:\"city\";N;s:7:\"country\";s:2:\"IN\";s:5:\"line1\";N;s:5:\"line2\";N;s:11:\"postal_code\";N;s:5:\"state\";N;}s:10:\"\0*\0_values\";a:6:{s:4:\"city\";N;s:7:\"country\";s:2:\"IN\";s:5:\"line1\";N;s:5:\"line2\";N;s:11:\"postal_code\";N;s:5:\"state\";N;}s:17:\"\0*\0_unsavedValues\";O:15:\"Stripe\\Util\\Set\":1:{s:22:\"\0Stripe\\Util\\Set\0_elts\";a:0:{}}s:19:\"\0*\0_transientValues\";O:15:\"Stripe\\Util\\Set\":1:{s:22:\"\0Stripe\\Util\\Set\0_elts\";a:0:{}}s:19:\"\0*\0_retrieveOptions\";a:0:{}s:16:\"\0*\0_lastResponse\";N;}s:5:\"email\";s:17:\"test+00@gmail.com\";s:4:\"name\";s:4:\"test\";s:5:\"phone\";N;s:10:\"tax_exempt\";s:4:\"none\";s:7:\"tax_ids\";a:0:{}}s:17:\"\0*\0_unsavedValues\";O:15:\"Stripe\\Util\\Set\":1:{s:22:\"\0Stripe\\Util\\Set\0_elts\";a:0:{}}s:19:\"\0*\0_transientValues\";O:15:\"Stripe\\Util\\Set\":1:{s:22:\"\0Stripe\\Util\\Set\0_elts\";a:0:{}}s:19:\"\0*\0_retrieveOptions\";a:0:{}s:16:\"\0*\0_lastResponse\";N;}s:14:\"customer_email\";s:17:\"test+00@gmail.com\";s:10:\"expires_at\";i:1717758015;s:7:\"invoice\";s:27:\"in_1POe57Laz1e579ovoHHm4qHZ\";s:16:\"invoice_creation\";N;s:8:\"livemode\";b:0;s:6:\"locale\";N;s:8:\"metadata\";O:19:\"Stripe\\StripeObject\":7:{s:8:\"\0*\0_opts\";O:26:\"Stripe\\Util\\RequestOptions\":3:{s:7:\"headers\";a:0:{}s:6:\"apiKey\";s:107:\"sk_test_51POMStLaz1e579ovYHOMTdJfMJobNUwOkAu0VKv4vuKzwWYm486RmGZrRjvimOocYWyYXcyCih0nzhJ8F6LKdoam00Tct6eKFH\";s:7:\"apiBase\";N;}s:18:\"\0*\0_originalValues\";a:0:{}s:10:\"\0*\0_values\";a:0:{}s:17:\"\0*\0_unsavedValues\";O:15:\"Stripe\\Util\\Set\":1:{s:22:\"\0Stripe\\Util\\Set\0_elts\";a:0:{}}s:19:\"\0*\0_transientValues\";O:15:\"Stripe\\Util\\Set\":1:{s:22:\"\0Stripe\\Util\\Set\0_elts\";a:0:{}}s:19:\"\0*\0_retrieveOptions\";a:0:{}s:16:\"\0*\0_lastResponse\";N;}s:4:\"mode\";s:12:\"subscription\";s:14:\"payment_intent\";N;s:12:\"payment_link\";N;s:25:\"payment_method_collection\";s:6:\"always\";s:36:\"payment_method_configuration_details\";N;s:22:\"payment_method_options\";O:19:\"Stripe\\StripeObject\":7:{s:8:\"\0*\0_opts\";O:26:\"Stripe\\Util\\RequestOptions\":3:{s:7:\"headers\";a:0:{}s:6:\"apiKey\";s:107:\"sk_test_51POMStLaz1e579ovYHOMTdJfMJobNUwOkAu0VKv4vuKzwWYm486RmGZrRjvimOocYWyYXcyCih0nzhJ8F6LKdoam00Tct6eKFH\";s:7:\"apiBase\";N;}s:18:\"\0*\0_originalValues\";a:1:{s:4:\"card\";a:1:{s:22:\"request_three_d_secure\";s:9:\"automatic\";}}s:10:\"\0*\0_values\";a:1:{s:4:\"card\";O:19:\"Stripe\\StripeObject\":7:{s:8:\"\0*\0_opts\";O:26:\"Stripe\\Util\\RequestOptions\":3:{s:7:\"headers\";a:0:{}s:6:\"apiKey\";s:107:\"sk_test_51POMStLaz1e579ovYHOMTdJfMJobNUwOkAu0VKv4vuKzwWYm486RmGZrRjvimOocYWyYXcyCih0nzhJ8F6LKdoam00Tct6eKFH\";s:7:\"apiBase\";N;}s:18:\"\0*\0_originalValues\";a:1:{s:22:\"request_three_d_secure\";s:9:\"automatic\";}s:10:\"\0*\0_values\";a:1:{s:22:\"request_three_d_secure\";s:9:\"automatic\";}s:17:\"\0*\0_unsavedValues\";O:15:\"Stripe\\Util\\Set\":1:{s:22:\"\0Stripe\\Util\\Set\0_elts\";a:0:{}}s:19:\"\0*\0_transientValues\";O:15:\"Stripe\\Util\\Set\":1:{s:22:\"\0Stripe\\Util\\Set\0_elts\";a:0:{}}s:19:\"\0*\0_retrieveOptions\";a:0:{}s:16:\"\0*\0_lastResponse\";N;}}s:17:\"\0*\0_unsavedValues\";O:15:\"Stripe\\Util\\Set\":1:{s:22:\"\0Stripe\\Util\\Set\0_elts\";a:0:{}}s:19:\"\0*\0_transientValues\";O:15:\"Stripe\\Util\\Set\":1:{s:22:\"\0Stripe\\Util\\Set\0_elts\";a:0:{}}s:19:\"\0*\0_retrieveOptions\";a:0:{}s:16:\"\0*\0_lastResponse\";N;}s:20:\"payment_method_types\";a:1:{i:0;s:4:\"card\";}s:14:\"payment_status\";s:4:\"paid\";s:23:\"phone_number_collection\";O:19:\"Stripe\\StripeObject\":7:{s:8:\"\0*\0_opts\";O:26:\"Stripe\\Util\\RequestOptions\":3:{s:7:\"headers\";a:0:{}s:6:\"apiKey\";s:107:\"sk_test_51POMStLaz1e579ovYHOMTdJfMJobNUwOkAu0VKv4vuKzwWYm486RmGZrRjvimOocYWyYXcyCih0nzhJ8F6LKdoam00Tct6eKFH\";s:7:\"apiBase\";N;}s:18:\"\0*\0_originalValues\";a:1:{s:7:\"enabled\";b:0;}s:10:\"\0*\0_values\";a:1:{s:7:\"enabled\";b:0;}s:17:\"\0*\0_unsavedValues\";O:15:\"Stripe\\Util\\Set\":1:{s:22:\"\0Stripe\\Util\\Set\0_elts\";a:0:{}}s:19:\"\0*\0_transientValues\";O:15:\"Stripe\\Util\\Set\":1:{s:22:\"\0Stripe\\Util\\Set\0_elts\";a:0:{}}s:19:\"\0*\0_retrieveOptions\";a:0:{}s:16:\"\0*\0_lastResponse\";N;}s:14:\"recovered_from\";N;s:28:\"saved_payment_method_options\";O:19:\"Stripe\\StripeObject\":7:{s:8:\"\0*\0_opts\";O:26:\"Stripe\\Util\\RequestOptions\":3:{s:7:\"headers\";a:0:{}s:6:\"apiKey\";s:107:\"sk_test_51POMStLaz1e579ovYHOMTdJfMJobNUwOkAu0VKv4vuKzwWYm486RmGZrRjvimOocYWyYXcyCih0nzhJ8F6LKdoam00Tct6eKFH\";s:7:\"apiBase\";N;}s:18:\"\0*\0_originalValues\";a:3:{s:23:\"allow_redisplay_filters\";a:1:{i:0;s:6:\"always\";}s:21:\"payment_method_remove\";N;s:19:\"payment_method_save\";N;}s:10:\"\0*\0_values\";a:3:{s:23:\"allow_redisplay_filters\";a:1:{i:0;s:6:\"always\";}s:21:\"payment_method_remove\";N;s:19:\"payment_method_save\";N;}s:17:\"\0*\0_unsavedValues\";O:15:\"Stripe\\Util\\Set\":1:{s:22:\"\0Stripe\\Util\\Set\0_elts\";a:0:{}}s:19:\"\0*\0_transientValues\";O:15:\"Stripe\\Util\\Set\":1:{s:22:\"\0Stripe\\Util\\Set\0_elts\";a:0:{}}s:19:\"\0*\0_retrieveOptions\";a:0:{}s:16:\"\0*\0_lastResponse\";N;}s:12:\"setup_intent\";N;s:27:\"shipping_address_collection\";N;s:13:\"shipping_cost\";N;s:16:\"shipping_details\";N;s:16:\"shipping_options\";a:0:{}s:6:\"status\";s:8:\"complete\";s:11:\"submit_type\";N;s:12:\"subscription\";s:28:\"sub_1POe57Laz1e579ov2kAXoEFs\";s:11:\"success_url\";s:110:\"https://staging.turbochargedathletics.com/register-success?session_id={CHECKOUT_SESSION_ID}&subscription_id=31\";s:13:\"total_details\";O:19:\"Stripe\\StripeObject\":7:{s:8:\"\0*\0_opts\";O:26:\"Stripe\\Util\\RequestOptions\":3:{s:7:\"headers\";a:0:{}s:6:\"apiKey\";s:107:\"sk_test_51POMStLaz1e579ovYHOMTdJfMJobNUwOkAu0VKv4vuKzwWYm486RmGZrRjvimOocYWyYXcyCih0nzhJ8F6LKdoam00Tct6eKFH\";s:7:\"apiBase\";N;}s:18:\"\0*\0_originalValues\";a:3:{s:15:\"amount_discount\";i:0;s:15:\"amount_shipping\";i:0;s:10:\"amount_tax\";i:0;}s:10:\"\0*\0_values\";a:3:{s:15:\"amount_discount\";i:0;s:15:\"amount_shipping\";i:0;s:10:\"amount_tax\";i:0;}s:17:\"\0*\0_unsavedValues\";O:15:\"Stripe\\Util\\Set\":1:{s:22:\"\0Stripe\\Util\\Set\0_elts\";a:0:{}}s:19:\"\0*\0_transientValues\";O:15:\"Stripe\\Util\\Set\":1:{s:22:\"\0Stripe\\Util\\Set\0_elts\";a:0:{}}s:19:\"\0*\0_retrieveOptions\";a:0:{}s:16:\"\0*\0_lastResponse\";N;}s:7:\"ui_mode\";s:6:\"hosted\";s:3:\"url\";N;}s:17:\"\0*\0_unsavedValues\";O:15:\"Stripe\\Util\\Set\":1:{s:22:\"\0Stripe\\Util\\Set\0_elts\";a:0:{}}s:19:\"\0*\0_transientValues\";O:15:\"Stripe\\Util\\Set\":1:{s:22:\"\0Stripe\\Util\\Set\0_elts\";a:0:{}}s:19:\"\0*\0_retrieveOptions\";a:0:{}s:16:\"\0*\0_lastResponse\";O:18:\"Stripe\\ApiResponse\":4:{s:7:\"headers\";O:32:\"Stripe\\Util\\CaseInsensitiveArray\":1:{s:43:\"\0Stripe\\Util\\CaseInsensitiveArray\0container\";a:20:{s:6:\"server\";s:5:\"nginx\";s:4:\"date\";s:29:\"Thu, 06 Jun 2024 11:02:14 GMT\";s:12:\"content-type\";s:16:\"application/json\";s:14:\"content-length\";s:4:\"2433\";s:32:\"access-control-allow-credentials\";s:4:\"true\";s:28:\"access-control-allow-methods\";s:30:\"GET,HEAD,PUT,PATCH,POST,DELETE\";s:27:\"access-control-allow-origin\";s:1:\"*\";s:29:\"access-control-expose-headers\";s:125:\"Request-Id, Stripe-Manage-Version, Stripe-Should-Retry, X-Stripe-External-Auth-Required, X-Stripe-Privileged-Session-Required\";s:22:\"access-control-max-age\";s:3:\"300\";s:13:\"cache-control\";s:18:\"no-cache, no-store\";s:23:\"content-security-policy\";s:257:\"report-uri https://q.stripe.com/csp-report?p=v1%2Fcheckout%2Fsessions%2F%3Asession; block-all-mixed-content; default-src \'none\'; base-uri \'none\'; form-action \'none\'; frame-ancestors \'none\'; img-src \'self\'; script-src \'self\' \'report-sample\'; style-src \'self\'\";s:38:\"cross-origin-opener-policy-report-only\";s:29:\"same-origin; report-to=\"coop\"\";s:9:\"report-to\";s:130:\"{\"group\":\"coop\",\"max_age\":8640,\"endpoints\":[{\"url\":\"https://q.stripe.com/coop-report?s=mono-bapi-srv\"}],\"include_subdomains\":true}\";s:19:\"reporting-endpoints\";s:55:\"coop=\"https://q.stripe.com/coop-report?s=mono-bapi-srv\"\";s:10:\"request-id\";s:18:\"req_u8W7lBCIDeZYxI\";s:14:\"stripe-version\";s:10:\"2023-10-16\";s:4:\"vary\";s:6:\"Origin\";s:22:\"x-content-type-options\";s:7:\"nosniff\";s:38:\"x-stripe-routing-context-priority-tier\";s:12:\"api-testmode\";s:25:\"strict-transport-security\";s:44:\"max-age=63072000; includeSubDomains; preload\";}}s:4:\"body\";s:2433:\"{\n  \"id\": \"cs_test_a1tnAUJNee6SaFoSinsxDgSMW2lpsIJ73Z2tYBep5PuWkqD9cbdTnQMT3v\",\n  \"object\": \"checkout.session\",\n  \"after_expiration\": null,\n  \"allow_promotion_codes\": null,\n  \"amount_subtotal\": 50000,\n  \"amount_total\": 50000,\n  \"automatic_tax\": {\n    \"enabled\": false,\n    \"liability\": null,\n    \"status\": null\n  },\n  \"billing_address_collection\": null,\n  \"cancel_url\": \"https://staging.turbochargedathletics.com/register-cancel\",\n  \"client_reference_id\": null,\n  \"client_secret\": null,\n  \"consent\": null,\n  \"consent_collection\": null,\n  \"created\": 1717671616,\n  \"currency\": \"usd\",\n  \"currency_conversion\": null,\n  \"custom_fields\": [],\n  \"custom_text\": {\n    \"after_submit\": null,\n    \"shipping_address\": null,\n    \"submit\": null,\n    \"terms_of_service_acceptance\": null\n  },\n  \"customer\": \"cus_QF8LnW5bERJKJB\",\n  \"customer_creation\": \"always\",\n  \"customer_details\": {\n    \"address\": {\n      \"city\": null,\n      \"country\": \"IN\",\n      \"line1\": null,\n      \"line2\": null,\n      \"postal_code\": null,\n      \"state\": null\n    },\n    \"email\": \"test+00@gmail.com\",\n    \"name\": \"test\",\n    \"phone\": null,\n    \"tax_exempt\": \"none\",\n    \"tax_ids\": []\n  },\n  \"customer_email\": \"test+00@gmail.com\",\n  \"expires_at\": 1717758015,\n  \"invoice\": \"in_1POe57Laz1e579ovoHHm4qHZ\",\n  \"invoice_creation\": null,\n  \"livemode\": false,\n  \"locale\": null,\n  \"metadata\": {},\n  \"mode\": \"subscription\",\n  \"payment_intent\": null,\n  \"payment_link\": null,\n  \"payment_method_collection\": \"always\",\n  \"payment_method_configuration_details\": null,\n  \"payment_method_options\": {\n    \"card\": {\n      \"request_three_d_secure\": \"automatic\"\n    }\n  },\n  \"payment_method_types\": [\n    \"card\"\n  ],\n  \"payment_status\": \"paid\",\n  \"phone_number_collection\": {\n    \"enabled\": false\n  },\n  \"recovered_from\": null,\n  \"saved_payment_method_options\": {\n    \"allow_redisplay_filters\": [\n      \"always\"\n    ],\n    \"payment_method_remove\": null,\n    \"payment_method_save\": null\n  },\n  \"setup_intent\": null,\n  \"shipping_address_collection\": null,\n  \"shipping_cost\": null,\n  \"shipping_details\": null,\n  \"shipping_options\": [],\n  \"status\": \"complete\",\n  \"submit_type\": null,\n  \"subscription\": \"sub_1POe57Laz1e579ov2kAXoEFs\",\n  \"success_url\": \"https://staging.turbochargedathletics.com/register-success?session_id={CHECKOUT_SESSION_ID}&subscription_id=31\",\n  \"total_details\": {\n    \"amount_discount\": 0,\n    \"amount_shipping\": 0,\n    \"amount_tax\": 0\n  },\n  \"ui_mode\": \"hosted\",\n  \"url\": null\n}\";s:4:\"json\";a:51:{s:2:\"id\";s:66:\"cs_test_a1tnAUJNee6SaFoSinsxDgSMW2lpsIJ73Z2tYBep5PuWkqD9cbdTnQMT3v\";s:6:\"object\";s:16:\"checkout.session\";s:16:\"after_expiration\";N;s:21:\"allow_promotion_codes\";N;s:15:\"amount_subtotal\";i:50000;s:12:\"amount_total\";i:50000;s:13:\"automatic_tax\";a:3:{s:7:\"enabled\";b:0;s:9:\"liability\";N;s:6:\"status\";N;}s:26:\"billing_address_collection\";N;s:10:\"cancel_url\";s:57:\"https://staging.turbochargedathletics.com/register-cancel\";s:19:\"client_reference_id\";N;s:13:\"client_secret\";N;s:7:\"consent\";N;s:18:\"consent_collection\";N;s:7:\"created\";i:1717671616;s:8:\"currency\";s:3:\"usd\";s:19:\"currency_conversion\";N;s:13:\"custom_fields\";a:0:{}s:11:\"custom_text\";a:4:{s:12:\"after_submit\";N;s:16:\"shipping_address\";N;s:6:\"submit\";N;s:27:\"terms_of_service_acceptance\";N;}s:8:\"customer\";s:18:\"cus_QF8LnW5bERJKJB\";s:17:\"customer_creation\";s:6:\"always\";s:16:\"customer_details\";a:6:{s:7:\"address\";a:6:{s:4:\"city\";N;s:7:\"country\";s:2:\"IN\";s:5:\"line1\";N;s:5:\"line2\";N;s:11:\"postal_code\";N;s:5:\"state\";N;}s:5:\"email\";s:17:\"test+00@gmail.com\";s:4:\"name\";s:4:\"test\";s:5:\"phone\";N;s:10:\"tax_exempt\";s:4:\"none\";s:7:\"tax_ids\";a:0:{}}s:14:\"customer_email\";s:17:\"test+00@gmail.com\";s:10:\"expires_at\";i:1717758015;s:7:\"invoice\";s:27:\"in_1POe57Laz1e579ovoHHm4qHZ\";s:16:\"invoice_creation\";N;s:8:\"livemode\";b:0;s:6:\"locale\";N;s:8:\"metadata\";a:0:{}s:4:\"mode\";s:12:\"subscription\";s:14:\"payment_intent\";N;s:12:\"payment_link\";N;s:25:\"payment_method_collection\";s:6:\"always\";s:36:\"payment_method_configuration_details\";N;s:22:\"payment_method_options\";a:1:{s:4:\"card\";a:1:{s:22:\"request_three_d_secure\";s:9:\"automatic\";}}s:20:\"payment_method_types\";a:1:{i:0;s:4:\"card\";}s:14:\"payment_status\";s:4:\"paid\";s:23:\"phone_number_collection\";a:1:{s:7:\"enabled\";b:0;}s:14:\"recovered_from\";N;s:28:\"saved_payment_method_options\";a:3:{s:23:\"allow_redisplay_filters\";a:1:{i:0;s:6:\"always\";}s:21:\"payment_method_remove\";N;s:19:\"payment_method_save\";N;}s:12:\"setup_intent\";N;s:27:\"shipping_address_collection\";N;s:13:\"shipping_cost\";N;s:16:\"shipping_details\";N;s:16:\"shipping_options\";a:0:{}s:6:\"status\";s:8:\"complete\";s:11:\"submit_type\";N;s:12:\"subscription\";s:28:\"sub_1POe57Laz1e579ov2kAXoEFs\";s:11:\"success_url\";s:110:\"https://staging.turbochargedathletics.com/register-success?session_id={CHECKOUT_SESSION_ID}&subscription_id=31\";s:13:\"total_details\";a:3:{s:15:\"amount_discount\";i:0;s:15:\"amount_shipping\";i:0;s:10:\"amount_tax\";i:0;}s:7:\"ui_mode\";s:6:\"hosted\";s:3:\"url\";N;}s:4:\"code\";i:200;}s:14:\"saveWithParent\";b:0;}',	'active',	'2024-06-06 11:02:14',	'2024-06-06 11:02:14'),
(6,	32,	'2024-06-06 11:05:02',	NULL,	'complete',	'a:8:{s:8:\"\0*\0_opts\";O:26:\"Stripe\\Util\\RequestOptions\":3:{s:7:\"headers\";a:0:{}s:6:\"apiKey\";s:107:\"sk_test_51POMStLaz1e579ovYHOMTdJfMJobNUwOkAu0VKv4vuKzwWYm486RmGZrRjvimOocYWyYXcyCih0nzhJ8F6LKdoam00Tct6eKFH\";s:7:\"apiBase\";N;}s:18:\"\0*\0_originalValues\";a:51:{s:2:\"id\";s:66:\"cs_test_a1fh4pfmPVLni6LTEM5X8EarsbeAe7jOJrJyRrD12U9K7Uh66gt0UkvT4o\";s:6:\"object\";s:16:\"checkout.session\";s:16:\"after_expiration\";N;s:21:\"allow_promotion_codes\";N;s:15:\"amount_subtotal\";i:50000;s:12:\"amount_total\";i:50000;s:13:\"automatic_tax\";a:3:{s:7:\"enabled\";b:0;s:9:\"liability\";N;s:6:\"status\";N;}s:26:\"billing_address_collection\";N;s:10:\"cancel_url\";s:57:\"https://staging.turbochargedathletics.com/register-cancel\";s:19:\"client_reference_id\";N;s:13:\"client_secret\";N;s:7:\"consent\";N;s:18:\"consent_collection\";N;s:7:\"created\";i:1717671666;s:8:\"currency\";s:3:\"usd\";s:19:\"currency_conversion\";N;s:13:\"custom_fields\";a:0:{}s:11:\"custom_text\";a:4:{s:12:\"after_submit\";N;s:16:\"shipping_address\";N;s:6:\"submit\";N;s:27:\"terms_of_service_acceptance\";N;}s:8:\"customer\";s:18:\"cus_QF8OaLDZplx1zo\";s:17:\"customer_creation\";s:6:\"always\";s:16:\"customer_details\";a:6:{s:7:\"address\";a:6:{s:4:\"city\";N;s:7:\"country\";s:2:\"IN\";s:5:\"line1\";N;s:5:\"line2\";N;s:11:\"postal_code\";N;s:5:\"state\";N;}s:5:\"email\";s:18:\"test+000@gmail.com\";s:4:\"name\";s:4:\"test\";s:5:\"phone\";N;s:10:\"tax_exempt\";s:4:\"none\";s:7:\"tax_ids\";a:0:{}}s:14:\"customer_email\";s:18:\"test+000@gmail.com\";s:10:\"expires_at\";i:1717758065;s:7:\"invoice\";s:27:\"in_1POe7oLaz1e579ovexxJNiJz\";s:16:\"invoice_creation\";N;s:8:\"livemode\";b:0;s:6:\"locale\";N;s:8:\"metadata\";a:0:{}s:4:\"mode\";s:12:\"subscription\";s:14:\"payment_intent\";N;s:12:\"payment_link\";N;s:25:\"payment_method_collection\";s:6:\"always\";s:36:\"payment_method_configuration_details\";N;s:22:\"payment_method_options\";a:1:{s:4:\"card\";a:1:{s:22:\"request_three_d_secure\";s:9:\"automatic\";}}s:20:\"payment_method_types\";a:1:{i:0;s:4:\"card\";}s:14:\"payment_status\";s:4:\"paid\";s:23:\"phone_number_collection\";a:1:{s:7:\"enabled\";b:0;}s:14:\"recovered_from\";N;s:28:\"saved_payment_method_options\";a:3:{s:23:\"allow_redisplay_filters\";a:1:{i:0;s:6:\"always\";}s:21:\"payment_method_remove\";N;s:19:\"payment_method_save\";N;}s:12:\"setup_intent\";N;s:27:\"shipping_address_collection\";N;s:13:\"shipping_cost\";N;s:16:\"shipping_details\";N;s:16:\"shipping_options\";a:0:{}s:6:\"status\";s:8:\"complete\";s:11:\"submit_type\";N;s:12:\"subscription\";s:28:\"sub_1POe7oLaz1e579ovtF3rvs4t\";s:11:\"success_url\";s:110:\"https://staging.turbochargedathletics.com/register-success?session_id={CHECKOUT_SESSION_ID}&subscription_id=32\";s:13:\"total_details\";a:3:{s:15:\"amount_discount\";i:0;s:15:\"amount_shipping\";i:0;s:10:\"amount_tax\";i:0;}s:7:\"ui_mode\";s:6:\"hosted\";s:3:\"url\";N;}s:10:\"\0*\0_values\";a:51:{s:2:\"id\";s:66:\"cs_test_a1fh4pfmPVLni6LTEM5X8EarsbeAe7jOJrJyRrD12U9K7Uh66gt0UkvT4o\";s:6:\"object\";s:16:\"checkout.session\";s:16:\"after_expiration\";N;s:21:\"allow_promotion_codes\";N;s:15:\"amount_subtotal\";i:50000;s:12:\"amount_total\";i:50000;s:13:\"automatic_tax\";O:19:\"Stripe\\StripeObject\":7:{s:8:\"\0*\0_opts\";O:26:\"Stripe\\Util\\RequestOptions\":3:{s:7:\"headers\";a:0:{}s:6:\"apiKey\";s:107:\"sk_test_51POMStLaz1e579ovYHOMTdJfMJobNUwOkAu0VKv4vuKzwWYm486RmGZrRjvimOocYWyYXcyCih0nzhJ8F6LKdoam00Tct6eKFH\";s:7:\"apiBase\";N;}s:18:\"\0*\0_originalValues\";a:3:{s:7:\"enabled\";b:0;s:9:\"liability\";N;s:6:\"status\";N;}s:10:\"\0*\0_values\";a:3:{s:7:\"enabled\";b:0;s:9:\"liability\";N;s:6:\"status\";N;}s:17:\"\0*\0_unsavedValues\";O:15:\"Stripe\\Util\\Set\":1:{s:22:\"\0Stripe\\Util\\Set\0_elts\";a:0:{}}s:19:\"\0*\0_transientValues\";O:15:\"Stripe\\Util\\Set\":1:{s:22:\"\0Stripe\\Util\\Set\0_elts\";a:0:{}}s:19:\"\0*\0_retrieveOptions\";a:0:{}s:16:\"\0*\0_lastResponse\";N;}s:26:\"billing_address_collection\";N;s:10:\"cancel_url\";s:57:\"https://staging.turbochargedathletics.com/register-cancel\";s:19:\"client_reference_id\";N;s:13:\"client_secret\";N;s:7:\"consent\";N;s:18:\"consent_collection\";N;s:7:\"created\";i:1717671666;s:8:\"currency\";s:3:\"usd\";s:19:\"currency_conversion\";N;s:13:\"custom_fields\";a:0:{}s:11:\"custom_text\";O:19:\"Stripe\\StripeObject\":7:{s:8:\"\0*\0_opts\";O:26:\"Stripe\\Util\\RequestOptions\":3:{s:7:\"headers\";a:0:{}s:6:\"apiKey\";s:107:\"sk_test_51POMStLaz1e579ovYHOMTdJfMJobNUwOkAu0VKv4vuKzwWYm486RmGZrRjvimOocYWyYXcyCih0nzhJ8F6LKdoam00Tct6eKFH\";s:7:\"apiBase\";N;}s:18:\"\0*\0_originalValues\";a:4:{s:12:\"after_submit\";N;s:16:\"shipping_address\";N;s:6:\"submit\";N;s:27:\"terms_of_service_acceptance\";N;}s:10:\"\0*\0_values\";a:4:{s:12:\"after_submit\";N;s:16:\"shipping_address\";N;s:6:\"submit\";N;s:27:\"terms_of_service_acceptance\";N;}s:17:\"\0*\0_unsavedValues\";O:15:\"Stripe\\Util\\Set\":1:{s:22:\"\0Stripe\\Util\\Set\0_elts\";a:0:{}}s:19:\"\0*\0_transientValues\";O:15:\"Stripe\\Util\\Set\":1:{s:22:\"\0Stripe\\Util\\Set\0_elts\";a:0:{}}s:19:\"\0*\0_retrieveOptions\";a:0:{}s:16:\"\0*\0_lastResponse\";N;}s:8:\"customer\";s:18:\"cus_QF8OaLDZplx1zo\";s:17:\"customer_creation\";s:6:\"always\";s:16:\"customer_details\";O:19:\"Stripe\\StripeObject\":7:{s:8:\"\0*\0_opts\";O:26:\"Stripe\\Util\\RequestOptions\":3:{s:7:\"headers\";a:0:{}s:6:\"apiKey\";s:107:\"sk_test_51POMStLaz1e579ovYHOMTdJfMJobNUwOkAu0VKv4vuKzwWYm486RmGZrRjvimOocYWyYXcyCih0nzhJ8F6LKdoam00Tct6eKFH\";s:7:\"apiBase\";N;}s:18:\"\0*\0_originalValues\";a:6:{s:7:\"address\";a:6:{s:4:\"city\";N;s:7:\"country\";s:2:\"IN\";s:5:\"line1\";N;s:5:\"line2\";N;s:11:\"postal_code\";N;s:5:\"state\";N;}s:5:\"email\";s:18:\"test+000@gmail.com\";s:4:\"name\";s:4:\"test\";s:5:\"phone\";N;s:10:\"tax_exempt\";s:4:\"none\";s:7:\"tax_ids\";a:0:{}}s:10:\"\0*\0_values\";a:6:{s:7:\"address\";O:19:\"Stripe\\StripeObject\":7:{s:8:\"\0*\0_opts\";O:26:\"Stripe\\Util\\RequestOptions\":3:{s:7:\"headers\";a:0:{}s:6:\"apiKey\";s:107:\"sk_test_51POMStLaz1e579ovYHOMTdJfMJobNUwOkAu0VKv4vuKzwWYm486RmGZrRjvimOocYWyYXcyCih0nzhJ8F6LKdoam00Tct6eKFH\";s:7:\"apiBase\";N;}s:18:\"\0*\0_originalValues\";a:6:{s:4:\"city\";N;s:7:\"country\";s:2:\"IN\";s:5:\"line1\";N;s:5:\"line2\";N;s:11:\"postal_code\";N;s:5:\"state\";N;}s:10:\"\0*\0_values\";a:6:{s:4:\"city\";N;s:7:\"country\";s:2:\"IN\";s:5:\"line1\";N;s:5:\"line2\";N;s:11:\"postal_code\";N;s:5:\"state\";N;}s:17:\"\0*\0_unsavedValues\";O:15:\"Stripe\\Util\\Set\":1:{s:22:\"\0Stripe\\Util\\Set\0_elts\";a:0:{}}s:19:\"\0*\0_transientValues\";O:15:\"Stripe\\Util\\Set\":1:{s:22:\"\0Stripe\\Util\\Set\0_elts\";a:0:{}}s:19:\"\0*\0_retrieveOptions\";a:0:{}s:16:\"\0*\0_lastResponse\";N;}s:5:\"email\";s:18:\"test+000@gmail.com\";s:4:\"name\";s:4:\"test\";s:5:\"phone\";N;s:10:\"tax_exempt\";s:4:\"none\";s:7:\"tax_ids\";a:0:{}}s:17:\"\0*\0_unsavedValues\";O:15:\"Stripe\\Util\\Set\":1:{s:22:\"\0Stripe\\Util\\Set\0_elts\";a:0:{}}s:19:\"\0*\0_transientValues\";O:15:\"Stripe\\Util\\Set\":1:{s:22:\"\0Stripe\\Util\\Set\0_elts\";a:0:{}}s:19:\"\0*\0_retrieveOptions\";a:0:{}s:16:\"\0*\0_lastResponse\";N;}s:14:\"customer_email\";s:18:\"test+000@gmail.com\";s:10:\"expires_at\";i:1717758065;s:7:\"invoice\";s:27:\"in_1POe7oLaz1e579ovexxJNiJz\";s:16:\"invoice_creation\";N;s:8:\"livemode\";b:0;s:6:\"locale\";N;s:8:\"metadata\";O:19:\"Stripe\\StripeObject\":7:{s:8:\"\0*\0_opts\";O:26:\"Stripe\\Util\\RequestOptions\":3:{s:7:\"headers\";a:0:{}s:6:\"apiKey\";s:107:\"sk_test_51POMStLaz1e579ovYHOMTdJfMJobNUwOkAu0VKv4vuKzwWYm486RmGZrRjvimOocYWyYXcyCih0nzhJ8F6LKdoam00Tct6eKFH\";s:7:\"apiBase\";N;}s:18:\"\0*\0_originalValues\";a:0:{}s:10:\"\0*\0_values\";a:0:{}s:17:\"\0*\0_unsavedValues\";O:15:\"Stripe\\Util\\Set\":1:{s:22:\"\0Stripe\\Util\\Set\0_elts\";a:0:{}}s:19:\"\0*\0_transientValues\";O:15:\"Stripe\\Util\\Set\":1:{s:22:\"\0Stripe\\Util\\Set\0_elts\";a:0:{}}s:19:\"\0*\0_retrieveOptions\";a:0:{}s:16:\"\0*\0_lastResponse\";N;}s:4:\"mode\";s:12:\"subscription\";s:14:\"payment_intent\";N;s:12:\"payment_link\";N;s:25:\"payment_method_collection\";s:6:\"always\";s:36:\"payment_method_configuration_details\";N;s:22:\"payment_method_options\";O:19:\"Stripe\\StripeObject\":7:{s:8:\"\0*\0_opts\";O:26:\"Stripe\\Util\\RequestOptions\":3:{s:7:\"headers\";a:0:{}s:6:\"apiKey\";s:107:\"sk_test_51POMStLaz1e579ovYHOMTdJfMJobNUwOkAu0VKv4vuKzwWYm486RmGZrRjvimOocYWyYXcyCih0nzhJ8F6LKdoam00Tct6eKFH\";s:7:\"apiBase\";N;}s:18:\"\0*\0_originalValues\";a:1:{s:4:\"card\";a:1:{s:22:\"request_three_d_secure\";s:9:\"automatic\";}}s:10:\"\0*\0_values\";a:1:{s:4:\"card\";O:19:\"Stripe\\StripeObject\":7:{s:8:\"\0*\0_opts\";O:26:\"Stripe\\Util\\RequestOptions\":3:{s:7:\"headers\";a:0:{}s:6:\"apiKey\";s:107:\"sk_test_51POMStLaz1e579ovYHOMTdJfMJobNUwOkAu0VKv4vuKzwWYm486RmGZrRjvimOocYWyYXcyCih0nzhJ8F6LKdoam00Tct6eKFH\";s:7:\"apiBase\";N;}s:18:\"\0*\0_originalValues\";a:1:{s:22:\"request_three_d_secure\";s:9:\"automatic\";}s:10:\"\0*\0_values\";a:1:{s:22:\"request_three_d_secure\";s:9:\"automatic\";}s:17:\"\0*\0_unsavedValues\";O:15:\"Stripe\\Util\\Set\":1:{s:22:\"\0Stripe\\Util\\Set\0_elts\";a:0:{}}s:19:\"\0*\0_transientValues\";O:15:\"Stripe\\Util\\Set\":1:{s:22:\"\0Stripe\\Util\\Set\0_elts\";a:0:{}}s:19:\"\0*\0_retrieveOptions\";a:0:{}s:16:\"\0*\0_lastResponse\";N;}}s:17:\"\0*\0_unsavedValues\";O:15:\"Stripe\\Util\\Set\":1:{s:22:\"\0Stripe\\Util\\Set\0_elts\";a:0:{}}s:19:\"\0*\0_transientValues\";O:15:\"Stripe\\Util\\Set\":1:{s:22:\"\0Stripe\\Util\\Set\0_elts\";a:0:{}}s:19:\"\0*\0_retrieveOptions\";a:0:{}s:16:\"\0*\0_lastResponse\";N;}s:20:\"payment_method_types\";a:1:{i:0;s:4:\"card\";}s:14:\"payment_status\";s:4:\"paid\";s:23:\"phone_number_collection\";O:19:\"Stripe\\StripeObject\":7:{s:8:\"\0*\0_opts\";O:26:\"Stripe\\Util\\RequestOptions\":3:{s:7:\"headers\";a:0:{}s:6:\"apiKey\";s:107:\"sk_test_51POMStLaz1e579ovYHOMTdJfMJobNUwOkAu0VKv4vuKzwWYm486RmGZrRjvimOocYWyYXcyCih0nzhJ8F6LKdoam00Tct6eKFH\";s:7:\"apiBase\";N;}s:18:\"\0*\0_originalValues\";a:1:{s:7:\"enabled\";b:0;}s:10:\"\0*\0_values\";a:1:{s:7:\"enabled\";b:0;}s:17:\"\0*\0_unsavedValues\";O:15:\"Stripe\\Util\\Set\":1:{s:22:\"\0Stripe\\Util\\Set\0_elts\";a:0:{}}s:19:\"\0*\0_transientValues\";O:15:\"Stripe\\Util\\Set\":1:{s:22:\"\0Stripe\\Util\\Set\0_elts\";a:0:{}}s:19:\"\0*\0_retrieveOptions\";a:0:{}s:16:\"\0*\0_lastResponse\";N;}s:14:\"recovered_from\";N;s:28:\"saved_payment_method_options\";O:19:\"Stripe\\StripeObject\":7:{s:8:\"\0*\0_opts\";O:26:\"Stripe\\Util\\RequestOptions\":3:{s:7:\"headers\";a:0:{}s:6:\"apiKey\";s:107:\"sk_test_51POMStLaz1e579ovYHOMTdJfMJobNUwOkAu0VKv4vuKzwWYm486RmGZrRjvimOocYWyYXcyCih0nzhJ8F6LKdoam00Tct6eKFH\";s:7:\"apiBase\";N;}s:18:\"\0*\0_originalValues\";a:3:{s:23:\"allow_redisplay_filters\";a:1:{i:0;s:6:\"always\";}s:21:\"payment_method_remove\";N;s:19:\"payment_method_save\";N;}s:10:\"\0*\0_values\";a:3:{s:23:\"allow_redisplay_filters\";a:1:{i:0;s:6:\"always\";}s:21:\"payment_method_remove\";N;s:19:\"payment_method_save\";N;}s:17:\"\0*\0_unsavedValues\";O:15:\"Stripe\\Util\\Set\":1:{s:22:\"\0Stripe\\Util\\Set\0_elts\";a:0:{}}s:19:\"\0*\0_transientValues\";O:15:\"Stripe\\Util\\Set\":1:{s:22:\"\0Stripe\\Util\\Set\0_elts\";a:0:{}}s:19:\"\0*\0_retrieveOptions\";a:0:{}s:16:\"\0*\0_lastResponse\";N;}s:12:\"setup_intent\";N;s:27:\"shipping_address_collection\";N;s:13:\"shipping_cost\";N;s:16:\"shipping_details\";N;s:16:\"shipping_options\";a:0:{}s:6:\"status\";s:8:\"complete\";s:11:\"submit_type\";N;s:12:\"subscription\";s:28:\"sub_1POe7oLaz1e579ovtF3rvs4t\";s:11:\"success_url\";s:110:\"https://staging.turbochargedathletics.com/register-success?session_id={CHECKOUT_SESSION_ID}&subscription_id=32\";s:13:\"total_details\";O:19:\"Stripe\\StripeObject\":7:{s:8:\"\0*\0_opts\";O:26:\"Stripe\\Util\\RequestOptions\":3:{s:7:\"headers\";a:0:{}s:6:\"apiKey\";s:107:\"sk_test_51POMStLaz1e579ovYHOMTdJfMJobNUwOkAu0VKv4vuKzwWYm486RmGZrRjvimOocYWyYXcyCih0nzhJ8F6LKdoam00Tct6eKFH\";s:7:\"apiBase\";N;}s:18:\"\0*\0_originalValues\";a:3:{s:15:\"amount_discount\";i:0;s:15:\"amount_shipping\";i:0;s:10:\"amount_tax\";i:0;}s:10:\"\0*\0_values\";a:3:{s:15:\"amount_discount\";i:0;s:15:\"amount_shipping\";i:0;s:10:\"amount_tax\";i:0;}s:17:\"\0*\0_unsavedValues\";O:15:\"Stripe\\Util\\Set\":1:{s:22:\"\0Stripe\\Util\\Set\0_elts\";a:0:{}}s:19:\"\0*\0_transientValues\";O:15:\"Stripe\\Util\\Set\":1:{s:22:\"\0Stripe\\Util\\Set\0_elts\";a:0:{}}s:19:\"\0*\0_retrieveOptions\";a:0:{}s:16:\"\0*\0_lastResponse\";N;}s:7:\"ui_mode\";s:6:\"hosted\";s:3:\"url\";N;}s:17:\"\0*\0_unsavedValues\";O:15:\"Stripe\\Util\\Set\":1:{s:22:\"\0Stripe\\Util\\Set\0_elts\";a:0:{}}s:19:\"\0*\0_transientValues\";O:15:\"Stripe\\Util\\Set\":1:{s:22:\"\0Stripe\\Util\\Set\0_elts\";a:0:{}}s:19:\"\0*\0_retrieveOptions\";a:0:{}s:16:\"\0*\0_lastResponse\";O:18:\"Stripe\\ApiResponse\":4:{s:7:\"headers\";O:32:\"Stripe\\Util\\CaseInsensitiveArray\":1:{s:43:\"\0Stripe\\Util\\CaseInsensitiveArray\0container\";a:20:{s:6:\"server\";s:5:\"nginx\";s:4:\"date\";s:29:\"Thu, 06 Jun 2024 11:05:02 GMT\";s:12:\"content-type\";s:16:\"application/json\";s:14:\"content-length\";s:4:\"2435\";s:32:\"access-control-allow-credentials\";s:4:\"true\";s:28:\"access-control-allow-methods\";s:30:\"GET,HEAD,PUT,PATCH,POST,DELETE\";s:27:\"access-control-allow-origin\";s:1:\"*\";s:29:\"access-control-expose-headers\";s:125:\"Request-Id, Stripe-Manage-Version, Stripe-Should-Retry, X-Stripe-External-Auth-Required, X-Stripe-Privileged-Session-Required\";s:22:\"access-control-max-age\";s:3:\"300\";s:13:\"cache-control\";s:18:\"no-cache, no-store\";s:23:\"content-security-policy\";s:257:\"report-uri https://q.stripe.com/csp-report?p=v1%2Fcheckout%2Fsessions%2F%3Asession; block-all-mixed-content; default-src \'none\'; base-uri \'none\'; form-action \'none\'; frame-ancestors \'none\'; img-src \'self\'; script-src \'self\' \'report-sample\'; style-src \'self\'\";s:38:\"cross-origin-opener-policy-report-only\";s:29:\"same-origin; report-to=\"coop\"\";s:9:\"report-to\";s:130:\"{\"group\":\"coop\",\"max_age\":8640,\"endpoints\":[{\"url\":\"https://q.stripe.com/coop-report?s=mono-bapi-srv\"}],\"include_subdomains\":true}\";s:19:\"reporting-endpoints\";s:55:\"coop=\"https://q.stripe.com/coop-report?s=mono-bapi-srv\"\";s:10:\"request-id\";s:18:\"req_NUCBMvx5gtsaun\";s:14:\"stripe-version\";s:10:\"2023-10-16\";s:4:\"vary\";s:6:\"Origin\";s:22:\"x-content-type-options\";s:7:\"nosniff\";s:38:\"x-stripe-routing-context-priority-tier\";s:12:\"api-testmode\";s:25:\"strict-transport-security\";s:44:\"max-age=63072000; includeSubDomains; preload\";}}s:4:\"body\";s:2435:\"{\n  \"id\": \"cs_test_a1fh4pfmPVLni6LTEM5X8EarsbeAe7jOJrJyRrD12U9K7Uh66gt0UkvT4o\",\n  \"object\": \"checkout.session\",\n  \"after_expiration\": null,\n  \"allow_promotion_codes\": null,\n  \"amount_subtotal\": 50000,\n  \"amount_total\": 50000,\n  \"automatic_tax\": {\n    \"enabled\": false,\n    \"liability\": null,\n    \"status\": null\n  },\n  \"billing_address_collection\": null,\n  \"cancel_url\": \"https://staging.turbochargedathletics.com/register-cancel\",\n  \"client_reference_id\": null,\n  \"client_secret\": null,\n  \"consent\": null,\n  \"consent_collection\": null,\n  \"created\": 1717671666,\n  \"currency\": \"usd\",\n  \"currency_conversion\": null,\n  \"custom_fields\": [],\n  \"custom_text\": {\n    \"after_submit\": null,\n    \"shipping_address\": null,\n    \"submit\": null,\n    \"terms_of_service_acceptance\": null\n  },\n  \"customer\": \"cus_QF8OaLDZplx1zo\",\n  \"customer_creation\": \"always\",\n  \"customer_details\": {\n    \"address\": {\n      \"city\": null,\n      \"country\": \"IN\",\n      \"line1\": null,\n      \"line2\": null,\n      \"postal_code\": null,\n      \"state\": null\n    },\n    \"email\": \"test+000@gmail.com\",\n    \"name\": \"test\",\n    \"phone\": null,\n    \"tax_exempt\": \"none\",\n    \"tax_ids\": []\n  },\n  \"customer_email\": \"test+000@gmail.com\",\n  \"expires_at\": 1717758065,\n  \"invoice\": \"in_1POe7oLaz1e579ovexxJNiJz\",\n  \"invoice_creation\": null,\n  \"livemode\": false,\n  \"locale\": null,\n  \"metadata\": {},\n  \"mode\": \"subscription\",\n  \"payment_intent\": null,\n  \"payment_link\": null,\n  \"payment_method_collection\": \"always\",\n  \"payment_method_configuration_details\": null,\n  \"payment_method_options\": {\n    \"card\": {\n      \"request_three_d_secure\": \"automatic\"\n    }\n  },\n  \"payment_method_types\": [\n    \"card\"\n  ],\n  \"payment_status\": \"paid\",\n  \"phone_number_collection\": {\n    \"enabled\": false\n  },\n  \"recovered_from\": null,\n  \"saved_payment_method_options\": {\n    \"allow_redisplay_filters\": [\n      \"always\"\n    ],\n    \"payment_method_remove\": null,\n    \"payment_method_save\": null\n  },\n  \"setup_intent\": null,\n  \"shipping_address_collection\": null,\n  \"shipping_cost\": null,\n  \"shipping_details\": null,\n  \"shipping_options\": [],\n  \"status\": \"complete\",\n  \"submit_type\": null,\n  \"subscription\": \"sub_1POe7oLaz1e579ovtF3rvs4t\",\n  \"success_url\": \"https://staging.turbochargedathletics.com/register-success?session_id={CHECKOUT_SESSION_ID}&subscription_id=32\",\n  \"total_details\": {\n    \"amount_discount\": 0,\n    \"amount_shipping\": 0,\n    \"amount_tax\": 0\n  },\n  \"ui_mode\": \"hosted\",\n  \"url\": null\n}\";s:4:\"json\";a:51:{s:2:\"id\";s:66:\"cs_test_a1fh4pfmPVLni6LTEM5X8EarsbeAe7jOJrJyRrD12U9K7Uh66gt0UkvT4o\";s:6:\"object\";s:16:\"checkout.session\";s:16:\"after_expiration\";N;s:21:\"allow_promotion_codes\";N;s:15:\"amount_subtotal\";i:50000;s:12:\"amount_total\";i:50000;s:13:\"automatic_tax\";a:3:{s:7:\"enabled\";b:0;s:9:\"liability\";N;s:6:\"status\";N;}s:26:\"billing_address_collection\";N;s:10:\"cancel_url\";s:57:\"https://staging.turbochargedathletics.com/register-cancel\";s:19:\"client_reference_id\";N;s:13:\"client_secret\";N;s:7:\"consent\";N;s:18:\"consent_collection\";N;s:7:\"created\";i:1717671666;s:8:\"currency\";s:3:\"usd\";s:19:\"currency_conversion\";N;s:13:\"custom_fields\";a:0:{}s:11:\"custom_text\";a:4:{s:12:\"after_submit\";N;s:16:\"shipping_address\";N;s:6:\"submit\";N;s:27:\"terms_of_service_acceptance\";N;}s:8:\"customer\";s:18:\"cus_QF8OaLDZplx1zo\";s:17:\"customer_creation\";s:6:\"always\";s:16:\"customer_details\";a:6:{s:7:\"address\";a:6:{s:4:\"city\";N;s:7:\"country\";s:2:\"IN\";s:5:\"line1\";N;s:5:\"line2\";N;s:11:\"postal_code\";N;s:5:\"state\";N;}s:5:\"email\";s:18:\"test+000@gmail.com\";s:4:\"name\";s:4:\"test\";s:5:\"phone\";N;s:10:\"tax_exempt\";s:4:\"none\";s:7:\"tax_ids\";a:0:{}}s:14:\"customer_email\";s:18:\"test+000@gmail.com\";s:10:\"expires_at\";i:1717758065;s:7:\"invoice\";s:27:\"in_1POe7oLaz1e579ovexxJNiJz\";s:16:\"invoice_creation\";N;s:8:\"livemode\";b:0;s:6:\"locale\";N;s:8:\"metadata\";a:0:{}s:4:\"mode\";s:12:\"subscription\";s:14:\"payment_intent\";N;s:12:\"payment_link\";N;s:25:\"payment_method_collection\";s:6:\"always\";s:36:\"payment_method_configuration_details\";N;s:22:\"payment_method_options\";a:1:{s:4:\"card\";a:1:{s:22:\"request_three_d_secure\";s:9:\"automatic\";}}s:20:\"payment_method_types\";a:1:{i:0;s:4:\"card\";}s:14:\"payment_status\";s:4:\"paid\";s:23:\"phone_number_collection\";a:1:{s:7:\"enabled\";b:0;}s:14:\"recovered_from\";N;s:28:\"saved_payment_method_options\";a:3:{s:23:\"allow_redisplay_filters\";a:1:{i:0;s:6:\"always\";}s:21:\"payment_method_remove\";N;s:19:\"payment_method_save\";N;}s:12:\"setup_intent\";N;s:27:\"shipping_address_collection\";N;s:13:\"shipping_cost\";N;s:16:\"shipping_details\";N;s:16:\"shipping_options\";a:0:{}s:6:\"status\";s:8:\"complete\";s:11:\"submit_type\";N;s:12:\"subscription\";s:28:\"sub_1POe7oLaz1e579ovtF3rvs4t\";s:11:\"success_url\";s:110:\"https://staging.turbochargedathletics.com/register-success?session_id={CHECKOUT_SESSION_ID}&subscription_id=32\";s:13:\"total_details\";a:3:{s:15:\"amount_discount\";i:0;s:15:\"amount_shipping\";i:0;s:10:\"amount_tax\";i:0;}s:7:\"ui_mode\";s:6:\"hosted\";s:3:\"url\";N;}s:4:\"code\";i:200;}s:14:\"saveWithParent\";b:0;}',	'active',	'2024-06-06 11:05:02',	'2024-06-06 11:05:02'),
(7,	33,	'2024-06-19 13:35:59',	NULL,	'complete',	'a:8:{s:8:\"\0*\0_opts\";O:26:\"Stripe\\Util\\RequestOptions\":3:{s:7:\"headers\";a:0:{}s:6:\"apiKey\";s:107:\"sk_test_51POMStLaz1e579ovYHOMTdJfMJobNUwOkAu0VKv4vuKzwWYm486RmGZrRjvimOocYWyYXcyCih0nzhJ8F6LKdoam00Tct6eKFH\";s:7:\"apiBase\";N;}s:18:\"\0*\0_originalValues\";a:51:{s:2:\"id\";s:66:\"cs_test_a1YczRTIE7b1GuNrBe6RZoMyAhuKj4KUmdIl8qS4agJjhpwnxYAm4lAa7K\";s:6:\"object\";s:16:\"checkout.session\";s:16:\"after_expiration\";N;s:21:\"allow_promotion_codes\";N;s:15:\"amount_subtotal\";i:50000;s:12:\"amount_total\";i:50000;s:13:\"automatic_tax\";a:3:{s:7:\"enabled\";b:0;s:9:\"liability\";N;s:6:\"status\";N;}s:26:\"billing_address_collection\";N;s:10:\"cancel_url\";s:57:\"https://staging.turbochargedathletics.com/register-cancel\";s:19:\"client_reference_id\";N;s:13:\"client_secret\";N;s:7:\"consent\";N;s:18:\"consent_collection\";N;s:7:\"created\";i:1718804107;s:8:\"currency\";s:3:\"usd\";s:19:\"currency_conversion\";N;s:13:\"custom_fields\";a:0:{}s:11:\"custom_text\";a:4:{s:12:\"after_submit\";N;s:16:\"shipping_address\";N;s:6:\"submit\";N;s:27:\"terms_of_service_acceptance\";N;}s:8:\"customer\";s:18:\"cus_QK2l1ZRHBF3W8k\";s:17:\"customer_creation\";s:6:\"always\";s:16:\"customer_details\";a:6:{s:7:\"address\";a:6:{s:4:\"city\";N;s:7:\"country\";s:2:\"IN\";s:5:\"line1\";N;s:5:\"line2\";N;s:11:\"postal_code\";N;s:5:\"state\";N;}s:5:\"email\";s:18:\"test+1ww@gmail.com\";s:4:\"name\";s:4:\"test\";s:5:\"phone\";N;s:10:\"tax_exempt\";s:4:\"none\";s:7:\"tax_ids\";a:0:{}}s:14:\"customer_email\";s:18:\"test+1ww@gmail.com\";s:10:\"expires_at\";i:1718890507;s:7:\"invoice\";s:27:\"in_1PTOg3Laz1e579ovCu3rUlPN\";s:16:\"invoice_creation\";N;s:8:\"livemode\";b:0;s:6:\"locale\";N;s:8:\"metadata\";a:0:{}s:4:\"mode\";s:12:\"subscription\";s:14:\"payment_intent\";N;s:12:\"payment_link\";N;s:25:\"payment_method_collection\";s:6:\"always\";s:36:\"payment_method_configuration_details\";N;s:22:\"payment_method_options\";a:1:{s:4:\"card\";a:1:{s:22:\"request_three_d_secure\";s:9:\"automatic\";}}s:20:\"payment_method_types\";a:1:{i:0;s:4:\"card\";}s:14:\"payment_status\";s:4:\"paid\";s:23:\"phone_number_collection\";a:1:{s:7:\"enabled\";b:0;}s:14:\"recovered_from\";N;s:28:\"saved_payment_method_options\";a:3:{s:23:\"allow_redisplay_filters\";a:1:{i:0;s:6:\"always\";}s:21:\"payment_method_remove\";N;s:19:\"payment_method_save\";N;}s:12:\"setup_intent\";N;s:27:\"shipping_address_collection\";N;s:13:\"shipping_cost\";N;s:16:\"shipping_details\";N;s:16:\"shipping_options\";a:0:{}s:6:\"status\";s:8:\"complete\";s:11:\"submit_type\";N;s:12:\"subscription\";s:28:\"sub_1PTOg3Laz1e579ovJC9xiiL3\";s:11:\"success_url\";s:110:\"https://staging.turbochargedathletics.com/register-success?session_id={CHECKOUT_SESSION_ID}&subscription_id=33\";s:13:\"total_details\";a:3:{s:15:\"amount_discount\";i:0;s:15:\"amount_shipping\";i:0;s:10:\"amount_tax\";i:0;}s:7:\"ui_mode\";s:6:\"hosted\";s:3:\"url\";N;}s:10:\"\0*\0_values\";a:51:{s:2:\"id\";s:66:\"cs_test_a1YczRTIE7b1GuNrBe6RZoMyAhuKj4KUmdIl8qS4agJjhpwnxYAm4lAa7K\";s:6:\"object\";s:16:\"checkout.session\";s:16:\"after_expiration\";N;s:21:\"allow_promotion_codes\";N;s:15:\"amount_subtotal\";i:50000;s:12:\"amount_total\";i:50000;s:13:\"automatic_tax\";O:19:\"Stripe\\StripeObject\":7:{s:8:\"\0*\0_opts\";O:26:\"Stripe\\Util\\RequestOptions\":3:{s:7:\"headers\";a:0:{}s:6:\"apiKey\";s:107:\"sk_test_51POMStLaz1e579ovYHOMTdJfMJobNUwOkAu0VKv4vuKzwWYm486RmGZrRjvimOocYWyYXcyCih0nzhJ8F6LKdoam00Tct6eKFH\";s:7:\"apiBase\";N;}s:18:\"\0*\0_originalValues\";a:3:{s:7:\"enabled\";b:0;s:9:\"liability\";N;s:6:\"status\";N;}s:10:\"\0*\0_values\";a:3:{s:7:\"enabled\";b:0;s:9:\"liability\";N;s:6:\"status\";N;}s:17:\"\0*\0_unsavedValues\";O:15:\"Stripe\\Util\\Set\":1:{s:22:\"\0Stripe\\Util\\Set\0_elts\";a:0:{}}s:19:\"\0*\0_transientValues\";O:15:\"Stripe\\Util\\Set\":1:{s:22:\"\0Stripe\\Util\\Set\0_elts\";a:0:{}}s:19:\"\0*\0_retrieveOptions\";a:0:{}s:16:\"\0*\0_lastResponse\";N;}s:26:\"billing_address_collection\";N;s:10:\"cancel_url\";s:57:\"https://staging.turbochargedathletics.com/register-cancel\";s:19:\"client_reference_id\";N;s:13:\"client_secret\";N;s:7:\"consent\";N;s:18:\"consent_collection\";N;s:7:\"created\";i:1718804107;s:8:\"currency\";s:3:\"usd\";s:19:\"currency_conversion\";N;s:13:\"custom_fields\";a:0:{}s:11:\"custom_text\";O:19:\"Stripe\\StripeObject\":7:{s:8:\"\0*\0_opts\";O:26:\"Stripe\\Util\\RequestOptions\":3:{s:7:\"headers\";a:0:{}s:6:\"apiKey\";s:107:\"sk_test_51POMStLaz1e579ovYHOMTdJfMJobNUwOkAu0VKv4vuKzwWYm486RmGZrRjvimOocYWyYXcyCih0nzhJ8F6LKdoam00Tct6eKFH\";s:7:\"apiBase\";N;}s:18:\"\0*\0_originalValues\";a:4:{s:12:\"after_submit\";N;s:16:\"shipping_address\";N;s:6:\"submit\";N;s:27:\"terms_of_service_acceptance\";N;}s:10:\"\0*\0_values\";a:4:{s:12:\"after_submit\";N;s:16:\"shipping_address\";N;s:6:\"submit\";N;s:27:\"terms_of_service_acceptance\";N;}s:17:\"\0*\0_unsavedValues\";O:15:\"Stripe\\Util\\Set\":1:{s:22:\"\0Stripe\\Util\\Set\0_elts\";a:0:{}}s:19:\"\0*\0_transientValues\";O:15:\"Stripe\\Util\\Set\":1:{s:22:\"\0Stripe\\Util\\Set\0_elts\";a:0:{}}s:19:\"\0*\0_retrieveOptions\";a:0:{}s:16:\"\0*\0_lastResponse\";N;}s:8:\"customer\";s:18:\"cus_QK2l1ZRHBF3W8k\";s:17:\"customer_creation\";s:6:\"always\";s:16:\"customer_details\";O:19:\"Stripe\\StripeObject\":7:{s:8:\"\0*\0_opts\";O:26:\"Stripe\\Util\\RequestOptions\":3:{s:7:\"headers\";a:0:{}s:6:\"apiKey\";s:107:\"sk_test_51POMStLaz1e579ovYHOMTdJfMJobNUwOkAu0VKv4vuKzwWYm486RmGZrRjvimOocYWyYXcyCih0nzhJ8F6LKdoam00Tct6eKFH\";s:7:\"apiBase\";N;}s:18:\"\0*\0_originalValues\";a:6:{s:7:\"address\";a:6:{s:4:\"city\";N;s:7:\"country\";s:2:\"IN\";s:5:\"line1\";N;s:5:\"line2\";N;s:11:\"postal_code\";N;s:5:\"state\";N;}s:5:\"email\";s:18:\"test+1ww@gmail.com\";s:4:\"name\";s:4:\"test\";s:5:\"phone\";N;s:10:\"tax_exempt\";s:4:\"none\";s:7:\"tax_ids\";a:0:{}}s:10:\"\0*\0_values\";a:6:{s:7:\"address\";O:19:\"Stripe\\StripeObject\":7:{s:8:\"\0*\0_opts\";O:26:\"Stripe\\Util\\RequestOptions\":3:{s:7:\"headers\";a:0:{}s:6:\"apiKey\";s:107:\"sk_test_51POMStLaz1e579ovYHOMTdJfMJobNUwOkAu0VKv4vuKzwWYm486RmGZrRjvimOocYWyYXcyCih0nzhJ8F6LKdoam00Tct6eKFH\";s:7:\"apiBase\";N;}s:18:\"\0*\0_originalValues\";a:6:{s:4:\"city\";N;s:7:\"country\";s:2:\"IN\";s:5:\"line1\";N;s:5:\"line2\";N;s:11:\"postal_code\";N;s:5:\"state\";N;}s:10:\"\0*\0_values\";a:6:{s:4:\"city\";N;s:7:\"country\";s:2:\"IN\";s:5:\"line1\";N;s:5:\"line2\";N;s:11:\"postal_code\";N;s:5:\"state\";N;}s:17:\"\0*\0_unsavedValues\";O:15:\"Stripe\\Util\\Set\":1:{s:22:\"\0Stripe\\Util\\Set\0_elts\";a:0:{}}s:19:\"\0*\0_transientValues\";O:15:\"Stripe\\Util\\Set\":1:{s:22:\"\0Stripe\\Util\\Set\0_elts\";a:0:{}}s:19:\"\0*\0_retrieveOptions\";a:0:{}s:16:\"\0*\0_lastResponse\";N;}s:5:\"email\";s:18:\"test+1ww@gmail.com\";s:4:\"name\";s:4:\"test\";s:5:\"phone\";N;s:10:\"tax_exempt\";s:4:\"none\";s:7:\"tax_ids\";a:0:{}}s:17:\"\0*\0_unsavedValues\";O:15:\"Stripe\\Util\\Set\":1:{s:22:\"\0Stripe\\Util\\Set\0_elts\";a:0:{}}s:19:\"\0*\0_transientValues\";O:15:\"Stripe\\Util\\Set\":1:{s:22:\"\0Stripe\\Util\\Set\0_elts\";a:0:{}}s:19:\"\0*\0_retrieveOptions\";a:0:{}s:16:\"\0*\0_lastResponse\";N;}s:14:\"customer_email\";s:18:\"test+1ww@gmail.com\";s:10:\"expires_at\";i:1718890507;s:7:\"invoice\";s:27:\"in_1PTOg3Laz1e579ovCu3rUlPN\";s:16:\"invoice_creation\";N;s:8:\"livemode\";b:0;s:6:\"locale\";N;s:8:\"metadata\";O:19:\"Stripe\\StripeObject\":7:{s:8:\"\0*\0_opts\";O:26:\"Stripe\\Util\\RequestOptions\":3:{s:7:\"headers\";a:0:{}s:6:\"apiKey\";s:107:\"sk_test_51POMStLaz1e579ovYHOMTdJfMJobNUwOkAu0VKv4vuKzwWYm486RmGZrRjvimOocYWyYXcyCih0nzhJ8F6LKdoam00Tct6eKFH\";s:7:\"apiBase\";N;}s:18:\"\0*\0_originalValues\";a:0:{}s:10:\"\0*\0_values\";a:0:{}s:17:\"\0*\0_unsavedValues\";O:15:\"Stripe\\Util\\Set\":1:{s:22:\"\0Stripe\\Util\\Set\0_elts\";a:0:{}}s:19:\"\0*\0_transientValues\";O:15:\"Stripe\\Util\\Set\":1:{s:22:\"\0Stripe\\Util\\Set\0_elts\";a:0:{}}s:19:\"\0*\0_retrieveOptions\";a:0:{}s:16:\"\0*\0_lastResponse\";N;}s:4:\"mode\";s:12:\"subscription\";s:14:\"payment_intent\";N;s:12:\"payment_link\";N;s:25:\"payment_method_collection\";s:6:\"always\";s:36:\"payment_method_configuration_details\";N;s:22:\"payment_method_options\";O:19:\"Stripe\\StripeObject\":7:{s:8:\"\0*\0_opts\";O:26:\"Stripe\\Util\\RequestOptions\":3:{s:7:\"headers\";a:0:{}s:6:\"apiKey\";s:107:\"sk_test_51POMStLaz1e579ovYHOMTdJfMJobNUwOkAu0VKv4vuKzwWYm486RmGZrRjvimOocYWyYXcyCih0nzhJ8F6LKdoam00Tct6eKFH\";s:7:\"apiBase\";N;}s:18:\"\0*\0_originalValues\";a:1:{s:4:\"card\";a:1:{s:22:\"request_three_d_secure\";s:9:\"automatic\";}}s:10:\"\0*\0_values\";a:1:{s:4:\"card\";O:19:\"Stripe\\StripeObject\":7:{s:8:\"\0*\0_opts\";O:26:\"Stripe\\Util\\RequestOptions\":3:{s:7:\"headers\";a:0:{}s:6:\"apiKey\";s:107:\"sk_test_51POMStLaz1e579ovYHOMTdJfMJobNUwOkAu0VKv4vuKzwWYm486RmGZrRjvimOocYWyYXcyCih0nzhJ8F6LKdoam00Tct6eKFH\";s:7:\"apiBase\";N;}s:18:\"\0*\0_originalValues\";a:1:{s:22:\"request_three_d_secure\";s:9:\"automatic\";}s:10:\"\0*\0_values\";a:1:{s:22:\"request_three_d_secure\";s:9:\"automatic\";}s:17:\"\0*\0_unsavedValues\";O:15:\"Stripe\\Util\\Set\":1:{s:22:\"\0Stripe\\Util\\Set\0_elts\";a:0:{}}s:19:\"\0*\0_transientValues\";O:15:\"Stripe\\Util\\Set\":1:{s:22:\"\0Stripe\\Util\\Set\0_elts\";a:0:{}}s:19:\"\0*\0_retrieveOptions\";a:0:{}s:16:\"\0*\0_lastResponse\";N;}}s:17:\"\0*\0_unsavedValues\";O:15:\"Stripe\\Util\\Set\":1:{s:22:\"\0Stripe\\Util\\Set\0_elts\";a:0:{}}s:19:\"\0*\0_transientValues\";O:15:\"Stripe\\Util\\Set\":1:{s:22:\"\0Stripe\\Util\\Set\0_elts\";a:0:{}}s:19:\"\0*\0_retrieveOptions\";a:0:{}s:16:\"\0*\0_lastResponse\";N;}s:20:\"payment_method_types\";a:1:{i:0;s:4:\"card\";}s:14:\"payment_status\";s:4:\"paid\";s:23:\"phone_number_collection\";O:19:\"Stripe\\StripeObject\":7:{s:8:\"\0*\0_opts\";O:26:\"Stripe\\Util\\RequestOptions\":3:{s:7:\"headers\";a:0:{}s:6:\"apiKey\";s:107:\"sk_test_51POMStLaz1e579ovYHOMTdJfMJobNUwOkAu0VKv4vuKzwWYm486RmGZrRjvimOocYWyYXcyCih0nzhJ8F6LKdoam00Tct6eKFH\";s:7:\"apiBase\";N;}s:18:\"\0*\0_originalValues\";a:1:{s:7:\"enabled\";b:0;}s:10:\"\0*\0_values\";a:1:{s:7:\"enabled\";b:0;}s:17:\"\0*\0_unsavedValues\";O:15:\"Stripe\\Util\\Set\":1:{s:22:\"\0Stripe\\Util\\Set\0_elts\";a:0:{}}s:19:\"\0*\0_transientValues\";O:15:\"Stripe\\Util\\Set\":1:{s:22:\"\0Stripe\\Util\\Set\0_elts\";a:0:{}}s:19:\"\0*\0_retrieveOptions\";a:0:{}s:16:\"\0*\0_lastResponse\";N;}s:14:\"recovered_from\";N;s:28:\"saved_payment_method_options\";O:19:\"Stripe\\StripeObject\":7:{s:8:\"\0*\0_opts\";O:26:\"Stripe\\Util\\RequestOptions\":3:{s:7:\"headers\";a:0:{}s:6:\"apiKey\";s:107:\"sk_test_51POMStLaz1e579ovYHOMTdJfMJobNUwOkAu0VKv4vuKzwWYm486RmGZrRjvimOocYWyYXcyCih0nzhJ8F6LKdoam00Tct6eKFH\";s:7:\"apiBase\";N;}s:18:\"\0*\0_originalValues\";a:3:{s:23:\"allow_redisplay_filters\";a:1:{i:0;s:6:\"always\";}s:21:\"payment_method_remove\";N;s:19:\"payment_method_save\";N;}s:10:\"\0*\0_values\";a:3:{s:23:\"allow_redisplay_filters\";a:1:{i:0;s:6:\"always\";}s:21:\"payment_method_remove\";N;s:19:\"payment_method_save\";N;}s:17:\"\0*\0_unsavedValues\";O:15:\"Stripe\\Util\\Set\":1:{s:22:\"\0Stripe\\Util\\Set\0_elts\";a:0:{}}s:19:\"\0*\0_transientValues\";O:15:\"Stripe\\Util\\Set\":1:{s:22:\"\0Stripe\\Util\\Set\0_elts\";a:0:{}}s:19:\"\0*\0_retrieveOptions\";a:0:{}s:16:\"\0*\0_lastResponse\";N;}s:12:\"setup_intent\";N;s:27:\"shipping_address_collection\";N;s:13:\"shipping_cost\";N;s:16:\"shipping_details\";N;s:16:\"shipping_options\";a:0:{}s:6:\"status\";s:8:\"complete\";s:11:\"submit_type\";N;s:12:\"subscription\";s:28:\"sub_1PTOg3Laz1e579ovJC9xiiL3\";s:11:\"success_url\";s:110:\"https://staging.turbochargedathletics.com/register-success?session_id={CHECKOUT_SESSION_ID}&subscription_id=33\";s:13:\"total_details\";O:19:\"Stripe\\StripeObject\":7:{s:8:\"\0*\0_opts\";O:26:\"Stripe\\Util\\RequestOptions\":3:{s:7:\"headers\";a:0:{}s:6:\"apiKey\";s:107:\"sk_test_51POMStLaz1e579ovYHOMTdJfMJobNUwOkAu0VKv4vuKzwWYm486RmGZrRjvimOocYWyYXcyCih0nzhJ8F6LKdoam00Tct6eKFH\";s:7:\"apiBase\";N;}s:18:\"\0*\0_originalValues\";a:3:{s:15:\"amount_discount\";i:0;s:15:\"amount_shipping\";i:0;s:10:\"amount_tax\";i:0;}s:10:\"\0*\0_values\";a:3:{s:15:\"amount_discount\";i:0;s:15:\"amount_shipping\";i:0;s:10:\"amount_tax\";i:0;}s:17:\"\0*\0_unsavedValues\";O:15:\"Stripe\\Util\\Set\":1:{s:22:\"\0Stripe\\Util\\Set\0_elts\";a:0:{}}s:19:\"\0*\0_transientValues\";O:15:\"Stripe\\Util\\Set\":1:{s:22:\"\0Stripe\\Util\\Set\0_elts\";a:0:{}}s:19:\"\0*\0_retrieveOptions\";a:0:{}s:16:\"\0*\0_lastResponse\";N;}s:7:\"ui_mode\";s:6:\"hosted\";s:3:\"url\";N;}s:17:\"\0*\0_unsavedValues\";O:15:\"Stripe\\Util\\Set\":1:{s:22:\"\0Stripe\\Util\\Set\0_elts\";a:0:{}}s:19:\"\0*\0_transientValues\";O:15:\"Stripe\\Util\\Set\":1:{s:22:\"\0Stripe\\Util\\Set\0_elts\";a:0:{}}s:19:\"\0*\0_retrieveOptions\";a:0:{}s:16:\"\0*\0_lastResponse\";O:18:\"Stripe\\ApiResponse\":4:{s:7:\"headers\";O:32:\"Stripe\\Util\\CaseInsensitiveArray\":1:{s:43:\"\0Stripe\\Util\\CaseInsensitiveArray\0container\";a:21:{s:6:\"server\";s:5:\"nginx\";s:4:\"date\";s:29:\"Wed, 19 Jun 2024 13:36:00 GMT\";s:12:\"content-type\";s:16:\"application/json\";s:14:\"content-length\";s:4:\"2435\";s:32:\"access-control-allow-credentials\";s:4:\"true\";s:28:\"access-control-allow-methods\";s:30:\"GET,HEAD,PUT,PATCH,POST,DELETE\";s:27:\"access-control-allow-origin\";s:1:\"*\";s:29:\"access-control-expose-headers\";s:125:\"Request-Id, Stripe-Manage-Version, Stripe-Should-Retry, X-Stripe-External-Auth-Required, X-Stripe-Privileged-Session-Required\";s:22:\"access-control-max-age\";s:3:\"300\";s:13:\"cache-control\";s:18:\"no-cache, no-store\";s:23:\"content-security-policy\";s:257:\"report-uri https://q.stripe.com/csp-report?p=v1%2Fcheckout%2Fsessions%2F%3Asession; block-all-mixed-content; default-src \'none\'; base-uri \'none\'; form-action \'none\'; frame-ancestors \'none\'; img-src \'self\'; script-src \'self\' \'report-sample\'; style-src \'self\'\";s:38:\"cross-origin-opener-policy-report-only\";s:29:\"same-origin; report-to=\"coop\"\";s:9:\"report-to\";s:130:\"{\"group\":\"coop\",\"max_age\":8640,\"endpoints\":[{\"url\":\"https://q.stripe.com/coop-report?s=mono-bapi-srv\"}],\"include_subdomains\":true}\";s:19:\"reporting-endpoints\";s:55:\"coop=\"https://q.stripe.com/coop-report?s=mono-bapi-srv\"\";s:10:\"request-id\";s:18:\"req_os9xoniPjGAxt5\";s:14:\"stripe-version\";s:10:\"2023-10-16\";s:4:\"vary\";s:6:\"Origin\";s:22:\"x-content-type-options\";s:7:\"nosniff\";s:33:\"x-stripe-priority-routing-enabled\";s:4:\"true\";s:38:\"x-stripe-routing-context-priority-tier\";s:12:\"api-testmode\";s:25:\"strict-transport-security\";s:44:\"max-age=63072000; includeSubDomains; preload\";}}s:4:\"body\";s:2435:\"{\n  \"id\": \"cs_test_a1YczRTIE7b1GuNrBe6RZoMyAhuKj4KUmdIl8qS4agJjhpwnxYAm4lAa7K\",\n  \"object\": \"checkout.session\",\n  \"after_expiration\": null,\n  \"allow_promotion_codes\": null,\n  \"amount_subtotal\": 50000,\n  \"amount_total\": 50000,\n  \"automatic_tax\": {\n    \"enabled\": false,\n    \"liability\": null,\n    \"status\": null\n  },\n  \"billing_address_collection\": null,\n  \"cancel_url\": \"https://staging.turbochargedathletics.com/register-cancel\",\n  \"client_reference_id\": null,\n  \"client_secret\": null,\n  \"consent\": null,\n  \"consent_collection\": null,\n  \"created\": 1718804107,\n  \"currency\": \"usd\",\n  \"currency_conversion\": null,\n  \"custom_fields\": [],\n  \"custom_text\": {\n    \"after_submit\": null,\n    \"shipping_address\": null,\n    \"submit\": null,\n    \"terms_of_service_acceptance\": null\n  },\n  \"customer\": \"cus_QK2l1ZRHBF3W8k\",\n  \"customer_creation\": \"always\",\n  \"customer_details\": {\n    \"address\": {\n      \"city\": null,\n      \"country\": \"IN\",\n      \"line1\": null,\n      \"line2\": null,\n      \"postal_code\": null,\n      \"state\": null\n    },\n    \"email\": \"test+1ww@gmail.com\",\n    \"name\": \"test\",\n    \"phone\": null,\n    \"tax_exempt\": \"none\",\n    \"tax_ids\": []\n  },\n  \"customer_email\": \"test+1ww@gmail.com\",\n  \"expires_at\": 1718890507,\n  \"invoice\": \"in_1PTOg3Laz1e579ovCu3rUlPN\",\n  \"invoice_creation\": null,\n  \"livemode\": false,\n  \"locale\": null,\n  \"metadata\": {},\n  \"mode\": \"subscription\",\n  \"payment_intent\": null,\n  \"payment_link\": null,\n  \"payment_method_collection\": \"always\",\n  \"payment_method_configuration_details\": null,\n  \"payment_method_options\": {\n    \"card\": {\n      \"request_three_d_secure\": \"automatic\"\n    }\n  },\n  \"payment_method_types\": [\n    \"card\"\n  ],\n  \"payment_status\": \"paid\",\n  \"phone_number_collection\": {\n    \"enabled\": false\n  },\n  \"recovered_from\": null,\n  \"saved_payment_method_options\": {\n    \"allow_redisplay_filters\": [\n      \"always\"\n    ],\n    \"payment_method_remove\": null,\n    \"payment_method_save\": null\n  },\n  \"setup_intent\": null,\n  \"shipping_address_collection\": null,\n  \"shipping_cost\": null,\n  \"shipping_details\": null,\n  \"shipping_options\": [],\n  \"status\": \"complete\",\n  \"submit_type\": null,\n  \"subscription\": \"sub_1PTOg3Laz1e579ovJC9xiiL3\",\n  \"success_url\": \"https://staging.turbochargedathletics.com/register-success?session_id={CHECKOUT_SESSION_ID}&subscription_id=33\",\n  \"total_details\": {\n    \"amount_discount\": 0,\n    \"amount_shipping\": 0,\n    \"amount_tax\": 0\n  },\n  \"ui_mode\": \"hosted\",\n  \"url\": null\n}\";s:4:\"json\";a:51:{s:2:\"id\";s:66:\"cs_test_a1YczRTIE7b1GuNrBe6RZoMyAhuKj4KUmdIl8qS4agJjhpwnxYAm4lAa7K\";s:6:\"object\";s:16:\"checkout.session\";s:16:\"after_expiration\";N;s:21:\"allow_promotion_codes\";N;s:15:\"amount_subtotal\";i:50000;s:12:\"amount_total\";i:50000;s:13:\"automatic_tax\";a:3:{s:7:\"enabled\";b:0;s:9:\"liability\";N;s:6:\"status\";N;}s:26:\"billing_address_collection\";N;s:10:\"cancel_url\";s:57:\"https://staging.turbochargedathletics.com/register-cancel\";s:19:\"client_reference_id\";N;s:13:\"client_secret\";N;s:7:\"consent\";N;s:18:\"consent_collection\";N;s:7:\"created\";i:1718804107;s:8:\"currency\";s:3:\"usd\";s:19:\"currency_conversion\";N;s:13:\"custom_fields\";a:0:{}s:11:\"custom_text\";a:4:{s:12:\"after_submit\";N;s:16:\"shipping_address\";N;s:6:\"submit\";N;s:27:\"terms_of_service_acceptance\";N;}s:8:\"customer\";s:18:\"cus_QK2l1ZRHBF3W8k\";s:17:\"customer_creation\";s:6:\"always\";s:16:\"customer_details\";a:6:{s:7:\"address\";a:6:{s:4:\"city\";N;s:7:\"country\";s:2:\"IN\";s:5:\"line1\";N;s:5:\"line2\";N;s:11:\"postal_code\";N;s:5:\"state\";N;}s:5:\"email\";s:18:\"test+1ww@gmail.com\";s:4:\"name\";s:4:\"test\";s:5:\"phone\";N;s:10:\"tax_exempt\";s:4:\"none\";s:7:\"tax_ids\";a:0:{}}s:14:\"customer_email\";s:18:\"test+1ww@gmail.com\";s:10:\"expires_at\";i:1718890507;s:7:\"invoice\";s:27:\"in_1PTOg3Laz1e579ovCu3rUlPN\";s:16:\"invoice_creation\";N;s:8:\"livemode\";b:0;s:6:\"locale\";N;s:8:\"metadata\";a:0:{}s:4:\"mode\";s:12:\"subscription\";s:14:\"payment_intent\";N;s:12:\"payment_link\";N;s:25:\"payment_method_collection\";s:6:\"always\";s:36:\"payment_method_configuration_details\";N;s:22:\"payment_method_options\";a:1:{s:4:\"card\";a:1:{s:22:\"request_three_d_secure\";s:9:\"automatic\";}}s:20:\"payment_method_types\";a:1:{i:0;s:4:\"card\";}s:14:\"payment_status\";s:4:\"paid\";s:23:\"phone_number_collection\";a:1:{s:7:\"enabled\";b:0;}s:14:\"recovered_from\";N;s:28:\"saved_payment_method_options\";a:3:{s:23:\"allow_redisplay_filters\";a:1:{i:0;s:6:\"always\";}s:21:\"payment_method_remove\";N;s:19:\"payment_method_save\";N;}s:12:\"setup_intent\";N;s:27:\"shipping_address_collection\";N;s:13:\"shipping_cost\";N;s:16:\"shipping_details\";N;s:16:\"shipping_options\";a:0:{}s:6:\"status\";s:8:\"complete\";s:11:\"submit_type\";N;s:12:\"subscription\";s:28:\"sub_1PTOg3Laz1e579ovJC9xiiL3\";s:11:\"success_url\";s:110:\"https://staging.turbochargedathletics.com/register-success?session_id={CHECKOUT_SESSION_ID}&subscription_id=33\";s:13:\"total_details\";a:3:{s:15:\"amount_discount\";i:0;s:15:\"amount_shipping\";i:0;s:10:\"amount_tax\";i:0;}s:7:\"ui_mode\";s:6:\"hosted\";s:3:\"url\";N;}s:4:\"code\";i:200;}s:14:\"saveWithParent\";b:0;}',	'active',	'2024-06-19 13:35:59',	'2024-06-19 13:35:59'),
(8,	34,	'2024-06-26 12:50:58',	NULL,	'complete',	'a:8:{s:8:\"\0*\0_opts\";O:26:\"Stripe\\Util\\RequestOptions\":3:{s:7:\"headers\";a:0:{}s:6:\"apiKey\";s:107:\"sk_test_51POMStLaz1e579ovYHOMTdJfMJobNUwOkAu0VKv4vuKzwWYm486RmGZrRjvimOocYWyYXcyCih0nzhJ8F6LKdoam00Tct6eKFH\";s:7:\"apiBase\";N;}s:18:\"\0*\0_originalValues\";a:51:{s:2:\"id\";s:66:\"cs_test_a1znXnBxyG8oXsU5vbhGxZrrJsnPsoaznyDSWkBjEHDxmzd95VSowhvts1\";s:6:\"object\";s:16:\"checkout.session\";s:16:\"after_expiration\";N;s:21:\"allow_promotion_codes\";N;s:15:\"amount_subtotal\";i:50000;s:12:\"amount_total\";i:50000;s:13:\"automatic_tax\";a:3:{s:7:\"enabled\";b:0;s:9:\"liability\";N;s:6:\"status\";N;}s:26:\"billing_address_collection\";N;s:10:\"cancel_url\";s:57:\"https://staging.turbochargedathletics.com/register-cancel\";s:19:\"client_reference_id\";N;s:13:\"client_secret\";N;s:7:\"consent\";N;s:18:\"consent_collection\";N;s:7:\"created\";i:1719406237;s:8:\"currency\";s:3:\"usd\";s:19:\"currency_conversion\";N;s:13:\"custom_fields\";a:0:{}s:11:\"custom_text\";a:4:{s:12:\"after_submit\";N;s:16:\"shipping_address\";N;s:6:\"submit\";N;s:27:\"terms_of_service_acceptance\";N;}s:8:\"customer\";s:18:\"cus_QMecCJi1Uu2fMR\";s:17:\"customer_creation\";s:6:\"always\";s:16:\"customer_details\";a:6:{s:7:\"address\";a:6:{s:4:\"city\";N;s:7:\"country\";s:2:\"IN\";s:5:\"line1\";N;s:5:\"line2\";N;s:11:\"postal_code\";N;s:5:\"state\";N;}s:5:\"email\";s:18:\"test+1qq@gmail.com\";s:4:\"name\";s:4:\"test\";s:5:\"phone\";N;s:10:\"tax_exempt\";s:4:\"none\";s:7:\"tax_ids\";a:0:{}}s:14:\"customer_email\";s:18:\"test+1qq@gmail.com\";s:10:\"expires_at\";i:1719492637;s:7:\"invoice\";s:27:\"in_1PVvJJLaz1e579ovcBwfBbHu\";s:16:\"invoice_creation\";N;s:8:\"livemode\";b:0;s:6:\"locale\";N;s:8:\"metadata\";a:0:{}s:4:\"mode\";s:12:\"subscription\";s:14:\"payment_intent\";N;s:12:\"payment_link\";N;s:25:\"payment_method_collection\";s:6:\"always\";s:36:\"payment_method_configuration_details\";N;s:22:\"payment_method_options\";a:1:{s:4:\"card\";a:1:{s:22:\"request_three_d_secure\";s:9:\"automatic\";}}s:20:\"payment_method_types\";a:1:{i:0;s:4:\"card\";}s:14:\"payment_status\";s:4:\"paid\";s:23:\"phone_number_collection\";a:1:{s:7:\"enabled\";b:0;}s:14:\"recovered_from\";N;s:28:\"saved_payment_method_options\";a:3:{s:23:\"allow_redisplay_filters\";a:1:{i:0;s:6:\"always\";}s:21:\"payment_method_remove\";N;s:19:\"payment_method_save\";N;}s:12:\"setup_intent\";N;s:27:\"shipping_address_collection\";N;s:13:\"shipping_cost\";N;s:16:\"shipping_details\";N;s:16:\"shipping_options\";a:0:{}s:6:\"status\";s:8:\"complete\";s:11:\"submit_type\";N;s:12:\"subscription\";s:28:\"sub_1PVvJJLaz1e579ovpmRH0lcY\";s:11:\"success_url\";s:110:\"https://staging.turbochargedathletics.com/register-success?session_id={CHECKOUT_SESSION_ID}&subscription_id=34\";s:13:\"total_details\";a:3:{s:15:\"amount_discount\";i:0;s:15:\"amount_shipping\";i:0;s:10:\"amount_tax\";i:0;}s:7:\"ui_mode\";s:6:\"hosted\";s:3:\"url\";N;}s:10:\"\0*\0_values\";a:51:{s:2:\"id\";s:66:\"cs_test_a1znXnBxyG8oXsU5vbhGxZrrJsnPsoaznyDSWkBjEHDxmzd95VSowhvts1\";s:6:\"object\";s:16:\"checkout.session\";s:16:\"after_expiration\";N;s:21:\"allow_promotion_codes\";N;s:15:\"amount_subtotal\";i:50000;s:12:\"amount_total\";i:50000;s:13:\"automatic_tax\";O:19:\"Stripe\\StripeObject\":7:{s:8:\"\0*\0_opts\";O:26:\"Stripe\\Util\\RequestOptions\":3:{s:7:\"headers\";a:0:{}s:6:\"apiKey\";s:107:\"sk_test_51POMStLaz1e579ovYHOMTdJfMJobNUwOkAu0VKv4vuKzwWYm486RmGZrRjvimOocYWyYXcyCih0nzhJ8F6LKdoam00Tct6eKFH\";s:7:\"apiBase\";N;}s:18:\"\0*\0_originalValues\";a:3:{s:7:\"enabled\";b:0;s:9:\"liability\";N;s:6:\"status\";N;}s:10:\"\0*\0_values\";a:3:{s:7:\"enabled\";b:0;s:9:\"liability\";N;s:6:\"status\";N;}s:17:\"\0*\0_unsavedValues\";O:15:\"Stripe\\Util\\Set\":1:{s:22:\"\0Stripe\\Util\\Set\0_elts\";a:0:{}}s:19:\"\0*\0_transientValues\";O:15:\"Stripe\\Util\\Set\":1:{s:22:\"\0Stripe\\Util\\Set\0_elts\";a:0:{}}s:19:\"\0*\0_retrieveOptions\";a:0:{}s:16:\"\0*\0_lastResponse\";N;}s:26:\"billing_address_collection\";N;s:10:\"cancel_url\";s:57:\"https://staging.turbochargedathletics.com/register-cancel\";s:19:\"client_reference_id\";N;s:13:\"client_secret\";N;s:7:\"consent\";N;s:18:\"consent_collection\";N;s:7:\"created\";i:1719406237;s:8:\"currency\";s:3:\"usd\";s:19:\"currency_conversion\";N;s:13:\"custom_fields\";a:0:{}s:11:\"custom_text\";O:19:\"Stripe\\StripeObject\":7:{s:8:\"\0*\0_opts\";O:26:\"Stripe\\Util\\RequestOptions\":3:{s:7:\"headers\";a:0:{}s:6:\"apiKey\";s:107:\"sk_test_51POMStLaz1e579ovYHOMTdJfMJobNUwOkAu0VKv4vuKzwWYm486RmGZrRjvimOocYWyYXcyCih0nzhJ8F6LKdoam00Tct6eKFH\";s:7:\"apiBase\";N;}s:18:\"\0*\0_originalValues\";a:4:{s:12:\"after_submit\";N;s:16:\"shipping_address\";N;s:6:\"submit\";N;s:27:\"terms_of_service_acceptance\";N;}s:10:\"\0*\0_values\";a:4:{s:12:\"after_submit\";N;s:16:\"shipping_address\";N;s:6:\"submit\";N;s:27:\"terms_of_service_acceptance\";N;}s:17:\"\0*\0_unsavedValues\";O:15:\"Stripe\\Util\\Set\":1:{s:22:\"\0Stripe\\Util\\Set\0_elts\";a:0:{}}s:19:\"\0*\0_transientValues\";O:15:\"Stripe\\Util\\Set\":1:{s:22:\"\0Stripe\\Util\\Set\0_elts\";a:0:{}}s:19:\"\0*\0_retrieveOptions\";a:0:{}s:16:\"\0*\0_lastResponse\";N;}s:8:\"customer\";s:18:\"cus_QMecCJi1Uu2fMR\";s:17:\"customer_creation\";s:6:\"always\";s:16:\"customer_details\";O:19:\"Stripe\\StripeObject\":7:{s:8:\"\0*\0_opts\";O:26:\"Stripe\\Util\\RequestOptions\":3:{s:7:\"headers\";a:0:{}s:6:\"apiKey\";s:107:\"sk_test_51POMStLaz1e579ovYHOMTdJfMJobNUwOkAu0VKv4vuKzwWYm486RmGZrRjvimOocYWyYXcyCih0nzhJ8F6LKdoam00Tct6eKFH\";s:7:\"apiBase\";N;}s:18:\"\0*\0_originalValues\";a:6:{s:7:\"address\";a:6:{s:4:\"city\";N;s:7:\"country\";s:2:\"IN\";s:5:\"line1\";N;s:5:\"line2\";N;s:11:\"postal_code\";N;s:5:\"state\";N;}s:5:\"email\";s:18:\"test+1qq@gmail.com\";s:4:\"name\";s:4:\"test\";s:5:\"phone\";N;s:10:\"tax_exempt\";s:4:\"none\";s:7:\"tax_ids\";a:0:{}}s:10:\"\0*\0_values\";a:6:{s:7:\"address\";O:19:\"Stripe\\StripeObject\":7:{s:8:\"\0*\0_opts\";O:26:\"Stripe\\Util\\RequestOptions\":3:{s:7:\"headers\";a:0:{}s:6:\"apiKey\";s:107:\"sk_test_51POMStLaz1e579ovYHOMTdJfMJobNUwOkAu0VKv4vuKzwWYm486RmGZrRjvimOocYWyYXcyCih0nzhJ8F6LKdoam00Tct6eKFH\";s:7:\"apiBase\";N;}s:18:\"\0*\0_originalValues\";a:6:{s:4:\"city\";N;s:7:\"country\";s:2:\"IN\";s:5:\"line1\";N;s:5:\"line2\";N;s:11:\"postal_code\";N;s:5:\"state\";N;}s:10:\"\0*\0_values\";a:6:{s:4:\"city\";N;s:7:\"country\";s:2:\"IN\";s:5:\"line1\";N;s:5:\"line2\";N;s:11:\"postal_code\";N;s:5:\"state\";N;}s:17:\"\0*\0_unsavedValues\";O:15:\"Stripe\\Util\\Set\":1:{s:22:\"\0Stripe\\Util\\Set\0_elts\";a:0:{}}s:19:\"\0*\0_transientValues\";O:15:\"Stripe\\Util\\Set\":1:{s:22:\"\0Stripe\\Util\\Set\0_elts\";a:0:{}}s:19:\"\0*\0_retrieveOptions\";a:0:{}s:16:\"\0*\0_lastResponse\";N;}s:5:\"email\";s:18:\"test+1qq@gmail.com\";s:4:\"name\";s:4:\"test\";s:5:\"phone\";N;s:10:\"tax_exempt\";s:4:\"none\";s:7:\"tax_ids\";a:0:{}}s:17:\"\0*\0_unsavedValues\";O:15:\"Stripe\\Util\\Set\":1:{s:22:\"\0Stripe\\Util\\Set\0_elts\";a:0:{}}s:19:\"\0*\0_transientValues\";O:15:\"Stripe\\Util\\Set\":1:{s:22:\"\0Stripe\\Util\\Set\0_elts\";a:0:{}}s:19:\"\0*\0_retrieveOptions\";a:0:{}s:16:\"\0*\0_lastResponse\";N;}s:14:\"customer_email\";s:18:\"test+1qq@gmail.com\";s:10:\"expires_at\";i:1719492637;s:7:\"invoice\";s:27:\"in_1PVvJJLaz1e579ovcBwfBbHu\";s:16:\"invoice_creation\";N;s:8:\"livemode\";b:0;s:6:\"locale\";N;s:8:\"metadata\";O:19:\"Stripe\\StripeObject\":7:{s:8:\"\0*\0_opts\";O:26:\"Stripe\\Util\\RequestOptions\":3:{s:7:\"headers\";a:0:{}s:6:\"apiKey\";s:107:\"sk_test_51POMStLaz1e579ovYHOMTdJfMJobNUwOkAu0VKv4vuKzwWYm486RmGZrRjvimOocYWyYXcyCih0nzhJ8F6LKdoam00Tct6eKFH\";s:7:\"apiBase\";N;}s:18:\"\0*\0_originalValues\";a:0:{}s:10:\"\0*\0_values\";a:0:{}s:17:\"\0*\0_unsavedValues\";O:15:\"Stripe\\Util\\Set\":1:{s:22:\"\0Stripe\\Util\\Set\0_elts\";a:0:{}}s:19:\"\0*\0_transientValues\";O:15:\"Stripe\\Util\\Set\":1:{s:22:\"\0Stripe\\Util\\Set\0_elts\";a:0:{}}s:19:\"\0*\0_retrieveOptions\";a:0:{}s:16:\"\0*\0_lastResponse\";N;}s:4:\"mode\";s:12:\"subscription\";s:14:\"payment_intent\";N;s:12:\"payment_link\";N;s:25:\"payment_method_collection\";s:6:\"always\";s:36:\"payment_method_configuration_details\";N;s:22:\"payment_method_options\";O:19:\"Stripe\\StripeObject\":7:{s:8:\"\0*\0_opts\";O:26:\"Stripe\\Util\\RequestOptions\":3:{s:7:\"headers\";a:0:{}s:6:\"apiKey\";s:107:\"sk_test_51POMStLaz1e579ovYHOMTdJfMJobNUwOkAu0VKv4vuKzwWYm486RmGZrRjvimOocYWyYXcyCih0nzhJ8F6LKdoam00Tct6eKFH\";s:7:\"apiBase\";N;}s:18:\"\0*\0_originalValues\";a:1:{s:4:\"card\";a:1:{s:22:\"request_three_d_secure\";s:9:\"automatic\";}}s:10:\"\0*\0_values\";a:1:{s:4:\"card\";O:19:\"Stripe\\StripeObject\":7:{s:8:\"\0*\0_opts\";O:26:\"Stripe\\Util\\RequestOptions\":3:{s:7:\"headers\";a:0:{}s:6:\"apiKey\";s:107:\"sk_test_51POMStLaz1e579ovYHOMTdJfMJobNUwOkAu0VKv4vuKzwWYm486RmGZrRjvimOocYWyYXcyCih0nzhJ8F6LKdoam00Tct6eKFH\";s:7:\"apiBase\";N;}s:18:\"\0*\0_originalValues\";a:1:{s:22:\"request_three_d_secure\";s:9:\"automatic\";}s:10:\"\0*\0_values\";a:1:{s:22:\"request_three_d_secure\";s:9:\"automatic\";}s:17:\"\0*\0_unsavedValues\";O:15:\"Stripe\\Util\\Set\":1:{s:22:\"\0Stripe\\Util\\Set\0_elts\";a:0:{}}s:19:\"\0*\0_transientValues\";O:15:\"Stripe\\Util\\Set\":1:{s:22:\"\0Stripe\\Util\\Set\0_elts\";a:0:{}}s:19:\"\0*\0_retrieveOptions\";a:0:{}s:16:\"\0*\0_lastResponse\";N;}}s:17:\"\0*\0_unsavedValues\";O:15:\"Stripe\\Util\\Set\":1:{s:22:\"\0Stripe\\Util\\Set\0_elts\";a:0:{}}s:19:\"\0*\0_transientValues\";O:15:\"Stripe\\Util\\Set\":1:{s:22:\"\0Stripe\\Util\\Set\0_elts\";a:0:{}}s:19:\"\0*\0_retrieveOptions\";a:0:{}s:16:\"\0*\0_lastResponse\";N;}s:20:\"payment_method_types\";a:1:{i:0;s:4:\"card\";}s:14:\"payment_status\";s:4:\"paid\";s:23:\"phone_number_collection\";O:19:\"Stripe\\StripeObject\":7:{s:8:\"\0*\0_opts\";O:26:\"Stripe\\Util\\RequestOptions\":3:{s:7:\"headers\";a:0:{}s:6:\"apiKey\";s:107:\"sk_test_51POMStLaz1e579ovYHOMTdJfMJobNUwOkAu0VKv4vuKzwWYm486RmGZrRjvimOocYWyYXcyCih0nzhJ8F6LKdoam00Tct6eKFH\";s:7:\"apiBase\";N;}s:18:\"\0*\0_originalValues\";a:1:{s:7:\"enabled\";b:0;}s:10:\"\0*\0_values\";a:1:{s:7:\"enabled\";b:0;}s:17:\"\0*\0_unsavedValues\";O:15:\"Stripe\\Util\\Set\":1:{s:22:\"\0Stripe\\Util\\Set\0_elts\";a:0:{}}s:19:\"\0*\0_transientValues\";O:15:\"Stripe\\Util\\Set\":1:{s:22:\"\0Stripe\\Util\\Set\0_elts\";a:0:{}}s:19:\"\0*\0_retrieveOptions\";a:0:{}s:16:\"\0*\0_lastResponse\";N;}s:14:\"recovered_from\";N;s:28:\"saved_payment_method_options\";O:19:\"Stripe\\StripeObject\":7:{s:8:\"\0*\0_opts\";O:26:\"Stripe\\Util\\RequestOptions\":3:{s:7:\"headers\";a:0:{}s:6:\"apiKey\";s:107:\"sk_test_51POMStLaz1e579ovYHOMTdJfMJobNUwOkAu0VKv4vuKzwWYm486RmGZrRjvimOocYWyYXcyCih0nzhJ8F6LKdoam00Tct6eKFH\";s:7:\"apiBase\";N;}s:18:\"\0*\0_originalValues\";a:3:{s:23:\"allow_redisplay_filters\";a:1:{i:0;s:6:\"always\";}s:21:\"payment_method_remove\";N;s:19:\"payment_method_save\";N;}s:10:\"\0*\0_values\";a:3:{s:23:\"allow_redisplay_filters\";a:1:{i:0;s:6:\"always\";}s:21:\"payment_method_remove\";N;s:19:\"payment_method_save\";N;}s:17:\"\0*\0_unsavedValues\";O:15:\"Stripe\\Util\\Set\":1:{s:22:\"\0Stripe\\Util\\Set\0_elts\";a:0:{}}s:19:\"\0*\0_transientValues\";O:15:\"Stripe\\Util\\Set\":1:{s:22:\"\0Stripe\\Util\\Set\0_elts\";a:0:{}}s:19:\"\0*\0_retrieveOptions\";a:0:{}s:16:\"\0*\0_lastResponse\";N;}s:12:\"setup_intent\";N;s:27:\"shipping_address_collection\";N;s:13:\"shipping_cost\";N;s:16:\"shipping_details\";N;s:16:\"shipping_options\";a:0:{}s:6:\"status\";s:8:\"complete\";s:11:\"submit_type\";N;s:12:\"subscription\";s:28:\"sub_1PVvJJLaz1e579ovpmRH0lcY\";s:11:\"success_url\";s:110:\"https://staging.turbochargedathletics.com/register-success?session_id={CHECKOUT_SESSION_ID}&subscription_id=34\";s:13:\"total_details\";O:19:\"Stripe\\StripeObject\":7:{s:8:\"\0*\0_opts\";O:26:\"Stripe\\Util\\RequestOptions\":3:{s:7:\"headers\";a:0:{}s:6:\"apiKey\";s:107:\"sk_test_51POMStLaz1e579ovYHOMTdJfMJobNUwOkAu0VKv4vuKzwWYm486RmGZrRjvimOocYWyYXcyCih0nzhJ8F6LKdoam00Tct6eKFH\";s:7:\"apiBase\";N;}s:18:\"\0*\0_originalValues\";a:3:{s:15:\"amount_discount\";i:0;s:15:\"amount_shipping\";i:0;s:10:\"amount_tax\";i:0;}s:10:\"\0*\0_values\";a:3:{s:15:\"amount_discount\";i:0;s:15:\"amount_shipping\";i:0;s:10:\"amount_tax\";i:0;}s:17:\"\0*\0_unsavedValues\";O:15:\"Stripe\\Util\\Set\":1:{s:22:\"\0Stripe\\Util\\Set\0_elts\";a:0:{}}s:19:\"\0*\0_transientValues\";O:15:\"Stripe\\Util\\Set\":1:{s:22:\"\0Stripe\\Util\\Set\0_elts\";a:0:{}}s:19:\"\0*\0_retrieveOptions\";a:0:{}s:16:\"\0*\0_lastResponse\";N;}s:7:\"ui_mode\";s:6:\"hosted\";s:3:\"url\";N;}s:17:\"\0*\0_unsavedValues\";O:15:\"Stripe\\Util\\Set\":1:{s:22:\"\0Stripe\\Util\\Set\0_elts\";a:0:{}}s:19:\"\0*\0_transientValues\";O:15:\"Stripe\\Util\\Set\":1:{s:22:\"\0Stripe\\Util\\Set\0_elts\";a:0:{}}s:19:\"\0*\0_retrieveOptions\";a:0:{}s:16:\"\0*\0_lastResponse\";O:18:\"Stripe\\ApiResponse\":4:{s:7:\"headers\";O:32:\"Stripe\\Util\\CaseInsensitiveArray\":1:{s:43:\"\0Stripe\\Util\\CaseInsensitiveArray\0container\";a:21:{s:6:\"server\";s:5:\"nginx\";s:4:\"date\";s:29:\"Wed, 26 Jun 2024 12:50:58 GMT\";s:12:\"content-type\";s:16:\"application/json\";s:14:\"content-length\";s:4:\"2435\";s:32:\"access-control-allow-credentials\";s:4:\"true\";s:28:\"access-control-allow-methods\";s:30:\"GET,HEAD,PUT,PATCH,POST,DELETE\";s:27:\"access-control-allow-origin\";s:1:\"*\";s:29:\"access-control-expose-headers\";s:125:\"Request-Id, Stripe-Manage-Version, Stripe-Should-Retry, X-Stripe-External-Auth-Required, X-Stripe-Privileged-Session-Required\";s:22:\"access-control-max-age\";s:3:\"300\";s:13:\"cache-control\";s:18:\"no-cache, no-store\";s:23:\"content-security-policy\";s:257:\"report-uri https://q.stripe.com/csp-report?p=v1%2Fcheckout%2Fsessions%2F%3Asession; block-all-mixed-content; default-src \'none\'; base-uri \'none\'; form-action \'none\'; frame-ancestors \'none\'; img-src \'self\'; script-src \'self\' \'report-sample\'; style-src \'self\'\";s:38:\"cross-origin-opener-policy-report-only\";s:29:\"same-origin; report-to=\"coop\"\";s:9:\"report-to\";s:130:\"{\"group\":\"coop\",\"max_age\":8640,\"endpoints\":[{\"url\":\"https://q.stripe.com/coop-report?s=mono-bapi-srv\"}],\"include_subdomains\":true}\";s:19:\"reporting-endpoints\";s:55:\"coop=\"https://q.stripe.com/coop-report?s=mono-bapi-srv\"\";s:10:\"request-id\";s:18:\"req_yJH5Mg745xaH4h\";s:14:\"stripe-version\";s:10:\"2023-10-16\";s:4:\"vary\";s:6:\"Origin\";s:22:\"x-content-type-options\";s:7:\"nosniff\";s:33:\"x-stripe-priority-routing-enabled\";s:4:\"true\";s:38:\"x-stripe-routing-context-priority-tier\";s:12:\"api-testmode\";s:25:\"strict-transport-security\";s:44:\"max-age=63072000; includeSubDomains; preload\";}}s:4:\"body\";s:2435:\"{\n  \"id\": \"cs_test_a1znXnBxyG8oXsU5vbhGxZrrJsnPsoaznyDSWkBjEHDxmzd95VSowhvts1\",\n  \"object\": \"checkout.session\",\n  \"after_expiration\": null,\n  \"allow_promotion_codes\": null,\n  \"amount_subtotal\": 50000,\n  \"amount_total\": 50000,\n  \"automatic_tax\": {\n    \"enabled\": false,\n    \"liability\": null,\n    \"status\": null\n  },\n  \"billing_address_collection\": null,\n  \"cancel_url\": \"https://staging.turbochargedathletics.com/register-cancel\",\n  \"client_reference_id\": null,\n  \"client_secret\": null,\n  \"consent\": null,\n  \"consent_collection\": null,\n  \"created\": 1719406237,\n  \"currency\": \"usd\",\n  \"currency_conversion\": null,\n  \"custom_fields\": [],\n  \"custom_text\": {\n    \"after_submit\": null,\n    \"shipping_address\": null,\n    \"submit\": null,\n    \"terms_of_service_acceptance\": null\n  },\n  \"customer\": \"cus_QMecCJi1Uu2fMR\",\n  \"customer_creation\": \"always\",\n  \"customer_details\": {\n    \"address\": {\n      \"city\": null,\n      \"country\": \"IN\",\n      \"line1\": null,\n      \"line2\": null,\n      \"postal_code\": null,\n      \"state\": null\n    },\n    \"email\": \"test+1qq@gmail.com\",\n    \"name\": \"test\",\n    \"phone\": null,\n    \"tax_exempt\": \"none\",\n    \"tax_ids\": []\n  },\n  \"customer_email\": \"test+1qq@gmail.com\",\n  \"expires_at\": 1719492637,\n  \"invoice\": \"in_1PVvJJLaz1e579ovcBwfBbHu\",\n  \"invoice_creation\": null,\n  \"livemode\": false,\n  \"locale\": null,\n  \"metadata\": {},\n  \"mode\": \"subscription\",\n  \"payment_intent\": null,\n  \"payment_link\": null,\n  \"payment_method_collection\": \"always\",\n  \"payment_method_configuration_details\": null,\n  \"payment_method_options\": {\n    \"card\": {\n      \"request_three_d_secure\": \"automatic\"\n    }\n  },\n  \"payment_method_types\": [\n    \"card\"\n  ],\n  \"payment_status\": \"paid\",\n  \"phone_number_collection\": {\n    \"enabled\": false\n  },\n  \"recovered_from\": null,\n  \"saved_payment_method_options\": {\n    \"allow_redisplay_filters\": [\n      \"always\"\n    ],\n    \"payment_method_remove\": null,\n    \"payment_method_save\": null\n  },\n  \"setup_intent\": null,\n  \"shipping_address_collection\": null,\n  \"shipping_cost\": null,\n  \"shipping_details\": null,\n  \"shipping_options\": [],\n  \"status\": \"complete\",\n  \"submit_type\": null,\n  \"subscription\": \"sub_1PVvJJLaz1e579ovpmRH0lcY\",\n  \"success_url\": \"https://staging.turbochargedathletics.com/register-success?session_id={CHECKOUT_SESSION_ID}&subscription_id=34\",\n  \"total_details\": {\n    \"amount_discount\": 0,\n    \"amount_shipping\": 0,\n    \"amount_tax\": 0\n  },\n  \"ui_mode\": \"hosted\",\n  \"url\": null\n}\";s:4:\"json\";a:51:{s:2:\"id\";s:66:\"cs_test_a1znXnBxyG8oXsU5vbhGxZrrJsnPsoaznyDSWkBjEHDxmzd95VSowhvts1\";s:6:\"object\";s:16:\"checkout.session\";s:16:\"after_expiration\";N;s:21:\"allow_promotion_codes\";N;s:15:\"amount_subtotal\";i:50000;s:12:\"amount_total\";i:50000;s:13:\"automatic_tax\";a:3:{s:7:\"enabled\";b:0;s:9:\"liability\";N;s:6:\"status\";N;}s:26:\"billing_address_collection\";N;s:10:\"cancel_url\";s:57:\"https://staging.turbochargedathletics.com/register-cancel\";s:19:\"client_reference_id\";N;s:13:\"client_secret\";N;s:7:\"consent\";N;s:18:\"consent_collection\";N;s:7:\"created\";i:1719406237;s:8:\"currency\";s:3:\"usd\";s:19:\"currency_conversion\";N;s:13:\"custom_fields\";a:0:{}s:11:\"custom_text\";a:4:{s:12:\"after_submit\";N;s:16:\"shipping_address\";N;s:6:\"submit\";N;s:27:\"terms_of_service_acceptance\";N;}s:8:\"customer\";s:18:\"cus_QMecCJi1Uu2fMR\";s:17:\"customer_creation\";s:6:\"always\";s:16:\"customer_details\";a:6:{s:7:\"address\";a:6:{s:4:\"city\";N;s:7:\"country\";s:2:\"IN\";s:5:\"line1\";N;s:5:\"line2\";N;s:11:\"postal_code\";N;s:5:\"state\";N;}s:5:\"email\";s:18:\"test+1qq@gmail.com\";s:4:\"name\";s:4:\"test\";s:5:\"phone\";N;s:10:\"tax_exempt\";s:4:\"none\";s:7:\"tax_ids\";a:0:{}}s:14:\"customer_email\";s:18:\"test+1qq@gmail.com\";s:10:\"expires_at\";i:1719492637;s:7:\"invoice\";s:27:\"in_1PVvJJLaz1e579ovcBwfBbHu\";s:16:\"invoice_creation\";N;s:8:\"livemode\";b:0;s:6:\"locale\";N;s:8:\"metadata\";a:0:{}s:4:\"mode\";s:12:\"subscription\";s:14:\"payment_intent\";N;s:12:\"payment_link\";N;s:25:\"payment_method_collection\";s:6:\"always\";s:36:\"payment_method_configuration_details\";N;s:22:\"payment_method_options\";a:1:{s:4:\"card\";a:1:{s:22:\"request_three_d_secure\";s:9:\"automatic\";}}s:20:\"payment_method_types\";a:1:{i:0;s:4:\"card\";}s:14:\"payment_status\";s:4:\"paid\";s:23:\"phone_number_collection\";a:1:{s:7:\"enabled\";b:0;}s:14:\"recovered_from\";N;s:28:\"saved_payment_method_options\";a:3:{s:23:\"allow_redisplay_filters\";a:1:{i:0;s:6:\"always\";}s:21:\"payment_method_remove\";N;s:19:\"payment_method_save\";N;}s:12:\"setup_intent\";N;s:27:\"shipping_address_collection\";N;s:13:\"shipping_cost\";N;s:16:\"shipping_details\";N;s:16:\"shipping_options\";a:0:{}s:6:\"status\";s:8:\"complete\";s:11:\"submit_type\";N;s:12:\"subscription\";s:28:\"sub_1PVvJJLaz1e579ovpmRH0lcY\";s:11:\"success_url\";s:110:\"https://staging.turbochargedathletics.com/register-success?session_id={CHECKOUT_SESSION_ID}&subscription_id=34\";s:13:\"total_details\";a:3:{s:15:\"amount_discount\";i:0;s:15:\"amount_shipping\";i:0;s:10:\"amount_tax\";i:0;}s:7:\"ui_mode\";s:6:\"hosted\";s:3:\"url\";N;}s:4:\"code\";i:200;}s:14:\"saveWithParent\";b:0;}',	'active',	'2024-06-26 12:50:58',	'2024-06-26 12:50:58');

DROP TABLE IF EXISTS `water_tracker_goals`;
CREATE TABLE `water_tracker_goals` (
  `id` bigint(20) unsigned NOT NULL AUTO_INCREMENT,
  `goal` int(11) NOT NULL DEFAULT 0,
  `year` varchar(100) DEFAULT NULL,
  `type` enum('water') NOT NULL DEFAULT 'water',
  `status` enum('active','inactive','deleted') NOT NULL DEFAULT 'active',
  `user_id` bigint(20) unsigned NOT NULL,
  `created_by` bigint(20) unsigned NOT NULL,
  `updated_by` bigint(20) unsigned NOT NULL,
  `created_at` datetime DEFAULT NULL,
  `updated_at` datetime DEFAULT NULL,
  PRIMARY KEY (`id`)
) ENGINE=InnoDB AUTO_INCREMENT=9 DEFAULT CHARSET=utf8mb4 COLLATE=utf8mb4_general_ci;

INSERT INTO `water_tracker_goals` (`id`, `goal`, `year`, `type`, `status`, `user_id`, `created_by`, `updated_by`, `created_at`, `updated_at`) VALUES
(3,	64,	'2024',	'water',	'active',	2,	2,	2,	'2024-05-27 11:55:19',	'2024-05-27 11:55:19'),
(4,	8,	'2024',	'water',	'active',	71,	71,	71,	'2024-05-28 05:20:48',	'2024-06-13 13:00:20'),
(5,	64,	'2024',	'water',	'active',	75,	75,	75,	'2024-06-04 11:53:06',	'2024-06-04 11:54:09'),
(6,	64,	'2024',	'water',	'active',	76,	76,	76,	'2024-06-04 13:02:15',	'2024-06-04 13:02:15'),
(7,	9,	'2024',	'water',	'active',	104,	104,	104,	'2024-06-24 13:35:43',	'2024-06-24 13:37:28'),
(8,	64,	'2024',	'water',	'active',	106,	106,	106,	'2024-07-10 10:17:01',	'2024-07-10 10:17:01');

DROP TABLE IF EXISTS `water_tracker_goal_logs`;
CREATE TABLE `water_tracker_goal_logs` (
  `id` bigint(20) unsigned NOT NULL AUTO_INCREMENT,
  `water_value` int(11) NOT NULL DEFAULT 0,
  `date` date DEFAULT NULL,
  `status` enum('active','inactive','deleted') NOT NULL DEFAULT 'active',
  `user_id` bigint(20) unsigned NOT NULL,
  `water_tracker_goal_id` bigint(20) unsigned DEFAULT NULL,
  `created_by` bigint(20) unsigned NOT NULL,
  `updated_by` bigint(20) unsigned NOT NULL,
  `created_at` datetime NOT NULL,
  `updated_at` datetime NOT NULL,
  PRIMARY KEY (`id`)
) ENGINE=InnoDB AUTO_INCREMENT=25 DEFAULT CHARSET=utf8mb4 COLLATE=utf8mb4_general_ci;

INSERT INTO `water_tracker_goal_logs` (`id`, `water_value`, `date`, `status`, `user_id`, `water_tracker_goal_id`, `created_by`, `updated_by`, `created_at`, `updated_at`) VALUES
(1,	20,	'2024-05-27',	'active',	2,	3,	2,	2,	'2024-05-27 11:55:19',	'2024-05-27 11:55:19'),
(3,	80,	'2024-05-27',	'active',	71,	4,	71,	71,	'2024-05-28 05:20:48',	'2024-05-28 05:20:48'),
(4,	80,	'2024-05-28',	'active',	71,	4,	71,	71,	'2024-05-28 13:55:53',	'2024-05-28 13:55:53'),
(5,	140,	'2024-05-26',	'active',	71,	4,	71,	71,	'2024-05-28 10:06:33',	'2024-05-28 10:06:33'),
(6,	12,	'2031-05-02',	'active',	71,	4,	71,	71,	'2024-05-28 10:13:45',	'2024-05-28 10:13:45'),
(7,	55,	'2024-05-30',	'active',	2,	3,	2,	2,	'2024-05-30 05:45:57',	'2024-05-30 05:45:57'),
(8,	90,	'2024-05-30',	'active',	71,	4,	71,	71,	'2024-05-30 07:30:34',	'2024-05-30 07:30:34'),
(9,	4,	'2024-05-24',	'active',	71,	4,	71,	71,	'2024-06-06 11:48:30',	'2024-06-06 11:48:30'),
(10,	900,	'2024-06-03',	'active',	75,	5,	75,	75,	'2024-06-04 11:53:06',	'2024-06-04 11:53:06'),
(11,	999,	'2024-06-04',	'active',	75,	5,	75,	75,	'2024-06-04 11:53:24',	'2024-06-04 11:53:24'),
(12,	898,	'2024-06-04',	'active',	76,	6,	76,	76,	'2024-06-04 13:02:15',	'2024-06-04 13:02:15'),
(13,	50,	'2024-06-05',	'active',	71,	4,	71,	71,	'2024-06-05 06:19:53',	'2024-06-05 06:19:53'),
(14,	88,	'2024-06-06',	'active',	71,	4,	71,	71,	'2024-06-11 08:20:56',	'2024-06-11 08:20:56'),
(15,	88,	'2024-06-07',	'active',	71,	4,	71,	71,	'2024-06-11 08:13:20',	'2024-06-11 08:13:20'),
(16,	45,	'2024-06-11',	'active',	71,	4,	71,	71,	'2024-06-11 08:20:39',	'2024-06-11 08:20:39'),
(17,	121,	'2024-06-12',	'active',	71,	4,	71,	71,	'2024-06-13 13:00:12',	'2024-06-13 13:00:12'),
(18,	22,	'2024-06-13',	'active',	71,	4,	71,	71,	'2024-06-13 12:05:04',	'2024-06-13 12:05:04'),
(19,	16,	'2024-06-26',	'active',	104,	7,	104,	104,	'2024-06-24 13:35:43',	'2024-06-24 13:35:43'),
(20,	80,	'2024-06-24',	'active',	104,	7,	104,	104,	'2024-06-24 13:37:17',	'2024-06-24 13:37:17'),
(21,	158,	'2024-07-02',	'active',	71,	4,	71,	71,	'2024-07-02 12:41:49',	'2024-07-02 12:41:49'),
(22,	25,	'2024-07-05',	'active',	71,	4,	71,	71,	'2024-07-05 07:07:05',	'2024-07-05 07:07:05'),
(23,	25,	'2024-07-09',	'active',	71,	4,	71,	71,	'2024-07-09 13:12:48',	'2024-07-09 13:12:48'),
(24,	989,	'2024-07-10',	'active',	106,	8,	106,	106,	'2024-07-10 10:17:01',	'2024-07-10 10:17:01');

DROP TABLE IF EXISTS `workout_exercises`;
CREATE TABLE `workout_exercises` (
  `id` bigint(20) unsigned NOT NULL AUTO_INCREMENT,
  `name` varchar(255) CHARACTER SET utf8mb4 COLLATE utf8mb4_unicode_ci NOT NULL,
  `type` enum('exercise','workout') NOT NULL,
  `media_id` bigint(20) DEFAULT NULL,
  `video_url` varchar(255) CHARACTER SET utf8mb4 COLLATE utf8mb4_unicode_ci DEFAULT NULL,
  `no_of_reps` bigint(20) unsigned DEFAULT NULL,
  `description` varchar(255) CHARACTER SET utf8mb4 COLLATE utf8mb4_unicode_ci DEFAULT NULL,
  `days` varchar(255) CHARACTER SET utf8mb4 COLLATE utf8mb4_unicode_ci DEFAULT NULL,
  `status` enum('active','inactive','deleted') NOT NULL DEFAULT 'active',
  `created_by` bigint(20) unsigned NOT NULL,
  `updated_by` bigint(20) unsigned NOT NULL,
  `created_at` timestamp NOT NULL DEFAULT current_timestamp(),
  `updated_at` timestamp NOT NULL DEFAULT current_timestamp(),
  PRIMARY KEY (`id`)
) ENGINE=InnoDB AUTO_INCREMENT=25 DEFAULT CHARSET=utf8mb4 COLLATE=utf8mb4_general_ci;

INSERT INTO `workout_exercises` (`id`, `name`, `type`, `media_id`, `video_url`, `no_of_reps`, `description`, `days`, `status`, `created_by`, `updated_by`, `created_at`, `updated_at`) VALUES
(10,	'Pooko',	'exercise',	0,	'null',	0,	'<p>sdg</p>',	NULL,	'active',	1,	1,	'2024-07-01 07:01:14',	'2024-07-01 07:01:14'),
(11,	'Test',	'workout',	0,	NULL,	3,	'null',	NULL,	'deleted',	71,	71,	'2024-07-01 07:28:43',	'2024-07-01 12:13:18'),
(12,	'Test',	'exercise',	0,	'null',	0,	'null',	NULL,	'active',	71,	71,	'2024-07-01 07:58:34',	'2024-07-01 07:59:39'),
(13,	'Testing',	'exercise',	181,	'https://test.com',	0,	'<p>There are many variations of passages of Lorem Ipsum available, but the majority have suffered alteration in some form, by injected humour, or randomised words which don\'t look even slightly believable. If you are going to use a passage of Lorem Ipsum,',	'',	'active',	71,	71,	'2024-07-01 08:04:03',	'2024-07-10 10:18:39'),
(14,	'TESTING',	'workout',	0,	NULL,	2,	'null',	'[\"tuesday\",\"thursday\"]',	'deleted',	71,	1,	'2024-07-01 11:00:36',	'2024-07-01 12:14:56'),
(15,	'Pooko',	'workout',	0,	'',	0,	'',	'',	'active',	1,	1,	'2024-07-01 12:14:47',	'2024-07-01 12:14:47'),
(16,	'dee',	'workout',	0,	'',	5,	'',	'',	'active',	1,	1,	'2024-07-01 12:15:09',	'2024-07-01 12:15:09'),
(17,	'Pooko',	'exercise',	0,	'',	0,	'',	'',	'active',	1,	1,	'2024-07-01 12:16:01',	'2024-07-01 12:16:01'),
(18,	'test',	'exercise',	0,	'',	0,	'',	'',	'active',	105,	105,	'2024-07-01 13:09:35',	'2024-07-01 13:09:35'),
(19,	'test',	'workout',	0,	NULL,	0,	'<p>test</p>',	'[\"tuesday\"]',	'active',	105,	105,	'2024-07-01 13:11:24',	'2024-07-01 13:12:23'),
(20,	'Exercise *1',	'exercise',	0,	'https://www.youtube.com/watch?v=9VsEAEX6C9Q',	9,	'<p><em><strong><span style=\"text-decoration: line-through;\">Testing Description</span></strong></em></p>',	'',	'deleted',	100,	100,	'2024-07-02 08:06:33',	'2024-07-02 11:19:00'),
(21,	'Workout *1',	'workout',	0,	'',	2,	'<p>Testing Description</p>',	'[\"monday\"]',	'active',	100,	100,	'2024-07-02 08:07:25',	'2024-07-02 08:07:25'),
(22,	'test1',	'exercise',	188,	'https://test.com',	1,	'<p>Where can I get some? There are many variations of passages of Lorem Ipsum available, but the majority have suffered alteration in some form, by injected humour, or randomised words which don\'t look even slightly believable.</p>',	'',	'active',	71,	71,	'2024-07-03 05:05:18',	'2024-07-10 10:17:22'),
(23,	'Test',	'workout',	189,	'',	5,	'<p>Test</p>',	'[\"wednesday\",\"thursday\"]',	'active',	71,	71,	'2024-07-03 05:07:01',	'2024-07-03 05:07:01'),
(24,	'Ashna Khan',	'workout',	0,	'',	0,	'<p>aswdgthjk dertyuik er4y6ul&nbsp; &nbsp;</p>',	'',	'active',	1,	1,	'2024-07-03 09:57:09',	'2024-07-03 09:57:09');

DROP TABLE IF EXISTS `workout_exercise_age_ranges`;
CREATE TABLE `workout_exercise_age_ranges` (
  `id` bigint(20) unsigned NOT NULL AUTO_INCREMENT,
  `age_range_id` bigint(20) unsigned DEFAULT NULL,
  `workout_exercise_id` bigint(20) unsigned NOT NULL,
  `status` enum('active','inactive','deleted') NOT NULL DEFAULT 'active',
  `created_by` bigint(20) DEFAULT NULL,
  `updated_by` bigint(20) DEFAULT NULL,
  `created_at` timestamp NOT NULL DEFAULT current_timestamp(),
  `updated_at` timestamp NOT NULL DEFAULT current_timestamp(),
  PRIMARY KEY (`id`)
) ENGINE=InnoDB AUTO_INCREMENT=75 DEFAULT CHARSET=utf8mb4 COLLATE=utf8mb4_general_ci;

INSERT INTO `workout_exercise_age_ranges` (`id`, `age_range_id`, `workout_exercise_id`, `status`, `created_by`, `updated_by`, `created_at`, `updated_at`) VALUES
(25,	2,	10,	'active',	1,	1,	'2024-07-01 07:01:14',	'2024-07-01 07:01:14'),
(29,	3,	12,	'active',	71,	71,	'2024-07-01 07:59:39',	'2024-07-01 07:59:39'),
(41,	2,	11,	'active',	71,	71,	'2024-07-01 10:10:49',	'2024-07-01 10:10:49'),
(46,	2,	14,	'active',	1,	1,	'2024-07-01 12:13:24',	'2024-07-01 12:13:24'),
(47,	2,	15,	'active',	1,	1,	'2024-07-01 12:14:47',	'2024-07-01 12:14:47'),
(48,	1,	16,	'active',	1,	1,	'2024-07-01 12:15:09',	'2024-07-01 12:15:09'),
(49,	1,	17,	'active',	1,	1,	'2024-07-01 12:16:01',	'2024-07-01 12:16:01'),
(50,	2,	18,	'active',	105,	105,	'2024-07-01 13:09:35',	'2024-07-01 13:09:35'),
(52,	1,	19,	'active',	105,	105,	'2024-07-01 13:12:23',	'2024-07-01 13:12:23'),
(53,	1,	20,	'active',	100,	100,	'2024-07-02 08:06:33',	'2024-07-02 08:06:33'),
(54,	2,	20,	'active',	100,	100,	'2024-07-02 08:06:33',	'2024-07-02 08:06:33'),
(55,	1,	21,	'active',	100,	100,	'2024-07-02 08:07:25',	'2024-07-02 08:07:25'),
(56,	4,	21,	'active',	100,	100,	'2024-07-02 08:07:25',	'2024-07-02 08:07:25'),
(59,	1,	23,	'active',	71,	71,	'2024-07-03 05:07:01',	'2024-07-03 05:07:01'),
(60,	3,	23,	'active',	71,	71,	'2024-07-03 05:07:01',	'2024-07-03 05:07:01'),
(61,	1,	24,	'active',	1,	1,	'2024-07-03 09:57:09',	'2024-07-03 09:57:09'),
(72,	1,	22,	'active',	71,	71,	'2024-07-10 10:17:22',	'2024-07-10 10:17:22'),
(73,	3,	22,	'active',	71,	71,	'2024-07-10 10:17:22',	'2024-07-10 10:17:22'),
(74,	1,	13,	'active',	71,	71,	'2024-07-10 10:18:39',	'2024-07-10 10:18:39');

DROP TABLE IF EXISTS `workout_exercise_categories`;
CREATE TABLE `workout_exercise_categories` (
  `id` bigint(20) unsigned NOT NULL AUTO_INCREMENT,
  `category_id` bigint(20) unsigned NOT NULL,
  `workout_exercise_id` bigint(20) unsigned NOT NULL,
  `status` enum('active','inactive','deleted') NOT NULL DEFAULT 'active',
  `created_by` bigint(20) DEFAULT NULL,
  `updated_by` bigint(20) DEFAULT NULL,
  `created_at` timestamp NOT NULL DEFAULT current_timestamp(),
  `updated_at` timestamp NOT NULL DEFAULT current_timestamp(),
  PRIMARY KEY (`id`)
) ENGINE=InnoDB AUTO_INCREMENT=88 DEFAULT CHARSET=utf8mb4 COLLATE=utf8mb4_general_ci;

INSERT INTO `workout_exercise_categories` (`id`, `category_id`, `workout_exercise_id`, `status`, `created_by`, `updated_by`, `created_at`, `updated_at`) VALUES
(27,	2,	10,	'active',	1,	1,	'2024-07-01 07:01:14',	'2024-07-01 07:01:14'),
(33,	2,	12,	'active',	71,	71,	'2024-07-01 07:59:39',	'2024-07-01 07:59:39'),
(34,	3,	12,	'active',	71,	71,	'2024-07-01 07:59:39',	'2024-07-01 07:59:39'),
(46,	3,	11,	'active',	71,	71,	'2024-07-01 10:10:49',	'2024-07-01 10:10:49'),
(55,	2,	14,	'active',	1,	1,	'2024-07-01 12:13:24',	'2024-07-01 12:13:24'),
(56,	3,	14,	'active',	1,	1,	'2024-07-01 12:13:24',	'2024-07-01 12:13:24'),
(57,	5,	14,	'active',	1,	1,	'2024-07-01 12:13:24',	'2024-07-01 12:13:24'),
(58,	2,	15,	'active',	1,	1,	'2024-07-01 12:14:47',	'2024-07-01 12:14:47'),
(59,	1,	16,	'active',	1,	1,	'2024-07-01 12:15:09',	'2024-07-01 12:15:09'),
(60,	3,	17,	'active',	1,	1,	'2024-07-01 12:16:01',	'2024-07-01 12:16:01'),
(61,	3,	18,	'active',	105,	105,	'2024-07-01 13:09:35',	'2024-07-01 13:09:35'),
(62,	5,	18,	'active',	105,	105,	'2024-07-01 13:09:35',	'2024-07-01 13:09:35'),
(64,	2,	19,	'active',	105,	105,	'2024-07-01 13:12:23',	'2024-07-01 13:12:23'),
(65,	2,	20,	'active',	100,	100,	'2024-07-02 08:06:33',	'2024-07-02 08:06:33'),
(66,	5,	20,	'active',	100,	100,	'2024-07-02 08:06:33',	'2024-07-02 08:06:33'),
(67,	1,	21,	'active',	100,	100,	'2024-07-02 08:07:25',	'2024-07-02 08:07:25'),
(68,	7,	21,	'active',	100,	100,	'2024-07-02 08:07:25',	'2024-07-02 08:07:25'),
(71,	1,	23,	'active',	71,	71,	'2024-07-03 05:07:01',	'2024-07-03 05:07:01'),
(72,	2,	23,	'active',	71,	71,	'2024-07-03 05:07:01',	'2024-07-03 05:07:01'),
(73,	5,	23,	'active',	71,	71,	'2024-07-03 05:07:01',	'2024-07-03 05:07:01'),
(74,	1,	24,	'active',	1,	1,	'2024-07-03 09:57:09',	'2024-07-03 09:57:09'),
(85,	2,	22,	'active',	71,	71,	'2024-07-10 10:17:22',	'2024-07-10 10:17:22'),
(86,	5,	22,	'active',	71,	71,	'2024-07-10 10:17:22',	'2024-07-10 10:17:22'),
(87,	2,	13,	'active',	71,	71,	'2024-07-10 10:18:39',	'2024-07-10 10:18:39');

DROP TABLE IF EXISTS `workout_exercise_difficulties`;
CREATE TABLE `workout_exercise_difficulties` (
  `id` bigint(20) unsigned NOT NULL AUTO_INCREMENT,
  `difficulty_id` bigint(20) unsigned NOT NULL,
  `workout_exercise_id` bigint(20) unsigned NOT NULL,
  `status` enum('active','inactive','deleted') NOT NULL DEFAULT 'active',
  `created_by` bigint(20) DEFAULT NULL,
  `updated_by` bigint(20) DEFAULT NULL,
  `created_at` timestamp NOT NULL DEFAULT current_timestamp(),
  `updated_at` timestamp NOT NULL DEFAULT current_timestamp(),
  PRIMARY KEY (`id`)
) ENGINE=InnoDB AUTO_INCREMENT=82 DEFAULT CHARSET=utf8mb4 COLLATE=utf8mb4_general_ci;

INSERT INTO `workout_exercise_difficulties` (`id`, `difficulty_id`, `workout_exercise_id`, `status`, `created_by`, `updated_by`, `created_at`, `updated_at`) VALUES
(29,	9,	10,	'active',	1,	1,	'2024-07-01 07:01:14',	'2024-07-01 07:01:14'),
(42,	9,	11,	'active',	71,	71,	'2024-07-01 10:10:49',	'2024-07-01 10:10:49'),
(47,	9,	14,	'active',	1,	1,	'2024-07-01 12:13:24',	'2024-07-01 12:13:24'),
(48,	9,	15,	'active',	1,	1,	'2024-07-01 12:14:47',	'2024-07-01 12:14:47'),
(49,	9,	16,	'active',	1,	1,	'2024-07-01 12:15:09',	'2024-07-01 12:15:09'),
(51,	11,	19,	'active',	105,	105,	'2024-07-01 13:12:23',	'2024-07-01 13:12:23'),
(52,	11,	20,	'active',	100,	100,	'2024-07-02 08:06:33',	'2024-07-02 08:06:33'),
(53,	12,	20,	'active',	100,	100,	'2024-07-02 08:06:33',	'2024-07-02 08:06:33'),
(54,	10,	21,	'active',	100,	100,	'2024-07-02 08:07:25',	'2024-07-02 08:07:25'),
(55,	12,	21,	'active',	100,	100,	'2024-07-02 08:07:25',	'2024-07-02 08:07:25'),
(59,	9,	23,	'active',	71,	71,	'2024-07-03 05:07:01',	'2024-07-03 05:07:01'),
(60,	10,	23,	'active',	71,	71,	'2024-07-03 05:07:01',	'2024-07-03 05:07:01'),
(61,	12,	23,	'active',	71,	71,	'2024-07-03 05:07:01',	'2024-07-03 05:07:01'),
(62,	6,	24,	'active',	1,	1,	'2024-07-03 09:57:09',	'2024-07-03 09:57:09'),
(78,	10,	22,	'active',	71,	71,	'2024-07-10 10:17:22',	'2024-07-10 10:17:22'),
(79,	11,	22,	'active',	71,	71,	'2024-07-10 10:17:22',	'2024-07-10 10:17:22'),
(80,	12,	22,	'active',	71,	71,	'2024-07-10 10:17:22',	'2024-07-10 10:17:22'),
(81,	9,	13,	'active',	71,	71,	'2024-07-10 10:18:39',	'2024-07-10 10:18:39');

DROP TABLE IF EXISTS `workout_exercise_equipments`;
CREATE TABLE `workout_exercise_equipments` (
  `id` bigint(20) unsigned NOT NULL AUTO_INCREMENT,
  `equipment_id` bigint(20) unsigned DEFAULT NULL,
  `workout_exercise_id` bigint(20) unsigned NOT NULL,
  `status` enum('active','inactive','deleted') NOT NULL DEFAULT 'active',
  `created_by` bigint(20) DEFAULT NULL,
  `updated_by` bigint(20) DEFAULT NULL,
  `created_at` timestamp NOT NULL DEFAULT current_timestamp(),
  `updated_at` timestamp NOT NULL DEFAULT current_timestamp(),
  PRIMARY KEY (`id`)
) ENGINE=InnoDB AUTO_INCREMENT=33 DEFAULT CHARSET=utf8mb4 COLLATE=utf8mb4_general_ci;

INSERT INTO `workout_exercise_equipments` (`id`, `equipment_id`, `workout_exercise_id`, `status`, `created_by`, `updated_by`, `created_at`, `updated_at`) VALUES
(7,	1,	10,	'active',	1,	1,	'2024-07-01 07:01:14',	'2024-07-01 07:01:14'),
(15,	1,	20,	'active',	100,	100,	'2024-07-02 08:06:33',	'2024-07-02 08:06:33'),
(16,	3,	20,	'active',	100,	100,	'2024-07-02 08:06:33',	'2024-07-02 08:06:33'),
(29,	1,	22,	'active',	71,	71,	'2024-07-10 10:17:22',	'2024-07-10 10:17:22'),
(30,	3,	22,	'active',	71,	71,	'2024-07-10 10:17:22',	'2024-07-10 10:17:22'),
(31,	1,	13,	'active',	71,	71,	'2024-07-10 10:18:39',	'2024-07-10 10:18:39'),
(32,	3,	13,	'active',	71,	71,	'2024-07-10 10:18:39',	'2024-07-10 10:18:39');

DROP TABLE IF EXISTS `workout_exercise_sports`;
CREATE TABLE `workout_exercise_sports` (
  `id` bigint(20) unsigned NOT NULL AUTO_INCREMENT,
  `sport_id` bigint(20) unsigned NOT NULL,
  `workout_exercise_id` bigint(20) unsigned NOT NULL,
  `status` enum('active','inactive','deleted') NOT NULL DEFAULT 'active',
  `created_by` bigint(20) DEFAULT NULL,
  `updated_by` bigint(20) DEFAULT NULL,
  `created_at` timestamp NOT NULL DEFAULT current_timestamp(),
  `updated_at` timestamp NOT NULL DEFAULT current_timestamp(),
  PRIMARY KEY (`id`)
) ENGINE=InnoDB AUTO_INCREMENT=97 DEFAULT CHARSET=utf8mb4 COLLATE=utf8mb4_general_ci;

INSERT INTO `workout_exercise_sports` (`id`, `sport_id`, `workout_exercise_id`, `status`, `created_by`, `updated_by`, `created_at`, `updated_at`) VALUES
(47,	2,	10,	'active',	1,	1,	'2024-07-01 07:01:14',	'2024-07-01 07:01:14'),
(60,	3,	11,	'active',	71,	71,	'2024-07-01 10:10:49',	'2024-07-01 10:10:49'),
(65,	2,	14,	'active',	1,	1,	'2024-07-01 12:13:24',	'2024-07-01 12:13:24'),
(66,	2,	15,	'active',	1,	1,	'2024-07-01 12:14:47',	'2024-07-01 12:14:47'),
(67,	2,	19,	'active',	105,	105,	'2024-07-01 13:12:23',	'2024-07-01 13:12:23'),
(68,	2,	20,	'active',	100,	100,	'2024-07-02 08:06:33',	'2024-07-02 08:06:33'),
(69,	4,	20,	'active',	100,	100,	'2024-07-02 08:06:33',	'2024-07-02 08:06:33'),
(70,	2,	21,	'active',	100,	100,	'2024-07-02 08:07:25',	'2024-07-02 08:07:25'),
(71,	7,	21,	'active',	100,	100,	'2024-07-02 08:07:25',	'2024-07-02 08:07:25'),
(75,	2,	23,	'active',	71,	71,	'2024-07-03 05:07:01',	'2024-07-03 05:07:01'),
(76,	4,	23,	'active',	71,	71,	'2024-07-03 05:07:01',	'2024-07-03 05:07:01'),
(77,	7,	23,	'active',	71,	71,	'2024-07-03 05:07:01',	'2024-07-03 05:07:01'),
(93,	2,	22,	'active',	71,	71,	'2024-07-10 10:17:22',	'2024-07-10 10:17:22'),
(94,	3,	22,	'active',	71,	71,	'2024-07-10 10:17:22',	'2024-07-10 10:17:22'),
(95,	4,	22,	'active',	71,	71,	'2024-07-10 10:17:22',	'2024-07-10 10:17:22'),
(96,	3,	13,	'active',	71,	71,	'2024-07-10 10:18:39',	'2024-07-10 10:18:39');

-- 2024-07-11 07:20:12
